date,city,pollutant,value
2025-02-19T00:00:00+05:30,Delhi,pm25,77.7
2025-02-20T00:00:00+05:30,Delhi,pm25,49.0
2025-02-21T00:00:00+05:30,Delhi,pm25,91.0
2025-02-22T00:00:00+05:30,Delhi,pm25,69.0
2025-02-23T00:00:00+05:30,Delhi,pm25,74.0
2025-02-24T00:00:00+05:30,Delhi,pm25,100.0
2025-02-25T00:00:00+05:30,Delhi,pm25,101.0
2025-02-26T00:00:00+05:30,Delhi,pm25,119.0
2025-02-27T00:00:00+05:30,Delhi,pm25,66.7
2025-02-28T00:00:00+05:30,Delhi,pm25,56.8
2025-03-01T00:00:00+05:30,Delhi,pm25,59.9
2025-03-03T00:00:00+05:30,Delhi,pm25,52.1
2025-03-04T00:00:00+05:30,Delhi,pm25,49.4
2025-03-05T00:00:00+05:30,Delhi,pm25,28.9
2025-03-06T00:00:00+05:30,Delhi,pm25,53.0
2025-03-07T00:00:00+05:30,Delhi,pm25,87.4
2025-03-08T00:00:00+05:30,Delhi,pm25,81.7
2025-03-09T00:00:00+05:30,Delhi,pm25,103.0
2025-03-10T00:00:00+05:30,Delhi,pm25,91.0
2025-03-11T00:00:00+05:30,Delhi,pm25,129.0
2025-03-12T00:00:00+05:30,Delhi,pm25,121.0
2025-03-13T00:00:00+05:30,Delhi,pm25,87.7
2025-03-14T00:00:00+05:30,Delhi,pm25,80.9
2025-03-15T00:00:00+05:30,Delhi,pm25,34.7
2025-03-16T00:00:00+05:30,Delhi,pm25,46.0
2025-03-17T00:00:00+05:30,Delhi,pm25,56.9
2025-03-18T00:00:00+05:30,Delhi,pm25,68.9
2025-03-19T00:00:00+05:30,Delhi,pm25,76.7
2025-03-20T00:00:00+05:30,Delhi,pm25,67.3
2025-03-21T00:00:00+05:30,Delhi,pm25,89.6
2025-03-22T00:00:00+05:30,Delhi,pm25,83.7
2025-03-23T00:00:00+05:30,Delhi,pm25,75.8
2025-03-24T00:00:00+05:30,Delhi,pm25,92.9
2025-03-25T00:00:00+05:30,Delhi,pm25,102.0
2025-03-26T00:00:00+05:30,Delhi,pm25,104.0
2025-03-27T00:00:00+05:30,Delhi,pm25,92.3
2025-03-28T00:00:00+05:30,Delhi,pm25,59.9
2025-03-29T00:00:00+05:30,Delhi,pm25,47.6
2025-03-30T00:00:00+05:30,Delhi,pm25,46.0
2025-04-01T00:00:00+05:30,Delhi,pm25,85.4
2025-04-02T00:00:00+05:30,Delhi,pm25,118.0
2025-04-03T00:00:00+05:30,Delhi,pm25,81.2
2025-04-04T00:00:00+05:30,Delhi,pm25,78.2
2025-04-05T00:00:00+05:30,Delhi,pm25,78.1
2025-04-06T00:00:00+05:30,Delhi,pm25,115.0
2025-04-07T00:00:00+05:30,Delhi,pm25,112.0
2025-04-08T00:00:00+05:30,Delhi,pm25,105.0
2025-04-09T00:00:00+05:30,Delhi,pm25,108.0
2025-04-11T00:00:00+05:30,Delhi,pm25,38.3
2025-04-12T00:00:00+05:30,Delhi,pm25,42.5
2025-04-13T00:00:00+05:30,Delhi,pm25,63.4
2025-04-14T00:00:00+05:30,Delhi,pm25,108.0
2025-04-15T00:00:00+05:30,Delhi,pm25,67.2
2025-04-16T00:00:00+05:30,Delhi,pm25,70.1
2025-04-17T00:00:00+05:30,Delhi,pm25,81.5
2025-04-18T00:00:00+05:30,Delhi,pm25,75.0
2025-04-19T00:00:00+05:30,Delhi,pm25,50.4
2025-04-20T00:00:00+05:30,Delhi,pm25,68.4
2025-04-21T00:00:00+05:30,Delhi,pm25,72.9
2025-04-22T00:00:00+05:30,Delhi,pm25,70.2
2025-04-23T00:00:00+05:30,Delhi,pm25,85.8
2025-04-24T00:00:00+05:30,Delhi,pm25,109.0
2025-04-25T00:00:00+05:30,Delhi,pm25,92.6
2025-04-26T00:00:00+05:30,Delhi,pm25,102.0
2025-04-27T00:00:00+05:30,Delhi,pm25,91.0
2025-04-28T00:00:00+05:30,Delhi,pm25,113.0
2025-04-30T00:00:00+05:30,Delhi,pm25,73.0
2025-05-01T00:00:00+05:30,Delhi,pm25,75.6
2025-05-02T00:00:00+05:30,Delhi,pm25,53.5
2025-05-03T00:00:00+05:30,Delhi,pm25,84.8
2025-05-04T00:00:00+05:30,Delhi,pm25,100.0
2025-05-05T00:00:00+05:30,Delhi,pm25,44.3
2025-05-06T00:00:00+05:30,Delhi,pm25,60.3
2025-05-07T00:00:00+05:30,Delhi,pm25,59.1
2025-05-08T00:00:00+05:30,Delhi,pm25,83.3
2025-05-09T00:00:00+05:30,Delhi,pm25,73.0
2025-05-10T00:00:00+05:30,Delhi,pm25,97.3
2025-05-11T00:00:00+05:30,Delhi,pm25,68.2
2025-05-12T00:00:00+05:30,Delhi,pm25,58.1
2025-05-13T00:00:00+05:30,Delhi,pm25,33.1
2025-05-14T00:00:00+05:30,Delhi,pm25,61.7
2025-05-15T00:00:00+05:30,Delhi,pm25,244.0
2025-05-16T00:00:00+05:30,Delhi,pm25,91.1
2025-05-17T00:00:00+05:30,Delhi,pm25,41.9
2025-05-18T00:00:00+05:30,Delhi,pm25,61.7
2025-05-19T00:00:00+05:30,Delhi,pm25,82.7
2025-05-20T00:00:00+05:30,Delhi,pm25,75.9
2025-05-21T00:00:00+05:30,Delhi,pm25,72.0
2025-05-22T00:00:00+05:30,Delhi,pm25,28.0
2025-05-23T00:00:00+05:30,Delhi,pm25,47.8
2025-05-24T00:00:00+05:30,Delhi,pm25,61.2
2025-05-25T00:00:00+05:30,Delhi,pm25,24.1
2025-05-26T00:00:00+05:30,Delhi,pm25,56.3
2025-05-27T00:00:00+05:30,Delhi,pm25,56.6
2025-05-28T00:00:00+05:30,Delhi,pm25,74.1
2025-05-29T00:00:00+05:30,Delhi,pm25,63.5
2025-05-30T00:00:00+05:30,Delhi,pm25,68.7
2025-06-01T00:00:00+05:30,Delhi,pm25,52.0
2025-06-02T00:00:00+05:30,Delhi,pm25,45.1
2025-06-03T00:00:00+05:30,Delhi,pm25,53.3
2025-06-04T00:00:00+05:30,Delhi,pm25,52.3
2025-06-05T00:00:00+05:30,Delhi,pm25,43.1
2025-06-06T00:00:00+05:30,Delhi,pm25,62.0
2025-06-07T00:00:00+05:30,Delhi,pm25,89.4
2025-06-08T00:00:00+05:30,Delhi,pm25,74.3
2025-06-09T00:00:00+05:30,Delhi,pm25,64.1
2025-06-10T00:00:00+05:30,Delhi,pm25,57.4
2025-06-11T00:00:00+05:30,Delhi,pm25,70.7
2025-06-12T00:00:00+05:30,Delhi,pm25,70.6
2025-06-13T00:00:00+05:30,Delhi,pm25,56.9
2025-06-14T00:00:00+05:30,Delhi,pm25,64.1
2025-06-15T00:00:00+05:30,Delhi,pm25,68.2
2025-06-16T00:00:00+05:30,Delhi,pm25,38.4
2025-06-17T00:00:00+05:30,Delhi,pm25,38.7
2025-06-18T00:00:00+05:30,Delhi,pm25,45.4
2025-06-19T00:00:00+05:30,Delhi,pm25,28.9
2025-06-20T00:00:00+05:30,Delhi,pm25,30.5
2025-06-21T00:00:00+05:30,Delhi,pm25,40.4
2025-06-22T00:00:00+05:30,Delhi,pm25,40.3
2025-06-23T00:00:00+05:30,Delhi,pm25,49.7
2025-06-24T00:00:00+05:30,Delhi,pm25,75.7
2025-06-25T00:00:00+05:30,Delhi,pm25,72.3
2025-06-26T00:00:00+05:30,Delhi,pm25,32.5
2025-06-27T00:00:00+05:30,Delhi,pm25,20.4
2025-06-28T00:00:00+05:30,Delhi,pm25,36.0
2025-06-29T00:00:00+05:30,Delhi,pm25,71.0
2025-06-30T00:00:00+05:30,Delhi,pm25,51.0
2025-07-01T00:00:00+05:30,Delhi,pm25,34.4
2025-07-02T00:00:00+05:30,Delhi,pm25,28.2
2025-07-03T00:00:00+05:30,Delhi,pm25,37.5
2025-07-04T00:00:00+05:30,Delhi,pm25,56.7
2025-07-05T00:00:00+05:30,Delhi,pm25,179.0
2025-07-06T00:00:00+05:30,Delhi,pm25,71.7
2025-07-07T00:00:00+05:30,Delhi,pm25,51.0
2025-07-08T00:00:00+05:30,Delhi,pm25,104.0
2025-07-09T00:00:00+05:30,Delhi,pm25,51.3
2025-07-10T00:00:00+05:30,Delhi,pm25,78.8
2025-07-11T00:00:00+05:30,Delhi,pm25,233.0
2025-07-12T00:00:00+05:30,Delhi,pm25,28.5
2025-07-13T00:00:00+05:30,Delhi,pm25,51.3
2025-07-14T00:00:00+05:30,Delhi,pm25,30.8
2025-07-15T00:00:00+05:30,Delhi,pm25,28.9
2025-07-16T00:00:00+05:30,Delhi,pm25,39.7
2025-07-17T00:00:00+05:30,Delhi,pm25,36.6
2025-07-18T00:00:00+05:30,Delhi,pm25,31.4
2025-07-19T00:00:00+05:30,Delhi,pm25,26.7
2025-07-20T00:00:00+05:30,Delhi,pm25,31.5
2025-07-21T00:00:00+05:30,Delhi,pm25,47.7
2025-07-22T00:00:00+05:30,Delhi,pm25,54.9
2025-07-23T00:00:00+05:30,Delhi,pm25,35.9
2025-07-24T00:00:00+05:30,Delhi,pm25,45.4
2025-07-25T00:00:00+05:30,Delhi,pm25,51.5
2025-07-26T00:00:00+05:30,Delhi,pm25,35.2
2025-07-27T00:00:00+05:30,Delhi,pm25,33.1
2025-07-28T00:00:00+05:30,Delhi,pm25,51.0
2025-07-29T00:00:00+05:30,Delhi,pm25,37.5
2025-07-30T00:00:00+05:30,Delhi,pm25,39.7
2025-08-01T00:00:00+05:30,Delhi,pm25,32.9
2025-08-02T00:00:00+05:30,Delhi,pm25,41.2
2025-08-03T00:00:00+05:30,Delhi,pm25,41.8
2025-08-04T00:00:00+05:30,Delhi,pm25,37.4
2025-08-05T00:00:00+05:30,Delhi,pm25,31.3
2025-08-06T00:00:00+05:30,Delhi,pm25,42.8
2025-08-07T00:00:00+05:30,Delhi,pm25,31.9
2025-08-08T00:00:00+05:30,Delhi,pm25,30.8
2025-08-09T00:00:00+05:30,Delhi,pm25,46.1
2025-08-10T00:00:00+05:30,Delhi,pm25,42.8
2025-08-11T00:00:00+05:30,Delhi,pm25,40.7
2025-08-12T00:00:00+05:30,Delhi,pm25,43.1
2025-08-13T00:00:00+05:30,Delhi,pm25,44.6
2025-08-14T00:00:00+05:30,Delhi,pm25,30.2
2025-08-15T00:00:00+05:30,Delhi,pm25,59.9
2025-08-16T00:00:00+05:30,Delhi,pm25,56.6
2025-08-17T00:00:00+05:30,Delhi,pm25,42.4
2025-08-18T00:00:00+05:30,Delhi,pm25,42.3
2025-08-19T00:00:00+05:30,Delhi,pm25,31.6
2025-08-20T00:00:00+05:30,Delhi,pm25,23.6
2025-08-21T00:00:00+05:30,Delhi,pm25,31.8
2025-08-22T00:00:00+05:30,Delhi,pm25,58.1
2025-08-23T00:00:00+05:30,Delhi,pm25,36.4
2025-08-24T00:00:00+05:30,Delhi,pm25,28.0
2025-08-25T00:00:00+05:30,Delhi,pm25,29.7
2025-08-26T00:00:00+05:30,Delhi,pm25,24.8
2025-08-27T00:00:00+05:30,Delhi,pm25,43.6
2025-08-28T00:00:00+05:30,Delhi,pm25,80.5
2025-08-29T00:00:00+05:30,Delhi,pm25,71.5
2025-08-30T00:00:00+05:30,Delhi,pm25,42.2
2025-08-31T00:00:00+05:30,Delhi,pm25,36.1
2025-09-01T00:00:00+05:30,Delhi,pm25,18.7
2025-09-02T00:00:00+05:30,Delhi,pm25,19.2
2025-09-03T00:00:00+05:30,Delhi,pm25,28.5
2025-09-04T00:00:00+05:30,Delhi,pm25,34.2
2025-09-05T00:00:00+05:30,Delhi,pm25,29.8
2025-09-06T00:00:00+05:30,Delhi,pm25,37.1
2025-09-07T00:00:00+05:30,Delhi,pm25,33.4
2025-09-08T00:00:00+05:30,Delhi,pm25,34.5
2025-09-09T00:00:00+05:30,Delhi,pm25,24.9
2025-09-10T00:00:00+05:30,Delhi,pm25,29.1
2025-09-11T00:00:00+05:30,Delhi,pm25,30.6
2025-09-12T00:00:00+05:30,Delhi,pm25,32.1
2025-09-13T00:00:00+05:30,Delhi,pm25,38.3
2025-09-14T00:00:00+05:30,Delhi,pm25,49.2
2025-09-15T00:00:00+05:30,Delhi,pm25,40.7
2025-09-16T00:00:00+05:30,Delhi,pm25,41.3
2025-09-17T00:00:00+05:30,Delhi,pm25,55.2
2025-09-18T00:00:00+05:30,Delhi,pm25,70.6
2025-09-19T00:00:00+05:30,Delhi,pm25,57.9
2025-09-20T00:00:00+05:30,Delhi,pm25,47.5
2025-09-21T00:00:00+05:30,Delhi,pm25,41.8
2025-09-22T00:00:00+05:30,Delhi,pm25,44.1
2025-09-23T00:00:00+05:30,Delhi,pm25,33.3
2025-09-24T00:00:00+05:30,Delhi,pm25,46.0
2025-09-25T00:00:00+05:30,Delhi,pm25,39.0
2025-09-26T00:00:00+05:30,Delhi,pm25,44.9
2025-09-27T00:00:00+05:30,Delhi,pm25,73.4
2025-09-28T00:00:00+05:30,Delhi,pm25,38.6
2025-09-29T00:00:00+05:30,Delhi,pm25,54.0
2025-10-01T00:00:00+05:30,Delhi,pm25,59.3
2025-10-02T00:00:00+05:30,Delhi,pm25,62.3
2025-10-03T00:00:00+05:30,Delhi,pm25,46.2
2025-10-04T00:00:00+05:30,Delhi,pm25,81.2
2025-10-05T00:00:00+05:30,Delhi,pm25,80.5
2025-10-06T00:00:00+05:30,Delhi,pm25,36.7
2025-10-07T00:00:00+05:30,Delhi,pm25,24.3
2025-10-08T00:00:00+05:30,Delhi,pm25,44.5
2025-10-09T00:00:00+05:30,Delhi,pm25,45.8
2025-10-10T00:00:00+05:30,Delhi,pm25,90.3
2025-10-11T00:00:00+05:30,Delhi,pm25,77.7
2025-10-12T00:00:00+05:30,Delhi,pm25,76.6
2025-10-13T00:00:00+05:30,Delhi,pm25,88.0
2025-10-14T00:00:00+05:30,Delhi,pm25,99.6
2025-10-15T00:00:00+05:30,Delhi,pm25,98.3
2025-10-16T00:00:00+05:30,Delhi,pm25,117.0
2025-10-17T00:00:00+05:30,Delhi,pm25,122.0
2025-10-18T00:00:00+05:30,Delhi,pm25,155.0
2025-10-19T00:00:00+05:30,Delhi,pm25,201.0
2025-10-20T00:00:00+05:30,Delhi,pm25,247.0
2025-10-21T00:00:00+05:30,Delhi,pm25,229.0
2025-10-22T00:00:00+05:30,Delhi,pm25,234.0
2025-10-23T00:00:00+05:30,Delhi,pm25,154.0
2025-10-24T00:00:00+05:30,Delhi,pm25,128.0
2025-10-25T00:00:00+05:30,Delhi,pm25,153.0
2025-10-26T00:00:00+05:30,Delhi,pm25,162.0
2025-10-27T00:00:00+05:30,Delhi,pm25,149.0
2025-10-28T00:00:00+05:30,Delhi,pm25,146.0
2025-10-29T00:00:00+05:30,Delhi,pm25,174.0
2025-10-30T00:00:00+05:30,Delhi,pm25,205.0
2025-10-31T00:00:00+05:30,Delhi,pm25,128.0
2025-11-01T00:00:00+05:30,Delhi,pm25,292.0
2025-11-02T00:00:00+05:30,Delhi,pm25,204.0
2025-11-03T00:00:00+05:30,Delhi,pm25,133.0
2025-11-04T00:00:00+05:30,Delhi,pm25,91.2
2025-11-05T00:00:00+05:30,Delhi,pm25,110.0
2025-11-06T00:00:00+05:30,Delhi,pm25,231.0
2025-11-07T00:00:00+05:30,Delhi,pm25,206.0
2025-11-08T00:00:00+05:30,Delhi,pm25,268.0
2025-11-09T00:00:00+05:30,Delhi,pm25,223.0
2025-11-10T00:00:00+05:30,Delhi,pm25,300.0
2025-11-11T00:00:00+05:30,Delhi,pm25,312.0
2025-11-12T00:00:00+05:30,Delhi,pm25,389.0
2025-11-13T00:00:00+05:30,Delhi,pm25,319.0
2025-11-14T00:00:00+05:30,Delhi,pm25,231.0
2025-11-15T00:00:00+05:30,Delhi,pm25,263.0
2025-11-16T00:00:00+05:30,Delhi,pm25,224.0
2025-11-17T00:00:00+05:30,Delhi,pm25,212.0
2025-11-18T00:00:00+05:30,Delhi,pm25,251.0
2025-11-19T00:00:00+05:30,Delhi,pm25,307.0
2025-11-20T00:00:00+05:30,Delhi,pm25,304.0
2025-11-21T00:00:00+05:30,Delhi,pm25,217.0
2025-11-22T00:00:00+05:30,Delhi,pm25,241.0
2025-11-23T00:00:00+05:30,Delhi,pm25,277.0
2025-11-24T00:00:00+05:30,Delhi,pm25,251.0
2025-11-25T00:00:00+05:30,Delhi,pm25,201.0
2025-11-26T00:00:00+05:30,Delhi,pm25,224.0
2025-11-27T00:00:00+05:30,Delhi,pm25,287.0
2025-11-28T00:00:00+05:30,Delhi,pm25,239.0
2025-11-29T00:00:00+05:30,Delhi,pm25,168.0
2025-12-01T00:00:00+05:30,Delhi,pm25,216.0
2025-12-02T00:00:00+05:30,Delhi,pm25,325.0
2025-12-03T00:00:00+05:30,Delhi,pm25,214.0
2025-12-04T00:00:00+05:30,Delhi,pm25,226.0
2025-12-05T00:00:00+05:30,Delhi,pm25,214.0
2025-12-06T00:00:00+05:30,Delhi,pm25,172.0
2025-12-07T00:00:00+05:30,Delhi,pm25,168.0
2025-12-08T00:00:00+05:30,Delhi,pm25,163.0
2025-12-09T00:00:00+05:30,Delhi,pm25,134.0
2025-12-10T00:00:00+05:30,Delhi,pm25,187.0
2025-12-11T00:00:00+05:30,Delhi,pm25,188.0
2025-12-12T00:00:00+05:30,Delhi,pm25,241.0
2025-12-13T00:00:00+05:30,Delhi,pm25,405.0
2025-12-14T00:00:00+05:30,Delhi,pm25,453.0
2025-12-15T00:00:00+05:30,Delhi,pm25,286.0
2025-12-16T00:00:00+05:30,Delhi,pm25,182.0
2025-12-17T00:00:00+05:30,Delhi,pm25,202.0
2025-12-18T00:00:00+05:30,Delhi,pm25,350.0
2025-12-19T00:00:00+05:30,Delhi,pm25,280.0
2025-12-20T00:00:00+05:30,Delhi,pm25,275.0
2025-12-21T00:00:00+05:30,Delhi,pm25,220.0
2025-12-22T00:00:00+05:30,Delhi,pm25,322.0
2025-12-23T00:00:00+05:30,Delhi,pm25,281.0
2025-12-24T00:00:00+05:30,Delhi,pm25,134.0
2025-12-25T00:00:00+05:30,Delhi,pm25,178.0
2025-12-26T00:00:00+05:30,Delhi,pm25,236.0
2025-12-27T00:00:00+05:30,Delhi,pm25,304.0
2025-12-28T00:00:00+05:30,Delhi,pm25,282.0
2025-12-29T00:00:00+05:30,Delhi,pm25,249.0
2025-12-30T00:00:00+05:30,Delhi,pm25,282.0
2025-12-31T00:00:00+05:30,Delhi,pm25,266.0
2026-01-01T00:00:00+05:30,Delhi,pm25,229.0
2026-01-02T00:00:00+05:30,Delhi,pm25,98.2
2026-01-03T00:00:00+05:30,Delhi,pm25,150.0
2026-01-04T00:00:00+05:30,Delhi,pm25,148.0
2026-01-05T00:00:00+05:30,Delhi,pm25,134.0
2026-01-06T00:00:00+05:30,Delhi,pm25,188.0
2026-01-07T00:00:00+05:30,Delhi,pm25,172.0
2026-01-08T00:00:00+05:30,Delhi,pm25,211.0
2026-01-09T00:00:00+05:30,Delhi,pm25,259.0
2026-01-10T00:00:00+05:30,Delhi,pm25,186.0
2026-01-20T00:00:00+05:30,Delhi,pm25,431.0
2026-01-21T00:00:00+05:30,Delhi,pm25,210.0
2026-01-22T00:00:00+05:30,Delhi,pm25,201.0
2026-01-23T00:00:00+05:30,Delhi,pm25,143.0
2026-01-24T00:00:00+05:30,Delhi,pm25,78.5
2026-01-25T00:00:00+05:30,Delhi,pm25,92.3
2026-01-26T00:00:00+05:30,Delhi,pm25,143.0
2026-01-27T00:00:00+05:30,Delhi,pm25,182.0
2026-01-28T00:00:00+05:30,Delhi,pm25,139.0
2026-01-29T00:00:00+05:30,Delhi,pm25,137.0
2026-01-30T00:00:00+05:30,Delhi,pm25,179.0
2026-02-01T00:00:00+05:30,Delhi,pm25,109.0
2026-02-02T00:00:00+05:30,Delhi,pm25,138.0
2026-02-03T00:00:00+05:30,Delhi,pm25,122.0
2026-02-04T00:00:00+05:30,Delhi,pm25,165.0
2026-02-05T00:00:00+05:30,Delhi,pm25,127.0
2026-02-06T00:00:00+05:30,Delhi,pm25,116.0
2026-02-07T00:00:00+05:30,Delhi,pm25,108.0
2026-02-08T00:00:00+05:30,Delhi,pm25,229.0
2026-02-09T00:00:00+05:30,Delhi,pm25,171.0
2026-02-10T00:00:00+05:30,Delhi,pm25,144.0
2026-02-11T00:00:00+05:30,Delhi,pm25,151.0
2026-02-12T00:00:00+05:30,Delhi,pm25,78.2
2026-02-13T00:00:00+05:30,Delhi,pm25,101.0
2026-02-14T00:00:00+05:30,Delhi,pm25,132.0
2026-02-15T00:00:00+05:30,Delhi,pm25,120.0
2026-02-16T00:00:00+05:30,Delhi,pm25,151.0
2026-02-17T00:00:00+05:30,Delhi,pm25,73.9
2026-02-18T00:00:00+05:30,Delhi,pm25,77.0
2026-02-19T00:00:00+05:30,Delhi,pm25,114.0
2026-02-20T00:00:00+05:30,Delhi,pm25,105.0
2026-02-21T00:00:00+05:30,Delhi,pm25,121.0
2026-02-22T00:00:00+05:30,Delhi,pm25,127.0
2026-02-23T00:00:00+05:30,Delhi,pm25,112.0
2026-02-24T00:00:00+05:30,Delhi,pm25,133.0
2026-02-25T00:00:00+05:30,Delhi,pm25,106.0
2026-02-26T00:00:00+05:30,Delhi,pm25,107.0
2026-02-27T00:00:00+05:30,Delhi,pm25,96.4
2026-02-28T00:00:00+05:30,Delhi,pm25,110.0
2026-03-01T00:00:00+05:30,Delhi,pm25,86.2
2026-03-02T00:00:00+05:30,Delhi,pm25,97.0
2026-03-03T00:00:00+05:30,Delhi,pm25,96.3
2026-03-04T00:00:00+05:30,Delhi,pm25,75.8
2026-03-05T00:00:00+05:30,Delhi,pm25,67.5
2026-03-06T00:00:00+05:30,Delhi,pm25,89.6
2026-03-07T00:00:00+05:30,Delhi,pm25,141.0
2026-03-08T00:00:00+05:30,Delhi,pm25,129.0
2026-03-09T00:00:00+05:30,Delhi,pm25,123.0
2026-03-10T00:00:00+05:30,Delhi,pm25,113.0
2026-03-11T00:00:00+05:30,Delhi,pm25,118.0
2026-03-12T00:00:00+05:30,Delhi,pm25,99.5
2026-03-13T00:00:00+05:30,Delhi,pm25,92.1
2026-03-14T00:00:00+05:30,Delhi,pm25,80.1
2026-03-15T00:00:00+05:30,Delhi,pm25,57.2
2026-03-16T00:00:00+05:30,Delhi,pm25,42.8
2026-03-17T00:00:00+05:30,Delhi,pm25,80.8
2026-03-18T00:00:00+05:30,Delhi,pm25,96.0
2026-03-19T00:00:00+05:30,Delhi,pm25,59.8
2026-03-20T00:00:00+05:30,Delhi,pm25,52.9
2026-03-21T00:00:00+05:30,Delhi,pm25,67.6
2026-03-22T00:00:00+05:30,Delhi,pm25,84.7
2026-03-23T00:00:00+05:30,Delhi,pm25,71.6
2026-03-24T00:00:00+05:30,Delhi,pm25,83.6
2026-03-25T00:00:00+05:30,Delhi,pm25,100.0
2026-03-26T00:00:00+05:30,Delhi,pm25,89.3
2026-03-27T00:00:00+05:30,Delhi,pm25,55.4
2026-03-28T00:00:00+05:30,Delhi,pm25,55.3
2026-03-29T00:00:00+05:30,Delhi,pm25,84.7
2026-03-30T00:00:00+05:30,Delhi,pm25,60.0
2026-04-01T00:00:00+05:30,Delhi,pm25,45.0
2026-04-02T00:00:00+05:30,Delhi,pm25,89.0
2026-04-03T00:00:00+05:30,Delhi,pm25,86.2
2026-04-04T00:00:00+05:30,Delhi,pm25,62.4
2026-04-05T00:00:00+05:30,Delhi,pm25,50.7
2026-04-06T00:00:00+05:30,Delhi,pm25,40.7
2026-04-07T00:00:00+05:30,Delhi,pm25,40.1
2026-04-08T00:00:00+05:30,Delhi,pm25,31.1
2026-04-09T00:00:00+05:30,Delhi,pm25,55.5
2026-04-10T00:00:00+05:30,Delhi,pm25,56.9
2026-04-11T00:00:00+05:30,Delhi,pm25,48.8
2026-04-12T00:00:00+05:30,Delhi,pm25,61.1
2026-04-13T00:00:00+05:30,Delhi,pm25,63.0
2026-04-14T00:00:00+05:30,Delhi,pm25,68.7
2026-04-15T00:00:00+05:30,Delhi,pm25,82.7
2026-04-16T00:00:00+05:30,Delhi,pm25,128.0
2026-04-17T00:00:00+05:30,Delhi,pm25,92.7
2026-04-18T00:00:00+05:30,Delhi,pm25,86.7
2026-04-19T00:00:00+05:30,Delhi,pm25,124.0
2026-04-20T00:00:00+05:30,Delhi,pm25,76.9
2026-04-21T00:00:00+05:30,Delhi,pm25,71.2
2026-04-22T00:00:00+05:30,Delhi,pm25,97.1
2026-04-23T00:00:00+05:30,Delhi,pm25,68.1
2026-04-24T00:00:00+05:30,Delhi,pm25,102.0
2026-04-25T00:00:00+05:30,Delhi,pm25,102.0
2026-04-26T00:00:00+05:30,Delhi,pm25,92.6
2026-04-27T00:00:00+05:30,Delhi,pm25,103.0
2026-04-28T00:00:00+05:30,Delhi,pm25,64.8
2026-04-29T00:00:00+05:30,Delhi,pm25,46.1
2026-04-30T00:00:00+05:30,Delhi,pm25,54.5
2026-05-01T00:00:00+05:30,Delhi,pm25,40.6
2026-05-02T00:00:00+05:30,Delhi,pm25,61.0
2026-05-03T00:00:00+05:30,Delhi,pm25,43.8
2026-05-04T00:00:00+05:30,Delhi,pm25,12.0
2026-05-05T00:00:00+05:30,Delhi,pm25,32.6
2026-05-06T00:00:00+05:30,Delhi,pm25,47.7
2026-05-07T00:00:00+05:30,Delhi,pm25,30.9
2026-05-08T00:00:00+05:30,Delhi,pm25,38.0
2026-05-09T00:00:00+05:30,Delhi,pm25,49.7
2026-05-10T00:00:00+05:30,Delhi,pm25,55.2
2026-05-11T00:00:00+05:30,Delhi,pm25,63.6
2026-05-12T00:00:00+05:30,Delhi,pm25,67.0
2026-05-13T00:00:00+05:30,Delhi,pm25,65.6
2026-05-14T00:00:00+05:30,Delhi,pm25,43.0
2026-05-15T00:00:00+05:30,Delhi,pm25,46.9
2026-05-16T00:00:00+05:30,Delhi,pm25,70.1
2026-05-17T00:00:00+05:30,Delhi,pm25,75.0
2026-05-18T00:00:00+05:30,Delhi,pm25,57.0
2026-05-19T00:00:00+05:30,Delhi,pm25,51.5
2026-05-20T00:00:00+05:30,Delhi,pm25,39.6
2026-05-21T00:00:00+05:30,Delhi,pm25,59.7
2026-05-22T00:00:00+05:30,Delhi,pm25,49.7
2026-05-23T00:00:00+05:30,Delhi,pm25,63.4
2026-05-24T00:00:00+05:30,Delhi,pm25,68.9
2026-05-25T00:00:00+05:30,Delhi,pm25,75.5
2026-05-26T00:00:00+05:30,Delhi,pm25,77.6
2026-05-27T00:00:00+05:30,Delhi,pm25,96.1
2026-05-28T00:00:00+05:30,Delhi,pm25,76.2
2026-05-29T00:00:00+05:30,Delhi,pm25,24.2
2026-05-30T00:00:00+05:30,Delhi,pm25,23.3
2026-06-01T00:00:00+05:30,Delhi,pm25,37.6
2026-06-02T00:00:00+05:30,Delhi,pm25,40.8
2026-06-03T00:00:00+05:30,Delhi,pm25,67.9
2026-06-04T00:00:00+05:30,Delhi,pm25,48.1
2026-06-05T00:00:00+05:30,Delhi,pm25,51.2
2026-06-06T00:00:00+05:30,Delhi,pm25,56.3
2026-06-07T00:00:00+05:30,Delhi,pm25,32.6
2026-06-08T00:00:00+05:30,Delhi,pm25,37.1
2026-06-09T00:00:00+05:30,Delhi,pm25,37.2
2026-06-10T00:00:00+05:30,Delhi,pm25,43.6
2026-06-11T00:00:00+05:30,Delhi,pm25,36.1
2026-06-12T00:00:00+05:30,Delhi,pm25,25.6
2026-06-13T00:00:00+05:30,Delhi,pm25,42.8
2026-06-14T00:00:00+05:30,Delhi,pm25,96.6
2026-06-15T00:00:00+05:30,Delhi,pm25,31.0
2026-06-16T00:00:00+05:30,Delhi,pm25,38.1
2026-06-17T00:00:00+05:30,Delhi,pm25,31.5
2026-06-18T00:00:00+05:30,Delhi,pm25,59.3
2026-06-19T00:00:00+05:30,Delhi,pm25,32.0
2026-06-20T00:00:00+05:30,Delhi,pm25,50.0
2026-06-21T00:00:00+05:30,Delhi,pm25,29.2
2026-06-22T00:00:00+05:30,Delhi,pm25,28.6
2026-06-23T00:00:00+05:30,Delhi,pm25,80.9
2026-06-25T00:00:00+05:30,Delhi,pm25,57.6
2026-06-26T00:00:00+05:30,Delhi,pm25,29.8
2026-06-27T00:00:00+05:30,Delhi,pm25,46.9
2026-06-28T00:00:00+05:30,Delhi,pm25,58.3
2026-06-29T00:00:00+05:30,Delhi,pm25,41.6
2026-06-30T00:00:00+05:30,Delhi,pm25,49.0
2026-07-01T00:00:00+05:30,Delhi,pm25,40.7
2026-07-02T00:00:00+05:30,Delhi,pm25,36.7
2026-07-03T00:00:00+05:30,Delhi,pm25,60.1
2026-07-04T00:00:00+05:30,Delhi,pm25,79.0
2026-07-05T00:00:00+05:30,Delhi,pm25,63.2
2026-07-06T00:00:00+05:30,Delhi,pm25,32.5
2026-07-07T00:00:00+05:30,Delhi,pm25,28.9
2026-07-08T00:00:00+05:30,Delhi,pm25,24.7
2026-07-09T00:00:00+05:30,Delhi,pm25,9.64
2026-07-10T00:00:00+05:30,Delhi,pm25,15.6
2026-07-11T00:00:00+05:30,Delhi,pm25,41.2
2026-07-12T00:00:00+05:30,Delhi,pm25,61.1
2026-07-13T00:00:00+05:30,Delhi,pm25,34.5
2026-07-14T00:00:00+05:30,Delhi,pm25,37.6
2026-07-15T00:00:00+05:30,Delhi,pm25,37.9
2026-07-16T00:00:00+05:30,Delhi,pm25,46.7
2026-07-17T00:00:00+05:30,Delhi,pm25,47.9
2026-07-18T00:00:00+05:30,Delhi,pm25,48.4
2026-07-19T00:00:00+05:30,Delhi,pm25,46.7
2026-07-20T00:00:00+05:30,Delhi,pm25,35.7
2026-07-21T00:00:00+05:30,Delhi,pm25,17.9
2026-07-22T00:00:00+05:30,Delhi,pm25,16.8
2026-07-23T00:00:00+05:30,Delhi,pm25,16.1
2026-07-24T00:00:00+05:30,Delhi,pm25,20.5
2026-07-25T00:00:00+05:30,Delhi,pm25,21.2
2026-07-26T00:00:00+05:30,Delhi,pm25,22.5
2026-07-27T00:00:00+05:30,Delhi,pm25,27.4
2026-07-28T00:00:00+05:30,Delhi,pm25,20.1
2026-07-29T00:00:00+05:30,Delhi,pm25,29.9
2026-07-30T00:00:00+05:30,Delhi,pm25,30.5
2026-08-01T00:00:00+05:30,Delhi,pm25,34.2
2026-08-02T00:00:00+05:30,Delhi,pm25,26.2
2026-08-03T00:00:00+05:30,Delhi,pm25,24.9
2026-08-04T00:00:00+05:30,Delhi,pm25,23.4
2026-08-05T00:00:00+05:30,Delhi,pm25,32.5
2026-08-06T00:00:00+05:30,Delhi,pm25,28.6
2026-08-07T00:00:00+05:30,Delhi,pm25,29.7
2026-08-08T00:00:00+05:30,Delhi,pm25,36.0
2026-08-09T00:00:00+05:30,Delhi,pm25,35.1
2026-08-10T00:00:00+05:30,Delhi,pm25,42.8
2026-08-11T00:00:00+05:30,Delhi,pm25,48.0
2026-08-12T00:00:00+05:30,Delhi,pm25,65.4
2026-08-13T00:00:00+05:30,Delhi,pm25,46.6
2026-08-14T00:00:00+05:30,Delhi,pm25,39.0
2026-08-15T00:00:00+05:30,Delhi,pm25,62.4
2026-08-16T00:00:00+05:30,Delhi,pm25,46.2
2026-08-17T00:00:00+05:30,Delhi,pm25,39.6
2026-08-18T00:00:00+05:30,Delhi,pm25,40.9
2026-08-19T00:00:00+05:30,Delhi,pm25,45.0
2026-08-20T00:00:00+05:30,Delhi,pm25,52.7
2026-08-21T00:00:00+05:30,Delhi,pm25,45.0
2026-08-22T00:00:00+05:30,Delhi,pm25,40.4
2026-08-23T00:00:00+05:30,Delhi,pm25,47.1
2026-08-24T00:00:00+05:30,Delhi,pm25,57.5
2026-08-25T00:00:00+05:30,Delhi,pm25,56.3
2026-08-26T00:00:00+05:30,Delhi,pm25,68.5
2026-08-27T00:00:00+05:30,Delhi,pm25,54.6
2026-08-28T00:00:00+05:30,Delhi,pm25,56.0
2026-08-29T00:00:00+05:30,Delhi,pm25,38.1
2026-08-30T00:00:00+05:30,Delhi,pm25,43.9
2026-08-31T00:00:00+05:30,Delhi,pm25,43.7
2026-09-01T00:00:00+05:30,Delhi,pm25,39.5
2026-09-02T00:00:00+05:30,Delhi,pm25,39.0
2026-09-03T00:00:00+05:30,Delhi,pm25,29.8
2026-09-04T00:00:00+05:30,Delhi,pm25,30.5
2026-09-05T00:00:00+05:30,Delhi,pm25,30.5
2026-09-06T00:00:00+05:30,Delhi,pm25,42.7
2026-09-07T00:00:00+05:30,Delhi,pm25,60.3
2025-02-19T00:00:00+05:30,Delhi,pm10,177.0
2025-02-20T00:00:00+05:30,Delhi,pm10,103.0
2025-02-21T00:00:00+05:30,Delhi,pm10,165.0
2025-02-22T00:00:00+05:30,Delhi,pm10,139.0
2025-02-23T00:00:00+05:30,Delhi,pm10,140.0
2025-02-24T00:00:00+05:30,Delhi,pm10,184.0
2025-02-25T00:00:00+05:30,Delhi,pm10,203.0
2025-02-26T00:00:00+05:30,Delhi,pm10,256.0
2025-02-27T00:00:00+05:30,Delhi,pm10,153.0
2025-02-28T00:00:00+05:30,Delhi,pm10,121.0
2025-03-01T00:00:00+05:30,Delhi,pm10,120.0
2025-03-03T00:00:00+05:30,Delhi,pm10,153.0
2025-03-04T00:00:00+05:30,Delhi,pm10,138.0
2025-03-05T00:00:00+05:30,Delhi,pm10,157.0
2025-03-06T00:00:00+05:30,Delhi,pm10,149.0
2025-03-07T00:00:00+05:30,Delhi,pm10,189.0
2025-03-08T00:00:00+05:30,Delhi,pm10,209.0
2025-03-09T00:00:00+05:30,Delhi,pm10,216.0
2025-03-10T00:00:00+05:30,Delhi,pm10,212.0
2025-03-11T00:00:00+05:30,Delhi,pm10,301.0
2025-03-12T00:00:00+05:30,Delhi,pm10,241.0
2025-03-13T00:00:00+05:30,Delhi,pm10,203.0
2025-03-14T00:00:00+05:30,Delhi,pm10,138.0
2025-03-15T00:00:00+05:30,Delhi,pm10,110.0
2025-03-16T00:00:00+05:30,Delhi,pm10,101.0
2025-03-17T00:00:00+05:30,Delhi,pm10,119.0
2025-03-18T00:00:00+05:30,Delhi,pm10,159.0
2025-03-19T00:00:00+05:30,Delhi,pm10,172.0
2025-03-20T00:00:00+05:30,Delhi,pm10,178.0
2025-03-21T00:00:00+05:30,Delhi,pm10,164.0
2025-03-22T00:00:00+05:30,Delhi,pm10,187.0
2025-03-23T00:00:00+05:30,Delhi,pm10,187.0
2025-03-24T00:00:00+05:30,Delhi,pm10,209.0
2025-03-25T00:00:00+05:30,Delhi,pm10,235.0
2025-03-26T00:00:00+05:30,Delhi,pm10,264.0
2025-03-27T00:00:00+05:30,Delhi,pm10,327.0
2025-03-28T00:00:00+05:30,Delhi,pm10,244.0
2025-03-29T00:00:00+05:30,Delhi,pm10,154.0
2025-03-30T00:00:00+05:30,Delhi,pm10,127.0
2025-04-01T00:00:00+05:30,Delhi,pm10,192.0
2025-04-02T00:00:00+05:30,Delhi,pm10,286.0
2025-04-03T00:00:00+05:30,Delhi,pm10,213.0
2025-04-04T00:00:00+05:30,Delhi,pm10,288.0
2025-04-05T00:00:00+05:30,Delhi,pm10,238.0
2025-04-06T00:00:00+05:30,Delhi,pm10,251.0
2025-04-07T00:00:00+05:30,Delhi,pm10,329.0
2025-04-08T00:00:00+05:30,Delhi,pm10,278.0
2025-04-09T00:00:00+05:30,Delhi,pm10,237.0
2025-04-11T00:00:00+05:30,Delhi,pm10,206.0
2025-04-12T00:00:00+05:30,Delhi,pm10,113.0
2025-04-13T00:00:00+05:30,Delhi,pm10,157.0
2025-04-14T00:00:00+05:30,Delhi,pm10,233.0
2025-04-15T00:00:00+05:30,Delhi,pm10,259.0
2025-04-16T00:00:00+05:30,Delhi,pm10,200.0
2025-04-17T00:00:00+05:30,Delhi,pm10,236.0
2025-04-18T00:00:00+05:30,Delhi,pm10,263.0
2025-04-19T00:00:00+05:30,Delhi,pm10,117.0
2025-04-20T00:00:00+05:30,Delhi,pm10,215.0
2025-04-21T00:00:00+05:30,Delhi,pm10,248.0
2025-04-22T00:00:00+05:30,Delhi,pm10,258.0
2025-04-23T00:00:00+05:30,Delhi,pm10,279.0
2025-04-24T00:00:00+05:30,Delhi,pm10,289.0
2025-04-25T00:00:00+05:30,Delhi,pm10,300.0
2025-04-26T00:00:00+05:30,Delhi,pm10,307.0
2025-04-27T00:00:00+05:30,Delhi,pm10,290.0
2025-04-28T00:00:00+05:30,Delhi,pm10,275.0
2025-04-30T00:00:00+05:30,Delhi,pm10,177.0
2025-05-01T00:00:00+05:30,Delhi,pm10,188.0
2025-05-02T00:00:00+05:30,Delhi,pm10,136.0
2025-05-03T00:00:00+05:30,Delhi,pm10,172.0
2025-05-04T00:00:00+05:30,Delhi,pm10,197.0
2025-05-05T00:00:00+05:30,Delhi,pm10,95.5
2025-05-06T00:00:00+05:30,Delhi,pm10,124.0
2025-05-07T00:00:00+05:30,Delhi,pm10,123.0
2025-05-08T00:00:00+05:30,Delhi,pm10,163.0
2025-05-09T00:00:00+05:30,Delhi,pm10,145.0
2025-05-10T00:00:00+05:30,Delhi,pm10,168.0
2025-05-11T00:00:00+05:30,Delhi,pm10,152.0
2025-05-12T00:00:00+05:30,Delhi,pm10,137.0
2025-05-13T00:00:00+05:30,Delhi,pm10,107.0
2025-05-14T00:00:00+05:30,Delhi,pm10,205.0
2025-05-15T00:00:00+05:30,Delhi,pm10,353.0
2025-05-16T00:00:00+05:30,Delhi,pm10,248.0
2025-05-17T00:00:00+05:30,Delhi,pm10,134.0
2025-05-18T00:00:00+05:30,Delhi,pm10,174.0
2025-05-19T00:00:00+05:30,Delhi,pm10,201.0
2025-05-20T00:00:00+05:30,Delhi,pm10,214.0
2025-05-21T00:00:00+05:30,Delhi,pm10,184.0
2025-05-22T00:00:00+05:30,Delhi,pm10,67.7
2025-05-23T00:00:00+05:30,Delhi,pm10,114.0
2025-05-24T00:00:00+05:30,Delhi,pm10,150.0
2025-05-25T00:00:00+05:30,Delhi,pm10,72.4
2025-05-26T00:00:00+05:30,Delhi,pm10,127.0
2025-05-27T00:00:00+05:30,Delhi,pm10,114.0
2025-05-28T00:00:00+05:30,Delhi,pm10,153.0
2025-05-29T00:00:00+05:30,Delhi,pm10,152.0
2025-05-30T00:00:00+05:30,Delhi,pm10,189.0
2025-06-01T00:00:00+05:30,Delhi,pm10,189.0
2025-06-02T00:00:00+05:30,Delhi,pm10,131.0
2025-06-03T00:00:00+05:30,Delhi,pm10,143.0
2025-06-04T00:00:00+05:30,Delhi,pm10,198.0
2025-06-05T00:00:00+05:30,Delhi,pm10,135.0
2025-06-06T00:00:00+05:30,Delhi,pm10,151.0
2025-06-07T00:00:00+05:30,Delhi,pm10,229.0
2025-06-08T00:00:00+05:30,Delhi,pm10,208.0
2025-06-09T00:00:00+05:30,Delhi,pm10,239.0
2025-06-10T00:00:00+05:30,Delhi,pm10,255.0
2025-06-11T00:00:00+05:30,Delhi,pm10,246.0
2025-06-12T00:00:00+05:30,Delhi,pm10,195.0
2025-06-13T00:00:00+05:30,Delhi,pm10,192.0
2025-06-14T00:00:00+05:30,Delhi,pm10,166.0
2025-06-15T00:00:00+05:30,Delhi,pm10,150.0
2025-06-16T00:00:00+05:30,Delhi,pm10,97.4
2025-06-17T00:00:00+05:30,Delhi,pm10,76.0
2025-06-18T00:00:00+05:30,Delhi,pm10,75.1
2025-06-19T00:00:00+05:30,Delhi,pm10,67.8
2025-06-20T00:00:00+05:30,Delhi,pm10,66.5
2025-06-21T00:00:00+05:30,Delhi,pm10,75.0
2025-06-22T00:00:00+05:30,Delhi,pm10,81.4
2025-06-23T00:00:00+05:30,Delhi,pm10,97.9
2025-06-24T00:00:00+05:30,Delhi,pm10,121.0
2025-06-25T00:00:00+05:30,Delhi,pm10,118.0
2025-06-26T00:00:00+05:30,Delhi,pm10,89.0
2025-06-27T00:00:00+05:30,Delhi,pm10,82.1
2025-06-28T00:00:00+05:30,Delhi,pm10,94.1
2025-06-29T00:00:00+05:30,Delhi,pm10,103.0
2025-06-30T00:00:00+05:30,Delhi,pm10,88.4
2025-07-01T00:00:00+05:30,Delhi,pm10,72.8
2025-07-02T00:00:00+05:30,Delhi,pm10,76.7
2025-07-03T00:00:00+05:30,Delhi,pm10,76.1
2025-07-04T00:00:00+05:30,Delhi,pm10,79.9
2025-07-05T00:00:00+05:30,Delhi,pm10,88.8
2025-07-06T00:00:00+05:30,Delhi,pm10,85.1
2025-07-07T00:00:00+05:30,Delhi,pm10,56.8
2025-07-08T00:00:00+05:30,Delhi,pm10,102.0
2025-07-09T00:00:00+05:30,Delhi,pm10,79.1
2025-07-10T00:00:00+05:30,Delhi,pm10,45.0
2025-07-11T00:00:00+05:30,Delhi,pm10,77.4
2025-07-12T00:00:00+05:30,Delhi,pm10,82.1
2025-07-13T00:00:00+05:30,Delhi,pm10,83.6
2025-07-14T00:00:00+05:30,Delhi,pm10,55.2
2025-07-15T00:00:00+05:30,Delhi,pm10,46.0
2025-07-16T00:00:00+05:30,Delhi,pm10,70.8
2025-07-17T00:00:00+05:30,Delhi,pm10,71.0
2025-07-18T00:00:00+05:30,Delhi,pm10,61.0
2025-07-19T00:00:00+05:30,Delhi,pm10,51.1
2025-07-20T00:00:00+05:30,Delhi,pm10,73.3
2025-07-21T00:00:00+05:30,Delhi,pm10,97.6
2025-07-22T00:00:00+05:30,Delhi,pm10,86.1
2025-07-23T00:00:00+05:30,Delhi,pm10,72.2
2025-07-24T00:00:00+05:30,Delhi,pm10,118.0
2025-07-25T00:00:00+05:30,Delhi,pm10,120.0
2025-07-26T00:00:00+05:30,Delhi,pm10,72.6
2025-07-27T00:00:00+05:30,Delhi,pm10,71.5
2025-07-28T00:00:00+05:30,Delhi,pm10,86.5
2025-07-29T00:00:00+05:30,Delhi,pm10,50.0
2025-07-30T00:00:00+05:30,Delhi,pm10,61.2
2025-08-01T00:00:00+05:30,Delhi,pm10,63.9
2025-08-02T00:00:00+05:30,Delhi,pm10,91.3
2025-08-03T00:00:00+05:30,Delhi,pm10,112.0
2025-08-04T00:00:00+05:30,Delhi,pm10,113.0
2025-08-05T00:00:00+05:30,Delhi,pm10,86.6
2025-08-06T00:00:00+05:30,Delhi,pm10,112.0
2025-08-07T00:00:00+05:30,Delhi,pm10,110.0
2025-08-08T00:00:00+05:30,Delhi,pm10,121.0
2025-08-09T00:00:00+05:30,Delhi,pm10,71.0
2025-08-10T00:00:00+05:30,Delhi,pm10,81.2
2025-08-11T00:00:00+05:30,Delhi,pm10,116.0
2025-08-12T00:00:00+05:30,Delhi,pm10,94.0
2025-08-13T00:00:00+05:30,Delhi,pm10,120.0
2025-08-14T00:00:00+05:30,Delhi,pm10,45.7
2025-08-15T00:00:00+05:30,Delhi,pm10,68.3
2025-08-16T00:00:00+05:30,Delhi,pm10,77.7
2025-08-17T00:00:00+05:30,Delhi,pm10,74.4
2025-08-18T00:00:00+05:30,Delhi,pm10,76.2
2025-08-19T00:00:00+05:30,Delhi,pm10,71.6
2025-08-20T00:00:00+05:30,Delhi,pm10,51.6
2025-08-21T00:00:00+05:30,Delhi,pm10,59.5
2025-08-22T00:00:00+05:30,Delhi,pm10,102.0
2025-08-23T00:00:00+05:30,Delhi,pm10,57.6
2025-08-24T00:00:00+05:30,Delhi,pm10,48.9
2025-08-25T00:00:00+05:30,Delhi,pm10,40.5
2025-08-26T00:00:00+05:30,Delhi,pm10,29.6
2025-08-27T00:00:00+05:30,Delhi,pm10,70.9
2025-08-28T00:00:00+05:30,Delhi,pm10,110.0
2025-08-29T00:00:00+05:30,Delhi,pm10,80.1
2025-08-30T00:00:00+05:30,Delhi,pm10,69.7
2025-08-31T00:00:00+05:30,Delhi,pm10,54.9
2025-09-01T00:00:00+05:30,Delhi,pm10,23.5
2025-09-02T00:00:00+05:30,Delhi,pm10,22.0
2025-09-03T00:00:00+05:30,Delhi,pm10,38.8
2025-09-04T00:00:00+05:30,Delhi,pm10,51.7
2025-09-05T00:00:00+05:30,Delhi,pm10,54.6
2025-09-06T00:00:00+05:30,Delhi,pm10,67.1
2025-09-07T00:00:00+05:30,Delhi,pm10,58.8
2025-09-08T00:00:00+05:30,Delhi,pm10,67.6
2025-09-09T00:00:00+05:30,Delhi,pm10,77.2
2025-09-10T00:00:00+05:30,Delhi,pm10,79.0
2025-09-11T00:00:00+05:30,Delhi,pm10,94.5
2025-09-12T00:00:00+05:30,Delhi,pm10,93.7
2025-09-13T00:00:00+05:30,Delhi,pm10,100.0
2025-09-14T00:00:00+05:30,Delhi,pm10,110.0
2025-09-15T00:00:00+05:30,Delhi,pm10,113.0
2025-09-16T00:00:00+05:30,Delhi,pm10,112.0
2025-09-17T00:00:00+05:30,Delhi,pm10,108.0
2025-09-18T00:00:00+05:30,Delhi,pm10,108.0
2025-09-19T00:00:00+05:30,Delhi,pm10,129.0
2025-09-20T00:00:00+05:30,Delhi,pm10,132.0
2025-09-21T00:00:00+05:30,Delhi,pm10,136.0
2025-09-22T00:00:00+05:30,Delhi,pm10,141.0
2025-09-23T00:00:00+05:30,Delhi,pm10,123.0
2025-09-24T00:00:00+05:30,Delhi,pm10,138.0
2025-09-25T00:00:00+05:30,Delhi,pm10,121.0
2025-09-26T00:00:00+05:30,Delhi,pm10,121.0
2025-09-27T00:00:00+05:30,Delhi,pm10,182.0
2025-09-28T00:00:00+05:30,Delhi,pm10,86.2
2025-09-29T00:00:00+05:30,Delhi,pm10,120.0
2025-10-01T00:00:00+05:30,Delhi,pm10,103.0
2025-10-02T00:00:00+05:30,Delhi,pm10,78.6
2025-10-03T00:00:00+05:30,Delhi,pm10,82.1
2025-10-04T00:00:00+05:30,Delhi,pm10,135.0
2025-10-05T00:00:00+05:30,Delhi,pm10,142.0
2025-10-06T00:00:00+05:30,Delhi,pm10,65.1
2025-10-07T00:00:00+05:30,Delhi,pm10,37.9
2025-10-08T00:00:00+05:30,Delhi,pm10,80.6
2025-10-09T00:00:00+05:30,Delhi,pm10,110.0
2025-10-10T00:00:00+05:30,Delhi,pm10,204.0
2025-10-11T00:00:00+05:30,Delhi,pm10,187.0
2025-10-12T00:00:00+05:30,Delhi,pm10,177.0
2025-10-13T00:00:00+05:30,Delhi,pm10,192.0
2025-10-14T00:00:00+05:30,Delhi,pm10,210.0
2025-10-15T00:00:00+05:30,Delhi,pm10,146.0
2025-10-16T00:00:00+05:30,Delhi,pm10,188.0
2025-10-17T00:00:00+05:30,Delhi,pm10,199.0
2025-10-18T00:00:00+05:30,Delhi,pm10,238.0
2025-10-19T00:00:00+05:30,Delhi,pm10,246.0
2025-10-20T00:00:00+05:30,Delhi,pm10,331.0
2025-10-21T00:00:00+05:30,Delhi,pm10,391.0
2025-10-22T00:00:00+05:30,Delhi,pm10,314.0
2025-10-23T00:00:00+05:30,Delhi,pm10,231.0
2025-10-24T00:00:00+05:30,Delhi,pm10,253.0
2025-10-25T00:00:00+05:30,Delhi,pm10,281.0
2025-10-26T00:00:00+05:30,Delhi,pm10,229.0
2025-10-27T00:00:00+05:30,Delhi,pm10,272.0
2025-10-28T00:00:00+05:30,Delhi,pm10,229.0
2025-10-29T00:00:00+05:30,Delhi,pm10,280.0
2025-10-30T00:00:00+05:30,Delhi,pm10,292.0
2025-10-31T00:00:00+05:30,Delhi,pm10,185.0
2025-11-01T00:00:00+05:30,Delhi,pm10,387.0
2025-11-02T00:00:00+05:30,Delhi,pm10,297.0
2025-11-03T00:00:00+05:30,Delhi,pm10,258.0
2025-11-04T00:00:00+05:30,Delhi,pm10,218.0
2025-11-05T00:00:00+05:30,Delhi,pm10,189.0
2025-11-06T00:00:00+05:30,Delhi,pm10,346.0
2025-11-07T00:00:00+05:30,Delhi,pm10,351.0
2025-11-08T00:00:00+05:30,Delhi,pm10,397.0
2025-11-09T00:00:00+05:30,Delhi,pm10,357.0
2025-11-10T00:00:00+05:30,Delhi,pm10,459.0
2025-11-11T00:00:00+05:30,Delhi,pm10,441.0
2025-11-12T00:00:00+05:30,Delhi,pm10,551.0
2025-11-13T00:00:00+05:30,Delhi,pm10,455.0
2025-11-14T00:00:00+05:30,Delhi,pm10,365.0
2025-11-15T00:00:00+05:30,Delhi,pm10,399.0
2025-11-16T00:00:00+05:30,Delhi,pm10,334.0
2025-11-17T00:00:00+05:30,Delhi,pm10,367.0
2025-11-18T00:00:00+05:30,Delhi,pm10,347.0
2025-11-19T00:00:00+05:30,Delhi,pm10,455.0
2025-11-20T00:00:00+05:30,Delhi,pm10,418.0
2025-11-21T00:00:00+05:30,Delhi,pm10,306.0
2025-11-22T00:00:00+05:30,Delhi,pm10,357.0
2025-11-23T00:00:00+05:30,Delhi,pm10,379.0
2025-11-24T00:00:00+05:30,Delhi,pm10,363.0
2025-11-25T00:00:00+05:30,Delhi,pm10,314.0
2025-11-26T00:00:00+05:30,Delhi,pm10,345.0
2025-11-27T00:00:00+05:30,Delhi,pm10,413.0
2025-11-28T00:00:00+05:30,Delhi,pm10,367.0
2025-11-29T00:00:00+05:30,Delhi,pm10,267.0
2025-12-01T00:00:00+05:30,Delhi,pm10,353.0
2025-12-02T00:00:00+05:30,Delhi,pm10,470.0
2025-12-03T00:00:00+05:30,Delhi,pm10,368.0
2025-12-04T00:00:00+05:30,Delhi,pm10,366.0
2025-12-05T00:00:00+05:30,Delhi,pm10,366.0
2025-12-06T00:00:00+05:30,Delhi,pm10,305.0
2025-12-07T00:00:00+05:30,Delhi,pm10,261.0
2025-12-08T00:00:00+05:30,Delhi,pm10,294.0
2025-12-09T00:00:00+05:30,Delhi,pm10,228.0
2025-12-10T00:00:00+05:30,Delhi,pm10,289.0
2025-12-11T00:00:00+05:30,Delhi,pm10,318.0
2025-12-12T00:00:00+05:30,Delhi,pm10,383.0
2025-12-13T00:00:00+05:30,Delhi,pm10,531.0
2025-12-14T00:00:00+05:30,Delhi,pm10,551.0
2025-12-15T00:00:00+05:30,Delhi,pm10,374.0
2025-12-16T00:00:00+05:30,Delhi,pm10,272.0
2025-12-17T00:00:00+05:30,Delhi,pm10,284.0
2025-12-18T00:00:00+05:30,Delhi,pm10,456.0
2025-12-19T00:00:00+05:30,Delhi,pm10,354.0
2025-12-20T00:00:00+05:30,Delhi,pm10,347.0
2025-12-21T00:00:00+05:30,Delhi,pm10,305.0
2025-12-22T00:00:00+05:30,Delhi,pm10,436.0
2025-12-23T00:00:00+05:30,Delhi,pm10,369.0
2025-12-24T00:00:00+05:30,Delhi,pm10,192.0
2025-12-25T00:00:00+05:30,Delhi,pm10,271.0
2025-12-26T00:00:00+05:30,Delhi,pm10,339.0
2025-12-27T00:00:00+05:30,Delhi,pm10,401.0
2025-12-28T00:00:00+05:30,Delhi,pm10,363.0
2025-12-29T00:00:00+05:30,Delhi,pm10,318.0
2025-12-30T00:00:00+05:30,Delhi,pm10,372.0
2025-12-31T00:00:00+05:30,Delhi,pm10,339.0
2026-01-01T00:00:00+05:30,Delhi,pm10,295.0
2026-01-02T00:00:00+05:30,Delhi,pm10,140.0
2026-01-03T00:00:00+05:30,Delhi,pm10,221.0
2026-01-04T00:00:00+05:30,Delhi,pm10,203.0
2026-01-05T00:00:00+05:30,Delhi,pm10,197.0
2026-01-06T00:00:00+05:30,Delhi,pm10,254.0
2026-01-07T00:00:00+05:30,Delhi,pm10,254.0
2026-01-08T00:00:00+05:30,Delhi,pm10,301.0
2026-01-09T00:00:00+05:30,Delhi,pm10,371.0
2026-01-10T00:00:00+05:30,Delhi,pm10,269.0
2026-01-20T00:00:00+05:30,Delhi,pm10,555.0
2026-01-21T00:00:00+05:30,Delhi,pm10,320.0
2026-01-22T00:00:00+05:30,Delhi,pm10,306.0
2026-01-23T00:00:00+05:30,Delhi,pm10,182.0
2026-01-24T00:00:00+05:30,Delhi,pm10,184.0
2026-01-25T00:00:00+05:30,Delhi,pm10,170.0
2026-01-26T00:00:00+05:30,Delhi,pm10,205.0
2026-01-27T00:00:00+05:30,Delhi,pm10,233.0
2026-01-28T00:00:00+05:30,Delhi,pm10,175.0
2026-01-29T00:00:00+05:30,Delhi,pm10,181.0
2026-01-30T00:00:00+05:30,Delhi,pm10,240.0
2026-02-01T00:00:00+05:30,Delhi,pm10,143.0
2026-02-02T00:00:00+05:30,Delhi,pm10,182.0
2026-02-03T00:00:00+05:30,Delhi,pm10,144.0
2026-02-04T00:00:00+05:30,Delhi,pm10,249.0
2026-02-05T00:00:00+05:30,Delhi,pm10,196.0
2026-02-06T00:00:00+05:30,Delhi,pm10,195.0
2026-02-07T00:00:00+05:30,Delhi,pm10,189.0
2026-02-08T00:00:00+05:30,Delhi,pm10,318.0
2026-02-09T00:00:00+05:30,Delhi,pm10,272.0
2026-02-10T00:00:00+05:30,Delhi,pm10,247.0
2026-02-11T00:00:00+05:30,Delhi,pm10,265.0
2026-02-12T00:00:00+05:30,Delhi,pm10,161.0
2026-02-13T00:00:00+05:30,Delhi,pm10,194.0
2026-02-14T00:00:00+05:30,Delhi,pm10,227.0
2026-02-15T00:00:00+05:30,Delhi,pm10,214.0
2026-02-16T00:00:00+05:30,Delhi,pm10,239.0
2026-02-17T00:00:00+05:30,Delhi,pm10,187.0
2026-02-18T00:00:00+05:30,Delhi,pm10,125.0
2026-02-19T00:00:00+05:30,Delhi,pm10,195.0
2026-02-20T00:00:00+05:30,Delhi,pm10,180.0
2026-02-21T00:00:00+05:30,Delhi,pm10,202.0
2026-02-22T00:00:00+05:30,Delhi,pm10,203.0
2026-02-23T00:00:00+05:30,Delhi,pm10,208.0
2026-02-24T00:00:00+05:30,Delhi,pm10,238.0
2026-02-25T00:00:00+05:30,Delhi,pm10,212.0
2026-02-26T00:00:00+05:30,Delhi,pm10,213.0
2026-02-27T00:00:00+05:30,Delhi,pm10,226.0
2026-02-28T00:00:00+05:30,Delhi,pm10,255.0
2026-03-01T00:00:00+05:30,Delhi,pm10,202.0
2026-03-02T00:00:00+05:30,Delhi,pm10,212.0
2026-03-03T00:00:00+05:30,Delhi,pm10,230.0
2026-03-04T00:00:00+05:30,Delhi,pm10,165.0
2026-03-05T00:00:00+05:30,Delhi,pm10,196.0
2026-03-06T00:00:00+05:30,Delhi,pm10,216.0
2026-03-07T00:00:00+05:30,Delhi,pm10,295.0
2026-03-08T00:00:00+05:30,Delhi,pm10,283.0
2026-03-09T00:00:00+05:30,Delhi,pm10,251.0
2026-03-10T00:00:00+05:30,Delhi,pm10,290.0
2026-03-11T00:00:00+05:30,Delhi,pm10,284.0
2026-03-12T00:00:00+05:30,Delhi,pm10,273.0
2026-03-13T00:00:00+05:30,Delhi,pm10,192.0
2026-03-14T00:00:00+05:30,Delhi,pm10,199.0
2026-03-15T00:00:00+05:30,Delhi,pm10,149.0
2026-03-16T00:00:00+05:30,Delhi,pm10,132.0
2026-03-17T00:00:00+05:30,Delhi,pm10,200.0
2026-03-18T00:00:00+05:30,Delhi,pm10,222.0
2026-03-19T00:00:00+05:30,Delhi,pm10,105.0
2026-03-20T00:00:00+05:30,Delhi,pm10,80.0
2026-03-21T00:00:00+05:30,Delhi,pm10,129.0
2026-03-22T00:00:00+05:30,Delhi,pm10,152.0
2026-03-23T00:00:00+05:30,Delhi,pm10,143.0
2026-03-24T00:00:00+05:30,Delhi,pm10,162.0
2026-03-25T00:00:00+05:30,Delhi,pm10,197.0
2026-03-26T00:00:00+05:30,Delhi,pm10,196.0
2026-03-27T00:00:00+05:30,Delhi,pm10,140.0
2026-03-28T00:00:00+05:30,Delhi,pm10,155.0
2026-03-29T00:00:00+05:30,Delhi,pm10,207.0
2026-03-30T00:00:00+05:30,Delhi,pm10,204.0
2026-04-01T00:00:00+05:30,Delhi,pm10,120.0
2026-04-02T00:00:00+05:30,Delhi,pm10,217.0
2026-04-03T00:00:00+05:30,Delhi,pm10,368.0
2026-04-04T00:00:00+05:30,Delhi,pm10,145.0
2026-04-05T00:00:00+05:30,Delhi,pm10,127.0
2026-04-06T00:00:00+05:30,Delhi,pm10,118.0
2026-04-07T00:00:00+05:30,Delhi,pm10,109.0
2026-04-08T00:00:00+05:30,Delhi,pm10,70.1
2026-04-09T00:00:00+05:30,Delhi,pm10,135.0
2026-04-10T00:00:00+05:30,Delhi,pm10,183.0
2026-04-11T00:00:00+05:30,Delhi,pm10,142.0
2026-04-12T00:00:00+05:30,Delhi,pm10,162.0
2026-04-13T00:00:00+05:30,Delhi,pm10,159.0
2026-04-14T00:00:00+05:30,Delhi,pm10,186.0
2026-04-15T00:00:00+05:30,Delhi,pm10,251.0
2026-04-16T00:00:00+05:30,Delhi,pm10,328.0
2026-04-17T00:00:00+05:30,Delhi,pm10,260.0
2026-04-18T00:00:00+05:30,Delhi,pm10,187.0
2026-04-19T00:00:00+05:30,Delhi,pm10,265.0
2026-04-20T00:00:00+05:30,Delhi,pm10,249.0
2026-04-21T00:00:00+05:30,Delhi,pm10,251.0
2026-04-22T00:00:00+05:30,Delhi,pm10,307.0
2026-04-23T00:00:00+05:30,Delhi,pm10,257.0
2026-04-24T00:00:00+05:30,Delhi,pm10,322.0
2026-04-25T00:00:00+05:30,Delhi,pm10,327.0
2026-04-26T00:00:00+05:30,Delhi,pm10,262.0
2026-04-27T00:00:00+05:30,Delhi,pm10,337.0
2026-04-28T00:00:00+05:30,Delhi,pm10,359.0
2026-04-29T00:00:00+05:30,Delhi,pm10,205.0
2026-04-30T00:00:00+05:30,Delhi,pm10,166.0
2026-05-01T00:00:00+05:30,Delhi,pm10,112.0
2026-05-02T00:00:00+05:30,Delhi,pm10,145.0
2026-05-03T00:00:00+05:30,Delhi,pm10,161.0
2026-05-04T00:00:00+05:30,Delhi,pm10,44.8
2026-05-05T00:00:00+05:30,Delhi,pm10,83.3
2026-05-06T00:00:00+05:30,Delhi,pm10,132.0
2026-05-07T00:00:00+05:30,Delhi,pm10,99.3
2026-05-08T00:00:00+05:30,Delhi,pm10,91.3
2026-05-09T00:00:00+05:30,Delhi,pm10,124.0
2026-05-10T00:00:00+05:30,Delhi,pm10,121.0
2026-05-11T00:00:00+05:30,Delhi,pm10,151.0
2026-05-12T00:00:00+05:30,Delhi,pm10,160.0
2026-05-13T00:00:00+05:30,Delhi,pm10,172.0
2026-05-14T00:00:00+05:30,Delhi,pm10,152.0
2026-05-15T00:00:00+05:30,Delhi,pm10,162.0
2026-05-16T00:00:00+05:30,Delhi,pm10,173.0
2026-05-17T00:00:00+05:30,Delhi,pm10,217.0
2026-05-18T00:00:00+05:30,Delhi,pm10,211.0
2026-05-19T00:00:00+05:30,Delhi,pm10,209.0
2026-05-20T00:00:00+05:30,Delhi,pm10,163.0
2026-05-21T00:00:00+05:30,Delhi,pm10,357.0
2026-05-22T00:00:00+05:30,Delhi,pm10,224.0
2026-05-23T00:00:00+05:30,Delhi,pm10,246.0
2026-05-24T00:00:00+05:30,Delhi,pm10,238.0
2026-05-25T00:00:00+05:30,Delhi,pm10,354.0
2026-05-26T00:00:00+05:30,Delhi,pm10,251.0
2026-05-27T00:00:00+05:30,Delhi,pm10,246.0
2026-05-28T00:00:00+05:30,Delhi,pm10,214.0
2026-05-29T00:00:00+05:30,Delhi,pm10,94.8
2026-05-30T00:00:00+05:30,Delhi,pm10,85.2
2026-06-01T00:00:00+05:30,Delhi,pm10,90.1
2026-06-02T00:00:00+05:30,Delhi,pm10,93.3
2026-06-03T00:00:00+05:30,Delhi,pm10,155.0
2026-06-04T00:00:00+05:30,Delhi,pm10,160.0
2026-06-05T00:00:00+05:30,Delhi,pm10,148.0
2026-06-06T00:00:00+05:30,Delhi,pm10,203.0
2026-06-07T00:00:00+05:30,Delhi,pm10,152.0
2026-06-08T00:00:00+05:30,Delhi,pm10,177.0
2026-06-09T00:00:00+05:30,Delhi,pm10,214.0
2026-06-10T00:00:00+05:30,Delhi,pm10,176.0
2026-06-11T00:00:00+05:30,Delhi,pm10,120.0
2026-06-12T00:00:00+05:30,Delhi,pm10,61.5
2026-06-13T00:00:00+05:30,Delhi,pm10,108.0
2026-06-14T00:00:00+05:30,Delhi,pm10,195.0
2026-06-15T00:00:00+05:30,Delhi,pm10,251.0
2026-06-16T00:00:00+05:30,Delhi,pm10,107.0
2026-06-17T00:00:00+05:30,Delhi,pm10,110.0
2026-06-18T00:00:00+05:30,Delhi,pm10,184.0
2026-06-19T00:00:00+05:30,Delhi,pm10,176.0
2026-06-20T00:00:00+05:30,Delhi,pm10,193.0
2026-06-21T00:00:00+05:30,Delhi,pm10,133.0
2026-06-22T00:00:00+05:30,Delhi,pm10,282.0
2026-06-23T00:00:00+05:30,Delhi,pm10,186.0
2026-06-25T00:00:00+05:30,Delhi,pm10,195.0
2026-06-26T00:00:00+05:30,Delhi,pm10,119.0
2026-06-27T00:00:00+05:30,Delhi,pm10,170.0
2026-06-28T00:00:00+05:30,Delhi,pm10,187.0
2026-06-29T00:00:00+05:30,Delhi,pm10,187.0
2026-06-30T00:00:00+05:30,Delhi,pm10,224.0
2026-07-01T00:00:00+05:30,Delhi,pm10,105.0
2026-07-02T00:00:00+05:30,Delhi,pm10,99.9
2026-07-03T00:00:00+05:30,Delhi,pm10,97.8
2026-07-04T00:00:00+05:30,Delhi,pm10,137.0
2026-07-05T00:00:00+05:30,Delhi,pm10,115.0
2026-07-06T00:00:00+05:30,Delhi,pm10,90.0
2026-07-07T00:00:00+05:30,Delhi,pm10,79.7
2026-07-08T00:00:00+05:30,Delhi,pm10,52.2
2026-07-09T00:00:00+05:30,Delhi,pm10,28.0
2026-07-10T00:00:00+05:30,Delhi,pm10,68.5
2026-07-11T00:00:00+05:30,Delhi,pm10,233.0
2026-07-12T00:00:00+05:30,Delhi,pm10,359.0
2026-07-13T00:00:00+05:30,Delhi,pm10,184.0
2026-07-14T00:00:00+05:30,Delhi,pm10,217.0
2026-07-15T00:00:00+05:30,Delhi,pm10,196.0
2026-07-16T00:00:00+05:30,Delhi,pm10,264.0
2026-07-17T00:00:00+05:30,Delhi,pm10,292.0
2026-07-18T00:00:00+05:30,Delhi,pm10,262.0
2026-07-19T00:00:00+05:30,Delhi,pm10,177.0
2026-07-20T00:00:00+05:30,Delhi,pm10,101.0
2026-07-21T00:00:00+05:30,Delhi,pm10,60.4
2026-07-22T00:00:00+05:30,Delhi,pm10,55.5
2026-07-23T00:00:00+05:30,Delhi,pm10,58.3
2026-07-24T00:00:00+05:30,Delhi,pm10,58.0
2026-07-25T00:00:00+05:30,Delhi,pm10,66.7
2026-07-26T00:00:00+05:30,Delhi,pm10,71.8
2026-07-27T00:00:00+05:30,Delhi,pm10,88.6
2026-07-28T00:00:00+05:30,Delhi,pm10,49.4
2026-07-29T00:00:00+05:30,Delhi,pm10,77.4
2026-07-30T00:00:00+05:30,Delhi,pm10,92.9
2026-08-01T00:00:00+05:30,Delhi,pm10,93.9
2026-08-02T00:00:00+05:30,Delhi,pm10,63.4
2026-08-03T00:00:00+05:30,Delhi,pm10,75.0
2026-08-04T00:00:00+05:30,Delhi,pm10,45.8
2026-08-05T00:00:00+05:30,Delhi,pm10,85.6
2026-08-06T00:00:00+05:30,Delhi,pm10,48.7
2026-08-07T00:00:00+05:30,Delhi,pm10,51.8
2026-08-08T00:00:00+05:30,Delhi,pm10,44.4
2026-08-09T00:00:00+05:30,Delhi,pm10,80.0
2026-08-10T00:00:00+05:30,Delhi,pm10,78.5
2026-08-11T00:00:00+05:30,Delhi,pm10,74.7
2026-08-12T00:00:00+05:30,Delhi,pm10,114.0
2026-08-13T00:00:00+05:30,Delhi,pm10,102.0
2026-08-14T00:00:00+05:30,Delhi,pm10,97.6
2026-08-15T00:00:00+05:30,Delhi,pm10,116.0
2026-08-16T00:00:00+05:30,Delhi,pm10,105.0
2026-08-17T00:00:00+05:30,Delhi,pm10,108.0
2026-08-18T00:00:00+05:30,Delhi,pm10,115.0
2026-08-19T00:00:00+05:30,Delhi,pm10,124.0
2026-08-20T00:00:00+05:30,Delhi,pm10,128.0
2026-08-21T00:00:00+05:30,Delhi,pm10,134.0
2026-08-22T00:00:00+05:30,Delhi,pm10,101.0
2026-08-23T00:00:00+05:30,Delhi,pm10,97.2
2026-08-24T00:00:00+05:30,Delhi,pm10,112.0
2026-08-25T00:00:00+05:30,Delhi,pm10,90.9
2026-08-26T00:00:00+05:30,Delhi,pm10,103.0
2026-08-27T00:00:00+05:30,Delhi,pm10,126.0
2026-08-28T00:00:00+05:30,Delhi,pm10,169.0
2026-08-29T00:00:00+05:30,Delhi,pm10,111.0
2026-08-30T00:00:00+05:30,Delhi,pm10,165.0
2026-08-31T00:00:00+05:30,Delhi,pm10,138.0
2026-09-01T00:00:00+05:30,Delhi,pm10,128.0
2026-09-02T00:00:00+05:30,Delhi,pm10,88.0
2026-09-03T00:00:00+05:30,Delhi,pm10,77.1
2026-09-04T00:00:00+05:30,Delhi,pm10,69.1
2026-09-05T00:00:00+05:30,Delhi,pm10,52.4
2026-09-06T00:00:00+05:30,Delhi,pm10,74.0
2026-09-07T00:00:00+05:30,Delhi,pm10,121.0
2025-02-19T00:00:00+05:30,Delhi,no2,48.5
2025-02-20T00:00:00+05:30,Delhi,no2,39.6
2025-02-21T00:00:00+05:30,Delhi,no2,39.1
2025-02-22T00:00:00+05:30,Delhi,no2,33.1
2025-02-23T00:00:00+05:30,Delhi,no2,39.4
2025-02-24T00:00:00+05:30,Delhi,no2,35.4
2025-02-25T00:00:00+05:30,Delhi,no2,34.6
2025-02-26T00:00:00+05:30,Delhi,no2,35.2
2025-02-27T00:00:00+05:30,Delhi,no2,39.3
2025-02-28T00:00:00+05:30,Delhi,no2,25.0
2025-03-01T00:00:00+05:30,Delhi,no2,31.1
2025-03-03T00:00:00+05:30,Delhi,no2,43.3
2025-03-04T00:00:00+05:30,Delhi,no2,22.8
2025-03-05T00:00:00+05:30,Delhi,no2,13.5
2025-03-06T00:00:00+05:30,Delhi,no2,22.1
2025-03-07T00:00:00+05:30,Delhi,no2,23.3
2025-03-08T00:00:00+05:30,Delhi,no2,17.6
2025-03-09T00:00:00+05:30,Delhi,no2,13.6
2025-03-10T00:00:00+05:30,Delhi,no2,9.14
2025-03-11T00:00:00+05:30,Delhi,no2,12.8
2025-03-12T00:00:00+05:30,Delhi,no2,24.5
2025-03-13T00:00:00+05:30,Delhi,no2,32.6
2025-03-14T00:00:00+05:30,Delhi,no2,17.7
2025-03-15T00:00:00+05:30,Delhi,no2,9.82
2025-03-16T00:00:00+05:30,Delhi,no2,10.7
2025-03-17T00:00:00+05:30,Delhi,no2,13.4
2025-03-18T00:00:00+05:30,Delhi,no2,8.89
2025-03-19T00:00:00+05:30,Delhi,no2,3.75
2025-03-20T00:00:00+05:30,Delhi,no2,65.6
2025-03-21T00:00:00+05:30,Delhi,no2,45.3
2025-03-22T00:00:00+05:30,Delhi,no2,46.5
2025-03-23T00:00:00+05:30,Delhi,no2,38.2
2025-03-24T00:00:00+05:30,Delhi,no2,36.5
2025-03-25T00:00:00+05:30,Delhi,no2,41.9
2025-03-26T00:00:00+05:30,Delhi,no2,48.0
2025-03-27T00:00:00+05:30,Delhi,no2,46.2
2025-03-28T00:00:00+05:30,Delhi,no2,19.3
2025-03-29T00:00:00+05:30,Delhi,no2,15.8
2025-03-30T00:00:00+05:30,Delhi,no2,22.2
2025-04-01T00:00:00+05:30,Delhi,no2,34.4
2025-04-02T00:00:00+05:30,Delhi,no2,41.3
2025-04-03T00:00:00+05:30,Delhi,no2,44.5
2025-04-04T00:00:00+05:30,Delhi,no2,43.4
2025-04-05T00:00:00+05:30,Delhi,no2,37.4
2025-04-06T00:00:00+05:30,Delhi,no2,42.6
2025-04-07T00:00:00+05:30,Delhi,no2,74.1
2025-04-08T00:00:00+05:30,Delhi,no2,54.3
2025-04-09T00:00:00+05:30,Delhi,no2,27.5
2025-04-11T00:00:00+05:30,Delhi,no2,50.5
2025-04-12T00:00:00+05:30,Delhi,no2,53.7
2025-04-13T00:00:00+05:30,Delhi,no2,61.1
2025-04-14T00:00:00+05:30,Delhi,no2,53.0
2025-04-15T00:00:00+05:30,Delhi,no2,31.1
2025-04-16T00:00:00+05:30,Delhi,no2,42.1
2025-04-17T00:00:00+05:30,Delhi,no2,61.6
2025-04-18T00:00:00+05:30,Delhi,no2,32.6
2025-04-19T00:00:00+05:30,Delhi,no2,23.2
2025-04-20T00:00:00+05:30,Delhi,no2,43.3
2025-04-21T00:00:00+05:30,Delhi,no2,51.7
2025-04-22T00:00:00+05:30,Delhi,no2,62.2
2025-04-23T00:00:00+05:30,Delhi,no2,63.8
2025-04-24T00:00:00+05:30,Delhi,no2,64.3
2025-04-25T00:00:00+05:30,Delhi,no2,69.9
2025-04-26T00:00:00+05:30,Delhi,no2,65.7
2025-04-27T00:00:00+05:30,Delhi,no2,59.1
2025-04-28T00:00:00+05:30,Delhi,no2,56.5
2025-04-30T00:00:00+05:30,Delhi,no2,29.6
2025-05-01T00:00:00+05:30,Delhi,no2,25.0
2025-05-02T00:00:00+05:30,Delhi,no2,26.0
2025-05-03T00:00:00+05:30,Delhi,no2,52.6
2025-05-04T00:00:00+05:30,Delhi,no2,52.9
2025-05-05T00:00:00+05:30,Delhi,no2,41.1
2025-05-06T00:00:00+05:30,Delhi,no2,40.6
2025-05-07T00:00:00+05:30,Delhi,no2,35.4
2025-05-08T00:00:00+05:30,Delhi,no2,51.5
2025-05-09T00:00:00+05:30,Delhi,no2,43.2
2025-05-10T00:00:00+05:30,Delhi,no2,50.9
2025-05-11T00:00:00+05:30,Delhi,no2,37.2
2025-05-12T00:00:00+05:30,Delhi,no2,37.8
2025-05-13T00:00:00+05:30,Delhi,no2,32.8
2025-05-14T00:00:00+05:30,Delhi,no2,44.3
2025-05-15T00:00:00+05:30,Delhi,no2,48.8
2025-05-16T00:00:00+05:30,Delhi,no2,57.0
2025-05-17T00:00:00+05:30,Delhi,no2,34.7
2025-05-18T00:00:00+05:30,Delhi,no2,36.3
2025-05-19T00:00:00+05:30,Delhi,no2,31.5
2025-05-20T00:00:00+05:30,Delhi,no2,27.8
2025-05-21T00:00:00+05:30,Delhi,no2,26.1
2025-05-22T00:00:00+05:30,Delhi,no2,26.0
2025-05-23T00:00:00+05:30,Delhi,no2,30.9
2025-05-24T00:00:00+05:30,Delhi,no2,25.7
2025-05-25T00:00:00+05:30,Delhi,no2,21.2
2025-05-26T00:00:00+05:30,Delhi,no2,62.2
2025-05-27T00:00:00+05:30,Delhi,no2,35.4
2025-05-28T00:00:00+05:30,Delhi,no2,44.2
2025-05-29T00:00:00+05:30,Delhi,no2,25.1
2025-05-30T00:00:00+05:30,Delhi,no2,47.9
2025-06-01T00:00:00+05:30,Delhi,no2,26.2
2025-06-02T00:00:00+05:30,Delhi,no2,29.8
2025-06-03T00:00:00+05:30,Delhi,no2,45.1
2025-06-04T00:00:00+05:30,Delhi,no2,31.1
2025-06-05T00:00:00+05:30,Delhi,no2,28.5
2025-06-06T00:00:00+05:30,Delhi,no2,49.8
2025-06-07T00:00:00+05:30,Delhi,no2,54.4
2025-06-08T00:00:00+05:30,Delhi,no2,42.6
2025-06-09T00:00:00+05:30,Delhi,no2,48.1
2025-06-10T00:00:00+05:30,Delhi,no2,44.2
2025-06-11T00:00:00+05:30,Delhi,no2,36.2
2025-06-12T00:00:00+05:30,Delhi,no2,21.4
2025-06-13T00:00:00+05:30,Delhi,no2,21.7
2025-06-14T00:00:00+05:30,Delhi,no2,23.4
2025-06-15T00:00:00+05:30,Delhi,no2,12.9
2025-06-16T00:00:00+05:30,Delhi,no2,38.5
2025-06-17T00:00:00+05:30,Delhi,no2,22.3
2025-06-18T00:00:00+05:30,Delhi,no2,22.8
2025-06-19T00:00:00+05:30,Delhi,no2,24.4
2025-06-20T00:00:00+05:30,Delhi,no2,19.1
2025-06-21T00:00:00+05:30,Delhi,no2,28.3
2025-06-22T00:00:00+05:30,Delhi,no2,25.2
2025-06-23T00:00:00+05:30,Delhi,no2,28.6
2025-06-24T00:00:00+05:30,Delhi,no2,35.7
2025-06-25T00:00:00+05:30,Delhi,no2,35.4
2025-06-26T00:00:00+05:30,Delhi,no2,31.7
2025-06-27T00:00:00+05:30,Delhi,no2,29.8
2025-06-28T00:00:00+05:30,Delhi,no2,38.5
2025-06-29T00:00:00+05:30,Delhi,no2,34.9
2025-06-30T00:00:00+05:30,Delhi,no2,40.8
2025-07-01T00:00:00+05:30,Delhi,no2,35.7
2025-07-02T00:00:00+05:30,Delhi,no2,36.3
2025-07-03T00:00:00+05:30,Delhi,no2,23.0
2025-07-04T00:00:00+05:30,Delhi,no2,21.7
2025-07-05T00:00:00+05:30,Delhi,no2,25.4
2025-07-06T00:00:00+05:30,Delhi,no2,25.7
2025-07-07T00:00:00+05:30,Delhi,no2,23.5
2025-07-08T00:00:00+05:30,Delhi,no2,30.6
2025-07-09T00:00:00+05:30,Delhi,no2,20.3
2025-07-10T00:00:00+05:30,Delhi,no2,20.6
2025-07-11T00:00:00+05:30,Delhi,no2,30.7
2025-07-12T00:00:00+05:30,Delhi,no2,29.0
2025-07-13T00:00:00+05:30,Delhi,no2,25.5
2025-07-14T00:00:00+05:30,Delhi,no2,18.2
2025-07-15T00:00:00+05:30,Delhi,no2,12.1
2025-07-16T00:00:00+05:30,Delhi,no2,20.9
2025-07-17T00:00:00+05:30,Delhi,no2,18.7
2025-07-18T00:00:00+05:30,Delhi,no2,23.4
2025-07-19T00:00:00+05:30,Delhi,no2,15.9
2025-07-20T00:00:00+05:30,Delhi,no2,17.8
2025-07-21T00:00:00+05:30,Delhi,no2,23.1
2025-07-22T00:00:00+05:30,Delhi,no2,23.6
2025-07-23T00:00:00+05:30,Delhi,no2,25.3
2025-07-24T00:00:00+05:30,Delhi,no2,23.0
2025-07-25T00:00:00+05:30,Delhi,no2,28.1
2025-07-26T00:00:00+05:30,Delhi,no2,35.7
2025-07-27T00:00:00+05:30,Delhi,no2,38.4
2025-07-28T00:00:00+05:30,Delhi,no2,37.4
2025-07-29T00:00:00+05:30,Delhi,no2,38.4
2025-07-30T00:00:00+05:30,Delhi,no2,34.0
2025-08-01T00:00:00+05:30,Delhi,no2,31.2
2025-08-02T00:00:00+05:30,Delhi,no2,33.7
2025-08-03T00:00:00+05:30,Delhi,no2,33.1
2025-08-04T00:00:00+05:30,Delhi,no2,34.0
2025-08-05T00:00:00+05:30,Delhi,no2,35.8
2025-08-06T00:00:00+05:30,Delhi,no2,35.7
2025-08-07T00:00:00+05:30,Delhi,no2,35.5
2025-08-08T00:00:00+05:30,Delhi,no2,32.5
2025-08-09T00:00:00+05:30,Delhi,no2,37.6
2025-08-10T00:00:00+05:30,Delhi,no2,30.0
2025-08-11T00:00:00+05:30,Delhi,no2,38.4
2025-08-12T00:00:00+05:30,Delhi,no2,32.7
2025-08-13T00:00:00+05:30,Delhi,no2,27.7
2025-08-14T00:00:00+05:30,Delhi,no2,25.7
2025-08-15T00:00:00+05:30,Delhi,no2,25.1
2025-08-16T00:00:00+05:30,Delhi,no2,26.2
2025-08-17T00:00:00+05:30,Delhi,no2,27.9
2025-08-18T00:00:00+05:30,Delhi,no2,29.2
2025-08-19T00:00:00+05:30,Delhi,no2,30.3
2025-08-20T00:00:00+05:30,Delhi,no2,20.1
2025-08-21T00:00:00+05:30,Delhi,no2,23.8
2025-08-22T00:00:00+05:30,Delhi,no2,30.6
2025-08-23T00:00:00+05:30,Delhi,no2,24.7
2025-08-24T00:00:00+05:30,Delhi,no2,23.2
2025-08-25T00:00:00+05:30,Delhi,no2,19.0
2025-08-26T00:00:00+05:30,Delhi,no2,17.8
2025-08-27T00:00:00+05:30,Delhi,no2,26.5
2025-08-28T00:00:00+05:30,Delhi,no2,23.9
2025-08-29T00:00:00+05:30,Delhi,no2,20.9
2025-08-30T00:00:00+05:30,Delhi,no2,22.7
2025-08-31T00:00:00+05:30,Delhi,no2,17.2
2025-09-01T00:00:00+05:30,Delhi,no2,15.8
2025-09-02T00:00:00+05:30,Delhi,no2,15.1
2025-09-03T00:00:00+05:30,Delhi,no2,24.2
2025-09-04T00:00:00+05:30,Delhi,no2,26.8
2025-09-05T00:00:00+05:30,Delhi,no2,22.2
2025-09-06T00:00:00+05:30,Delhi,no2,20.6
2025-09-07T00:00:00+05:30,Delhi,no2,19.8
2025-09-08T00:00:00+05:30,Delhi,no2,19.5
2025-09-09T00:00:00+05:30,Delhi,no2,21.8
2025-09-10T00:00:00+05:30,Delhi,no2,16.9
2025-09-11T00:00:00+05:30,Delhi,no2,20.8
2025-09-12T00:00:00+05:30,Delhi,no2,24.7
2025-09-13T00:00:00+05:30,Delhi,no2,24.8
2025-09-14T00:00:00+05:30,Delhi,no2,27.9
2025-09-15T00:00:00+05:30,Delhi,no2,27.9
2025-09-16T00:00:00+05:30,Delhi,no2,28.1
2025-09-17T00:00:00+05:30,Delhi,no2,28.3
2025-09-18T00:00:00+05:30,Delhi,no2,32.6
2025-09-19T00:00:00+05:30,Delhi,no2,30.3
2025-09-20T00:00:00+05:30,Delhi,no2,28.2
2025-09-21T00:00:00+05:30,Delhi,no2,28.7
2025-09-22T00:00:00+05:30,Delhi,no2,28.1
2025-09-23T00:00:00+05:30,Delhi,no2,31.2
2025-09-24T00:00:00+05:30,Delhi,no2,32.0
2025-09-25T00:00:00+05:30,Delhi,no2,32.6
2025-09-26T00:00:00+05:30,Delhi,no2,36.6
2025-09-27T00:00:00+05:30,Delhi,no2,44.1
2025-09-28T00:00:00+05:30,Delhi,no2,23.9
2025-09-29T00:00:00+05:30,Delhi,no2,29.6
2025-10-01T00:00:00+05:30,Delhi,no2,37.7
2025-10-02T00:00:00+05:30,Delhi,no2,28.6
2025-10-03T00:00:00+05:30,Delhi,no2,27.5
2025-10-04T00:00:00+05:30,Delhi,no2,33.4
2025-10-05T00:00:00+05:30,Delhi,no2,42.6
2025-10-06T00:00:00+05:30,Delhi,no2,41.9
2025-10-07T00:00:00+05:30,Delhi,no2,31.4
2025-10-08T00:00:00+05:30,Delhi,no2,41.8
2025-10-09T00:00:00+05:30,Delhi,no2,34.3
2025-10-10T00:00:00+05:30,Delhi,no2,34.8
2025-10-11T00:00:00+05:30,Delhi,no2,46.5
2025-10-12T00:00:00+05:30,Delhi,no2,45.5
2025-10-13T00:00:00+05:30,Delhi,no2,49.3
2025-10-14T00:00:00+05:30,Delhi,no2,55.2
2025-10-15T00:00:00+05:30,Delhi,no2,46.0
2025-10-16T00:00:00+05:30,Delhi,no2,55.3
2025-10-17T00:00:00+05:30,Delhi,no2,68.0
2025-10-18T00:00:00+05:30,Delhi,no2,67.6
2025-10-19T00:00:00+05:30,Delhi,no2,60.0
2025-10-20T00:00:00+05:30,Delhi,no2,56.1
2025-10-21T00:00:00+05:30,Delhi,no2,34.6
2025-10-22T00:00:00+05:30,Delhi,no2,55.0
2025-10-23T00:00:00+05:30,Delhi,no2,57.3
2025-10-24T00:00:00+05:30,Delhi,no2,59.2
2025-10-25T00:00:00+05:30,Delhi,no2,62.8
2025-10-26T00:00:00+05:30,Delhi,no2,46.7
2025-10-27T00:00:00+05:30,Delhi,no2,61.3
2025-10-28T00:00:00+05:30,Delhi,no2,61.8
2025-10-29T00:00:00+05:30,Delhi,no2,62.2
2025-10-30T00:00:00+05:30,Delhi,no2,63.2
2025-10-31T00:00:00+05:30,Delhi,no2,42.6
2025-11-01T00:00:00+05:30,Delhi,no2,64.0
2025-11-02T00:00:00+05:30,Delhi,no2,65.8
2025-11-03T00:00:00+05:30,Delhi,no2,63.4
2025-11-04T00:00:00+05:30,Delhi,no2,54.5
2025-11-05T00:00:00+05:30,Delhi,no2,44.6
2025-11-06T00:00:00+05:30,Delhi,no2,61.0
2025-11-07T00:00:00+05:30,Delhi,no2,70.8
2025-11-08T00:00:00+05:30,Delhi,no2,78.2
2025-11-09T00:00:00+05:30,Delhi,no2,81.9
2025-11-10T00:00:00+05:30,Delhi,no2,95.0
2025-11-11T00:00:00+05:30,Delhi,no2,89.9
2025-11-12T00:00:00+05:30,Delhi,no2,79.4
2025-11-13T00:00:00+05:30,Delhi,no2,92.3
2025-11-14T00:00:00+05:30,Delhi,no2,83.2
2025-11-15T00:00:00+05:30,Delhi,no2,80.2
2025-11-16T00:00:00+05:30,Delhi,no2,73.0
2025-11-17T00:00:00+05:30,Delhi,no2,69.5
2025-11-18T00:00:00+05:30,Delhi,no2,89.3
2025-11-19T00:00:00+05:30,Delhi,no2,87.6
2025-11-20T00:00:00+05:30,Delhi,no2,72.8
2025-11-21T00:00:00+05:30,Delhi,no2,46.3
2025-11-22T00:00:00+05:30,Delhi,no2,65.2
2025-11-23T00:00:00+05:30,Delhi,no2,74.6
2025-11-24T00:00:00+05:30,Delhi,no2,70.8
2025-11-25T00:00:00+05:30,Delhi,no2,72.6
2025-11-26T00:00:00+05:30,Delhi,no2,71.2
2025-11-27T00:00:00+05:30,Delhi,no2,85.5
2025-11-28T00:00:00+05:30,Delhi,no2,82.9
2025-11-29T00:00:00+05:30,Delhi,no2,67.8
2025-12-01T00:00:00+05:30,Delhi,no2,71.5
2025-12-02T00:00:00+05:30,Delhi,no2,69.1
2025-12-03T00:00:00+05:30,Delhi,no2,61.3
2025-12-04T00:00:00+05:30,Delhi,no2,69.3
2025-12-05T00:00:00+05:30,Delhi,no2,72.8
2025-12-06T00:00:00+05:30,Delhi,no2,68.3
2025-12-07T00:00:00+05:30,Delhi,no2,62.6
2025-12-08T00:00:00+05:30,Delhi,no2,70.2
2025-12-09T00:00:00+05:30,Delhi,no2,69.1
2025-12-10T00:00:00+05:30,Delhi,no2,64.4
2025-12-11T00:00:00+05:30,Delhi,no2,66.7
2025-12-12T00:00:00+05:30,Delhi,no2,74.1
2025-12-13T00:00:00+05:30,Delhi,no2,68.1
2025-12-14T00:00:00+05:30,Delhi,no2,56.6
2025-12-15T00:00:00+05:30,Delhi,no2,68.3
2025-12-16T00:00:00+05:30,Delhi,no2,61.4
2025-12-17T00:00:00+05:30,Delhi,no2,61.1
2025-12-18T00:00:00+05:30,Delhi,no2,57.5
2025-12-19T00:00:00+05:30,Delhi,no2,59.0
2025-12-20T00:00:00+05:30,Delhi,no2,42.1
2025-12-21T00:00:00+05:30,Delhi,no2,36.9
2025-12-22T00:00:00+05:30,Delhi,no2,49.6
2025-12-23T00:00:00+05:30,Delhi,no2,53.2
2025-12-24T00:00:00+05:30,Delhi,no2,49.3
2025-12-25T00:00:00+05:30,Delhi,no2,53.7
2025-12-26T00:00:00+05:30,Delhi,no2,49.1
2025-12-27T00:00:00+05:30,Delhi,no2,51.2
2025-12-28T00:00:00+05:30,Delhi,no2,51.4
2025-12-29T00:00:00+05:30,Delhi,no2,41.5
2025-12-30T00:00:00+05:30,Delhi,no2,55.8
2025-12-31T00:00:00+05:30,Delhi,no2,31.8
2026-01-01T00:00:00+05:30,Delhi,no2,24.0
2026-01-02T00:00:00+05:30,Delhi,no2,21.2
2026-01-03T00:00:00+05:30,Delhi,no2,22.6
2026-01-04T00:00:00+05:30,Delhi,no2,16.6
2026-01-05T00:00:00+05:30,Delhi,no2,16.6
2026-01-06T00:00:00+05:30,Delhi,no2,14.6
2026-01-07T00:00:00+05:30,Delhi,no2,13.1
2026-01-08T00:00:00+05:30,Delhi,no2,19.4
2026-01-09T00:00:00+05:30,Delhi,no2,51.1
2026-01-10T00:00:00+05:30,Delhi,no2,39.0
2026-01-20T00:00:00+05:30,Delhi,no2,82.1
2026-01-21T00:00:00+05:30,Delhi,no2,85.8
2026-01-22T00:00:00+05:30,Delhi,no2,73.2
2026-01-23T00:00:00+05:30,Delhi,no2,58.0
2026-01-24T00:00:00+05:30,Delhi,no2,51.3
2026-01-25T00:00:00+05:30,Delhi,no2,53.9
2026-01-26T00:00:00+05:30,Delhi,no2,60.9
2026-01-27T00:00:00+05:30,Delhi,no2,56.9
2026-01-28T00:00:00+05:30,Delhi,no2,48.9
2026-01-29T00:00:00+05:30,Delhi,no2,49.8
2026-01-30T00:00:00+05:30,Delhi,no2,58.4
2026-02-01T00:00:00+05:30,Delhi,no2,49.0
2026-02-02T00:00:00+05:30,Delhi,no2,51.6
2026-02-03T00:00:00+05:30,Delhi,no2,57.4
2026-02-04T00:00:00+05:30,Delhi,no2,55.2
2026-02-05T00:00:00+05:30,Delhi,no2,56.8
2026-02-06T00:00:00+05:30,Delhi,no2,61.1
2026-02-07T00:00:00+05:30,Delhi,no2,55.8
2026-02-08T00:00:00+05:30,Delhi,no2,59.0
2026-02-09T00:00:00+05:30,Delhi,no2,56.1
2026-02-10T00:00:00+05:30,Delhi,no2,36.1
2026-02-11T00:00:00+05:30,Delhi,no2,55.5
2026-02-12T00:00:00+05:30,Delhi,no2,43.0
2026-02-13T00:00:00+05:30,Delhi,no2,49.5
2026-02-14T00:00:00+05:30,Delhi,no2,48.8
2026-02-15T00:00:00+05:30,Delhi,no2,48.4
2026-02-16T00:00:00+05:30,Delhi,no2,42.5
2026-02-17T00:00:00+05:30,Delhi,no2,45.2
2026-02-18T00:00:00+05:30,Delhi,no2,53.6
2026-02-19T00:00:00+05:30,Delhi,no2,58.7
2026-02-20T00:00:00+05:30,Delhi,no2,43.5
2026-02-21T00:00:00+05:30,Delhi,no2,48.5
2026-02-22T00:00:00+05:30,Delhi,no2,43.1
2026-02-23T00:00:00+05:30,Delhi,no2,43.0
2026-02-24T00:00:00+05:30,Delhi,no2,47.2
2026-02-25T00:00:00+05:30,Delhi,no2,54.5
2026-02-26T00:00:00+05:30,Delhi,no2,56.9
2026-02-27T00:00:00+05:30,Delhi,no2,50.0
2026-02-28T00:00:00+05:30,Delhi,no2,46.9
2026-03-01T00:00:00+05:30,Delhi,no2,40.0
2026-03-02T00:00:00+05:30,Delhi,no2,35.9
2026-03-03T00:00:00+05:30,Delhi,no2,30.0
2026-03-04T00:00:00+05:30,Delhi,no2,21.7
2026-03-05T00:00:00+05:30,Delhi,no2,27.7
2026-03-06T00:00:00+05:30,Delhi,no2,47.3
2026-03-07T00:00:00+05:30,Delhi,no2,40.3
2026-03-08T00:00:00+05:30,Delhi,no2,58.6
2026-03-09T00:00:00+05:30,Delhi,no2,44.9
2026-03-10T00:00:00+05:30,Delhi,no2,42.5
2026-03-11T00:00:00+05:30,Delhi,no2,43.6
2026-03-12T00:00:00+05:30,Delhi,no2,42.6
2026-03-13T00:00:00+05:30,Delhi,no2,26.7
2026-03-14T00:00:00+05:30,Delhi,no2,41.9
2026-03-15T00:00:00+05:30,Delhi,no2,36.7
2026-03-16T00:00:00+05:30,Delhi,no2,34.5
2026-03-17T00:00:00+05:30,Delhi,no2,58.7
2026-03-18T00:00:00+05:30,Delhi,no2,54.2
2026-03-19T00:00:00+05:30,Delhi,no2,42.1
2026-03-20T00:00:00+05:30,Delhi,no2,32.7
2026-03-21T00:00:00+05:30,Delhi,no2,34.5
2026-03-22T00:00:00+05:30,Delhi,no2,37.8
2026-03-23T00:00:00+05:30,Delhi,no2,44.9
2026-03-24T00:00:00+05:30,Delhi,no2,41.1
2026-03-25T00:00:00+05:30,Delhi,no2,55.2
2026-03-26T00:00:00+05:30,Delhi,no2,49.7
2026-03-27T00:00:00+05:30,Delhi,no2,43.0
2026-03-28T00:00:00+05:30,Delhi,no2,45.0
2026-03-29T00:00:00+05:30,Delhi,no2,38.4
2026-03-30T00:00:00+05:30,Delhi,no2,47.3
2026-04-01T00:00:00+05:30,Delhi,no2,49.6
2026-04-02T00:00:00+05:30,Delhi,no2,62.6
2026-04-03T00:00:00+05:30,Delhi,no2,30.9
2026-04-04T00:00:00+05:30,Delhi,no2,42.9
2026-04-05T00:00:00+05:30,Delhi,no2,39.5
2026-04-06T00:00:00+05:30,Delhi,no2,35.8
2026-04-07T00:00:00+05:30,Delhi,no2,40.4
2026-04-08T00:00:00+05:30,Delhi,no2,26.0
2026-04-09T00:00:00+05:30,Delhi,no2,42.2
2026-04-10T00:00:00+05:30,Delhi,no2,36.1
2026-04-11T00:00:00+05:30,Delhi,no2,69.4
2026-04-12T00:00:00+05:30,Delhi,no2,9.38
2026-04-13T00:00:00+05:30,Delhi,no2,28.3
2026-04-14T00:00:00+05:30,Delhi,no2,50.0
2026-04-15T00:00:00+05:30,Delhi,no2,52.1
2026-04-16T00:00:00+05:30,Delhi,no2,56.5
2026-04-17T00:00:00+05:30,Delhi,no2,56.0
2026-04-18T00:00:00+05:30,Delhi,no2,46.6
2026-04-19T00:00:00+05:30,Delhi,no2,55.9
2026-04-20T00:00:00+05:30,Delhi,no2,60.2
2026-04-21T00:00:00+05:30,Delhi,no2,48.9
2026-04-22T00:00:00+05:30,Delhi,no2,50.0
2026-04-23T00:00:00+05:30,Delhi,no2,48.8
2026-04-24T00:00:00+05:30,Delhi,no2,55.7
2026-04-25T00:00:00+05:30,Delhi,no2,47.7
2026-04-26T00:00:00+05:30,Delhi,no2,41.6
2026-04-27T00:00:00+05:30,Delhi,no2,50.8
2026-04-28T00:00:00+05:30,Delhi,no2,39.0
2026-04-29T00:00:00+05:30,Delhi,no2,40.4
2026-04-30T00:00:00+05:30,Delhi,no2,30.6
2026-05-01T00:00:00+05:30,Delhi,no2,22.4
2026-05-02T00:00:00+05:30,Delhi,no2,19.7
2026-05-03T00:00:00+05:30,Delhi,no2,21.9
2026-05-04T00:00:00+05:30,Delhi,no2,16.2
2026-05-05T00:00:00+05:30,Delhi,no2,22.8
2026-05-06T00:00:00+05:30,Delhi,no2,31.7
2026-05-07T00:00:00+05:30,Delhi,no2,17.4
2026-05-08T00:00:00+05:30,Delhi,no2,18.9
2026-05-09T00:00:00+05:30,Delhi,no2,29.9
2026-05-10T00:00:00+05:30,Delhi,no2,23.2
2026-05-11T00:00:00+05:30,Delhi,no2,38.8
2026-05-12T00:00:00+05:30,Delhi,no2,24.1
2026-05-13T00:00:00+05:30,Delhi,no2,35.5
2026-05-14T00:00:00+05:30,Delhi,no2,32.1
2026-05-15T00:00:00+05:30,Delhi,no2,38.2
2026-05-16T00:00:00+05:30,Delhi,no2,55.5
2026-05-17T00:00:00+05:30,Delhi,no2,49.1
2026-05-18T00:00:00+05:30,Delhi,no2,45.7
2026-05-19T00:00:00+05:30,Delhi,no2,57.0
2026-05-20T00:00:00+05:30,Delhi,no2,44.2
2026-05-21T00:00:00+05:30,Delhi,no2,30.8
2026-05-22T00:00:00+05:30,Delhi,no2,37.9
2026-05-23T00:00:00+05:30,Delhi,no2,38.3
2026-05-24T00:00:00+05:30,Delhi,no2,46.9
2026-05-25T00:00:00+05:30,Delhi,no2,33.9
2026-05-26T00:00:00+05:30,Delhi,no2,52.7
2026-05-27T00:00:00+05:30,Delhi,no2,69.6
2026-05-28T00:00:00+05:30,Delhi,no2,31.0
2026-05-29T00:00:00+05:30,Delhi,no2,20.4
2026-05-30T00:00:00+05:30,Delhi,no2,20.2
2026-06-01T00:00:00+05:30,Delhi,no2,23.0
2026-06-02T00:00:00+05:30,Delhi,no2,30.7
2026-06-03T00:00:00+05:30,Delhi,no2,43.6
2026-06-04T00:00:00+05:30,Delhi,no2,32.3
2026-06-05T00:00:00+05:30,Delhi,no2,42.8
2026-06-06T00:00:00+05:30,Delhi,no2,42.1
2026-06-07T00:00:00+05:30,Delhi,no2,31.0
2026-06-08T00:00:00+05:30,Delhi,no2,37.8
2026-06-09T00:00:00+05:30,Delhi,no2,28.8
2026-06-10T00:00:00+05:30,Delhi,no2,45.3
2026-06-11T00:00:00+05:30,Delhi,no2,21.7
2026-06-12T00:00:00+05:30,Delhi,no2,13.6
2026-06-13T00:00:00+05:30,Delhi,no2,37.0
2026-06-14T00:00:00+05:30,Delhi,no2,51.3
2026-06-15T00:00:00+05:30,Delhi,no2,25.6
2026-06-16T00:00:00+05:30,Delhi,no2,40.8
2026-06-17T00:00:00+05:30,Delhi,no2,43.1
2026-06-18T00:00:00+05:30,Delhi,no2,56.1
2026-06-19T00:00:00+05:30,Delhi,no2,33.3
2026-06-20T00:00:00+05:30,Delhi,no2,42.8
2026-06-21T00:00:00+05:30,Delhi,no2,29.9
2026-06-22T00:00:00+05:30,Delhi,no2,42.9
2026-06-23T00:00:00+05:30,Delhi,no2,69.2
2026-06-25T00:00:00+05:30,Delhi,no2,61.0
2026-06-26T00:00:00+05:30,Delhi,no2,34.9
2026-06-27T00:00:00+05:30,Delhi,no2,39.2
2026-06-28T00:00:00+05:30,Delhi,no2,41.1
2026-06-29T00:00:00+05:30,Delhi,no2,37.7
2026-06-30T00:00:00+05:30,Delhi,no2,28.2
2026-07-01T00:00:00+05:30,Delhi,no2,22.4
2026-07-02T00:00:00+05:30,Delhi,no2,31.7
2026-07-03T00:00:00+05:30,Delhi,no2,25.4
2026-07-04T00:00:00+05:30,Delhi,no2,42.9
2026-07-05T00:00:00+05:30,Delhi,no2,46.7
2026-07-06T00:00:00+05:30,Delhi,no2,33.0
2026-07-07T00:00:00+05:30,Delhi,no2,41.0
2026-07-08T00:00:00+05:30,Delhi,no2,35.5
2026-07-09T00:00:00+05:30,Delhi,no2,24.9
2026-07-10T00:00:00+05:30,Delhi,no2,27.1
2026-07-11T00:00:00+05:30,Delhi,no2,35.9
2026-07-12T00:00:00+05:30,Delhi,no2,31.5
2026-07-13T00:00:00+05:30,Delhi,no2,26.2
2026-07-14T00:00:00+05:30,Delhi,no2,26.9
2026-07-15T00:00:00+05:30,Delhi,no2,35.6
2026-07-16T00:00:00+05:30,Delhi,no2,35.8
2026-07-17T00:00:00+05:30,Delhi,no2,42.0
2026-07-18T00:00:00+05:30,Delhi,no2,38.1
2026-07-19T00:00:00+05:30,Delhi,no2,30.2
2026-07-20T00:00:00+05:30,Delhi,no2,18.3
2026-07-21T00:00:00+05:30,Delhi,no2,10.4
2026-07-22T00:00:00+05:30,Delhi,no2,75.8
2026-07-23T00:00:00+05:30,Delhi,no2,82.9
2026-07-24T00:00:00+05:30,Delhi,no2,4.97
2026-07-25T00:00:00+05:30,Delhi,no2,5.28
2026-07-26T00:00:00+05:30,Delhi,no2,4.7
2026-07-27T00:00:00+05:30,Delhi,no2,11.3
2026-07-28T00:00:00+05:30,Delhi,no2,26.2
2026-07-29T00:00:00+05:30,Delhi,no2,32.4
2026-07-30T00:00:00+05:30,Delhi,no2,29.3
2026-08-01T00:00:00+05:30,Delhi,no2,17.8
2026-08-02T00:00:00+05:30,Delhi,no2,21.4
2026-08-03T00:00:00+05:30,Delhi,no2,20.7
2026-08-04T00:00:00+05:30,Delhi,no2,20.6
2026-08-05T00:00:00+05:30,Delhi,no2,35.0
2026-08-06T00:00:00+05:30,Delhi,no2,33.5
2026-08-07T00:00:00+05:30,Delhi,no2,32.2
2026-08-08T00:00:00+05:30,Delhi,no2,28.1
2026-08-09T00:00:00+05:30,Delhi,no2,30.1
2026-08-10T00:00:00+05:30,Delhi,no2,30.7
2026-08-11T00:00:00+05:30,Delhi,no2,24.1
2026-08-12T00:00:00+05:30,Delhi,no2,35.2
2026-08-13T00:00:00+05:30,Delhi,no2,33.5
2026-08-14T00:00:00+05:30,Delhi,no2,37.9
2026-08-15T00:00:00+05:30,Delhi,no2,24.9
2026-08-16T00:00:00+05:30,Delhi,no2,21.1
2026-08-17T00:00:00+05:30,Delhi,no2,24.6
2026-08-18T00:00:00+05:30,Delhi,no2,21.4
2026-08-19T00:00:00+05:30,Delhi,no2,27.7
2026-08-20T00:00:00+05:30,Delhi,no2,26.3
2026-08-21T00:00:00+05:30,Delhi,no2,24.4
2026-08-22T00:00:00+05:30,Delhi,no2,26.6
2026-08-23T00:00:00+05:30,Delhi,no2,25.2
2026-08-24T00:00:00+05:30,Delhi,no2,42.4
2026-08-25T00:00:00+05:30,Delhi,no2,33.6
2026-08-26T00:00:00+05:30,Delhi,no2,29.7
2026-08-27T00:00:00+05:30,Delhi,no2,28.9
2026-08-28T00:00:00+05:30,Delhi,no2,37.1
2026-08-29T00:00:00+05:30,Delhi,no2,33.5
2026-08-30T00:00:00+05:30,Delhi,no2,25.3
2026-08-31T00:00:00+05:30,Delhi,no2,25.8
2026-09-01T00:00:00+05:30,Delhi,no2,24.6
2026-09-02T00:00:00+05:30,Delhi,no2,28.3
2026-09-03T00:00:00+05:30,Delhi,no2,28.1
2026-09-04T00:00:00+05:30,Delhi,no2,23.3
2026-09-05T00:00:00+05:30,Delhi,no2,28.0
2026-09-06T00:00:00+05:30,Delhi,no2,23.0
2026-09-07T00:00:00+05:30,Delhi,no2,31.2
2025-02-19T00:00:00+05:30,Delhi,so2,31.7
2025-02-20T00:00:00+05:30,Delhi,so2,28.8
2025-02-21T00:00:00+05:30,Delhi,so2,30.9
2025-02-22T00:00:00+05:30,Delhi,so2,26.3
2025-02-23T00:00:00+05:30,Delhi,so2,26.8
2025-02-24T00:00:00+05:30,Delhi,so2,36.4
2025-02-25T00:00:00+05:30,Delhi,so2,37.7
2025-02-26T00:00:00+05:30,Delhi,so2,40.5
2025-02-27T00:00:00+05:30,Delhi,so2,35.8
2025-02-28T00:00:00+05:30,Delhi,so2,31.8
2025-03-01T00:00:00+05:30,Delhi,so2,30.7
2025-03-03T00:00:00+05:30,Delhi,so2,24.9
2025-03-04T00:00:00+05:30,Delhi,so2,22.7
2025-03-05T00:00:00+05:30,Delhi,so2,19.3
2025-03-06T00:00:00+05:30,Delhi,so2,22.0
2025-03-07T00:00:00+05:30,Delhi,so2,32.5
2025-03-08T00:00:00+05:30,Delhi,so2,18.2
2025-03-09T00:00:00+05:30,Delhi,so2,21.2
2025-03-10T00:00:00+05:30,Delhi,so2,18.0
2025-03-11T00:00:00+05:30,Delhi,so2,26.9
2025-03-12T00:00:00+05:30,Delhi,so2,31.9
2025-03-13T00:00:00+05:30,Delhi,so2,33.5
2025-03-14T00:00:00+05:30,Delhi,so2,28.9
2025-03-15T00:00:00+05:30,Delhi,so2,25.0
2025-03-16T00:00:00+05:30,Delhi,so2,25.9
2025-03-17T00:00:00+05:30,Delhi,so2,23.7
2025-03-18T00:00:00+05:30,Delhi,so2,24.7
2025-03-19T00:00:00+05:30,Delhi,so2,31.8
2025-03-20T00:00:00+05:30,Delhi,so2,34.5
2025-03-21T00:00:00+05:30,Delhi,so2,35.1
2025-03-22T00:00:00+05:30,Delhi,so2,33.7
2025-03-23T00:00:00+05:30,Delhi,so2,28.6
2025-03-24T00:00:00+05:30,Delhi,so2,34.7
2025-03-25T00:00:00+05:30,Delhi,so2,39.2
2025-03-26T00:00:00+05:30,Delhi,so2,39.3
2025-03-27T00:00:00+05:30,Delhi,so2,46.2
2025-03-28T00:00:00+05:30,Delhi,so2,29.7
2025-03-29T00:00:00+05:30,Delhi,so2,12.9
2025-03-30T00:00:00+05:30,Delhi,so2,10.4
2025-04-01T00:00:00+05:30,Delhi,so2,20.7
2025-04-02T00:00:00+05:30,Delhi,so2,35.9
2025-04-03T00:00:00+05:30,Delhi,so2,30.3
2025-04-04T00:00:00+05:30,Delhi,so2,31.1
2025-04-05T00:00:00+05:30,Delhi,so2,27.4
2025-04-06T00:00:00+05:30,Delhi,so2,35.5
2025-04-07T00:00:00+05:30,Delhi,so2,40.0
2025-04-08T00:00:00+05:30,Delhi,so2,21.5
2025-04-09T00:00:00+05:30,Delhi,so2,12.7
2025-04-11T00:00:00+05:30,Delhi,so2,14.9
2025-04-12T00:00:00+05:30,Delhi,so2,19.8
2025-04-13T00:00:00+05:30,Delhi,so2,31.7
2025-04-14T00:00:00+05:30,Delhi,so2,48.7
2025-04-15T00:00:00+05:30,Delhi,so2,32.9
2025-04-16T00:00:00+05:30,Delhi,so2,35.4
2025-04-17T00:00:00+05:30,Delhi,so2,24.4
2025-04-18T00:00:00+05:30,Delhi,so2,21.8
2025-04-19T00:00:00+05:30,Delhi,so2,16.9
2025-04-20T00:00:00+05:30,Delhi,so2,10.9
2025-04-21T00:00:00+05:30,Delhi,so2,19.7
2025-04-22T00:00:00+05:30,Delhi,so2,31.5
2025-04-23T00:00:00+05:30,Delhi,so2,35.0
2025-04-24T00:00:00+05:30,Delhi,so2,44.3
2025-04-25T00:00:00+05:30,Delhi,so2,50.0
2025-04-26T00:00:00+05:30,Delhi,so2,46.9
2025-04-27T00:00:00+05:30,Delhi,so2,20.3
2025-04-28T00:00:00+05:30,Delhi,so2,23.0
2025-04-30T00:00:00+05:30,Delhi,so2,4.8
2025-05-01T00:00:00+05:30,Delhi,so2,7.95
2025-05-02T00:00:00+05:30,Delhi,so2,7.21
2025-05-03T00:00:00+05:30,Delhi,so2,18.1
2025-05-04T00:00:00+05:30,Delhi,so2,27.8
2025-05-05T00:00:00+05:30,Delhi,so2,9.39
2025-05-06T00:00:00+05:30,Delhi,so2,9.69
2025-05-07T00:00:00+05:30,Delhi,so2,9.37
2025-05-08T00:00:00+05:30,Delhi,so2,21.5
2025-05-09T00:00:00+05:30,Delhi,so2,17.2
2025-05-10T00:00:00+05:30,Delhi,so2,20.4
2025-05-11T00:00:00+05:30,Delhi,so2,15.3
2025-05-12T00:00:00+05:30,Delhi,so2,11.2
2025-05-13T00:00:00+05:30,Delhi,so2,6.52
2025-05-14T00:00:00+05:30,Delhi,so2,11.4
2025-05-15T00:00:00+05:30,Delhi,so2,13.8
2025-05-16T00:00:00+05:30,Delhi,so2,26.3
2025-05-17T00:00:00+05:30,Delhi,so2,3.39
2025-05-18T00:00:00+05:30,Delhi,so2,10.2
2025-05-19T00:00:00+05:30,Delhi,so2,6.95
2025-05-20T00:00:00+05:30,Delhi,so2,12.7
2025-05-21T00:00:00+05:30,Delhi,so2,13.3
2025-05-22T00:00:00+05:30,Delhi,so2,11.0
2025-05-23T00:00:00+05:30,Delhi,so2,6.36
2025-05-24T00:00:00+05:30,Delhi,so2,14.9
2025-05-25T00:00:00+05:30,Delhi,so2,11.0
2025-05-26T00:00:00+05:30,Delhi,so2,22.2
2025-05-27T00:00:00+05:30,Delhi,so2,20.3
2025-05-28T00:00:00+05:30,Delhi,so2,20.4
2025-05-29T00:00:00+05:30,Delhi,so2,15.6
2025-05-30T00:00:00+05:30,Delhi,so2,16.1
2025-06-01T00:00:00+05:30,Delhi,so2,9.08
2025-06-02T00:00:00+05:30,Delhi,so2,16.5
2025-06-03T00:00:00+05:30,Delhi,so2,19.9
2025-06-04T00:00:00+05:30,Delhi,so2,15.1
2025-06-05T00:00:00+05:30,Delhi,so2,13.0
2025-06-06T00:00:00+05:30,Delhi,so2,24.9
2025-06-07T00:00:00+05:30,Delhi,so2,15.7
2025-06-08T00:00:00+05:30,Delhi,so2,8.09
2025-06-09T00:00:00+05:30,Delhi,so2,14.2
2025-06-10T00:00:00+05:30,Delhi,so2,20.9
2025-06-11T00:00:00+05:30,Delhi,so2,21.0
2025-06-12T00:00:00+05:30,Delhi,so2,22.1
2025-06-13T00:00:00+05:30,Delhi,so2,21.9
2025-06-14T00:00:00+05:30,Delhi,so2,23.4
2025-06-15T00:00:00+05:30,Delhi,so2,26.7
2025-06-16T00:00:00+05:30,Delhi,so2,18.8
2025-06-17T00:00:00+05:30,Delhi,so2,25.5
2025-06-18T00:00:00+05:30,Delhi,so2,27.7
2025-06-19T00:00:00+05:30,Delhi,so2,22.5
2025-06-20T00:00:00+05:30,Delhi,so2,26.2
2025-06-21T00:00:00+05:30,Delhi,so2,17.4
2025-06-22T00:00:00+05:30,Delhi,so2,8.63
2025-06-23T00:00:00+05:30,Delhi,so2,22.3
2025-06-24T00:00:00+05:30,Delhi,so2,44.4
2025-06-25T00:00:00+05:30,Delhi,so2,1.53
2025-06-26T00:00:00+05:30,Delhi,so2,29.2
2025-06-27T00:00:00+05:30,Delhi,so2,25.0
2025-06-28T00:00:00+05:30,Delhi,so2,17.5
2025-06-29T00:00:00+05:30,Delhi,so2,24.5
2025-06-30T00:00:00+05:30,Delhi,so2,29.5
2025-07-01T00:00:00+05:30,Delhi,so2,43.3
2025-07-02T00:00:00+05:30,Delhi,so2,18.8
2025-07-03T00:00:00+05:30,Delhi,so2,23.7
2025-07-04T00:00:00+05:30,Delhi,so2,22.8
2025-07-05T00:00:00+05:30,Delhi,so2,29.0
2025-07-06T00:00:00+05:30,Delhi,so2,17.4
2025-07-07T00:00:00+05:30,Delhi,so2,24.3
2025-07-08T00:00:00+05:30,Delhi,so2,13.7
2025-07-09T00:00:00+05:30,Delhi,so2,8.98
2025-07-10T00:00:00+05:30,Delhi,so2,19.5
2025-07-11T00:00:00+05:30,Delhi,so2,20.0
2025-07-12T00:00:00+05:30,Delhi,so2,24.9
2025-07-13T00:00:00+05:30,Delhi,so2,16.2
2025-07-14T00:00:00+05:30,Delhi,so2,13.6
2025-07-15T00:00:00+05:30,Delhi,so2,13.2
2025-07-16T00:00:00+05:30,Delhi,so2,20.8
2025-07-17T00:00:00+05:30,Delhi,so2,8.05
2025-07-18T00:00:00+05:30,Delhi,so2,21.8
2025-07-19T00:00:00+05:30,Delhi,so2,14.3
2025-07-20T00:00:00+05:30,Delhi,so2,10.3
2025-07-21T00:00:00+05:30,Delhi,so2,17.8
2025-07-22T00:00:00+05:30,Delhi,so2,8.09
2025-07-23T00:00:00+05:30,Delhi,so2,20.9
2025-07-24T00:00:00+05:30,Delhi,so2,12.8
2025-07-25T00:00:00+05:30,Delhi,so2,17.2
2025-07-26T00:00:00+05:30,Delhi,so2,7.68
2025-07-27T00:00:00+05:30,Delhi,so2,11.7
2025-07-28T00:00:00+05:30,Delhi,so2,31.8
2025-07-29T00:00:00+05:30,Delhi,so2,17.9
2025-07-30T00:00:00+05:30,Delhi,so2,27.5
2025-08-01T00:00:00+05:30,Delhi,so2,21.6
2025-08-02T00:00:00+05:30,Delhi,so2,19.9
2025-08-03T00:00:00+05:30,Delhi,so2,20.1
2025-08-04T00:00:00+05:30,Delhi,so2,80.4
2025-08-05T00:00:00+05:30,Delhi,so2,19.4
2025-08-06T00:00:00+05:30,Delhi,so2,11.6
2025-08-07T00:00:00+05:30,Delhi,so2,13.8
2025-08-08T00:00:00+05:30,Delhi,so2,13.1
2025-08-09T00:00:00+05:30,Delhi,so2,15.5
2025-08-10T00:00:00+05:30,Delhi,so2,13.8
2025-08-11T00:00:00+05:30,Delhi,so2,12.7
2025-08-12T00:00:00+05:30,Delhi,so2,9.51
2025-08-13T00:00:00+05:30,Delhi,so2,13.1
2025-08-14T00:00:00+05:30,Delhi,so2,10.5
2025-08-15T00:00:00+05:30,Delhi,so2,10.9
2025-08-16T00:00:00+05:30,Delhi,so2,11.9
2025-08-17T00:00:00+05:30,Delhi,so2,9.04
2025-08-18T00:00:00+05:30,Delhi,so2,3.51
2025-08-19T00:00:00+05:30,Delhi,so2,11.1
2025-08-20T00:00:00+05:30,Delhi,so2,11.8
2025-08-21T00:00:00+05:30,Delhi,so2,15.9
2025-08-22T00:00:00+05:30,Delhi,so2,16.1
2025-08-23T00:00:00+05:30,Delhi,so2,13.5
2025-08-24T00:00:00+05:30,Delhi,so2,12.9
2025-08-25T00:00:00+05:30,Delhi,so2,13.4
2025-08-26T00:00:00+05:30,Delhi,so2,16.4
2025-08-27T00:00:00+05:30,Delhi,so2,127.0
2025-08-28T00:00:00+05:30,Delhi,so2,2.97
2025-08-29T00:00:00+05:30,Delhi,so2,302.0
2025-08-30T00:00:00+05:30,Delhi,so2,18.4
2025-08-31T00:00:00+05:30,Delhi,so2,1.87
2025-09-01T00:00:00+05:30,Delhi,so2,3.37
2025-09-02T00:00:00+05:30,Delhi,so2,144.0
2025-09-03T00:00:00+05:30,Delhi,so2,10.6
2025-09-04T00:00:00+05:30,Delhi,so2,11.7
2025-09-05T00:00:00+05:30,Delhi,so2,144.0
2025-09-06T00:00:00+05:30,Delhi,so2,9.13
2025-09-07T00:00:00+05:30,Delhi,so2,6.88
2025-09-08T00:00:00+05:30,Delhi,so2,6.57
2025-09-09T00:00:00+05:30,Delhi,so2,4.09
2025-09-10T00:00:00+05:30,Delhi,so2,2.15
2025-09-11T00:00:00+05:30,Delhi,so2,8.52
2025-09-12T00:00:00+05:30,Delhi,so2,3.03
2025-09-13T00:00:00+05:30,Delhi,so2,12.2
2025-09-14T00:00:00+05:30,Delhi,so2,4.29
2025-09-15T00:00:00+05:30,Delhi,so2,10.0
2025-09-16T00:00:00+05:30,Delhi,so2,5.29
2025-09-17T00:00:00+05:30,Delhi,so2,14.0
2025-09-18T00:00:00+05:30,Delhi,so2,17.1
2025-09-19T00:00:00+05:30,Delhi,so2,6.22
2025-09-20T00:00:00+05:30,Delhi,so2,8.18
2025-09-21T00:00:00+05:30,Delhi,so2,13.7
2025-09-22T00:00:00+05:30,Delhi,so2,10.5
2025-09-23T00:00:00+05:30,Delhi,so2,11.8
2025-09-24T00:00:00+05:30,Delhi,so2,13.5
2025-09-25T00:00:00+05:30,Delhi,so2,7.38
2025-09-26T00:00:00+05:30,Delhi,so2,13.8
2025-09-27T00:00:00+05:30,Delhi,so2,20.5
2025-09-28T00:00:00+05:30,Delhi,so2,7.63
2025-09-29T00:00:00+05:30,Delhi,so2,17.1
2025-10-01T00:00:00+05:30,Delhi,so2,25.8
2025-10-02T00:00:00+05:30,Delhi,so2,11.5
2025-10-03T00:00:00+05:30,Delhi,so2,18.5
2025-10-04T00:00:00+05:30,Delhi,so2,22.3
2025-10-05T00:00:00+05:30,Delhi,so2,13.8
2025-10-06T00:00:00+05:30,Delhi,so2,7.79
2025-10-07T00:00:00+05:30,Delhi,so2,14.7
2025-10-08T00:00:00+05:30,Delhi,so2,18.4
2025-10-09T00:00:00+05:30,Delhi,so2,12.6
2025-10-10T00:00:00+05:30,Delhi,so2,21.2
2025-10-11T00:00:00+05:30,Delhi,so2,16.1
2025-10-12T00:00:00+05:30,Delhi,so2,16.6
2025-10-13T00:00:00+05:30,Delhi,so2,33.3
2025-10-14T00:00:00+05:30,Delhi,so2,27.1
2025-10-15T00:00:00+05:30,Delhi,so2,15.7
2025-10-16T00:00:00+05:30,Delhi,so2,17.5
2025-10-17T00:00:00+05:30,Delhi,so2,11.3
2025-10-18T00:00:00+05:30,Delhi,so2,18.9
2025-10-19T00:00:00+05:30,Delhi,so2,17.4
2025-10-20T00:00:00+05:30,Delhi,so2,20.2
2025-10-21T00:00:00+05:30,Delhi,so2,20.1
2025-10-22T00:00:00+05:30,Delhi,so2,13.2
2025-10-23T00:00:00+05:30,Delhi,so2,10.9
2025-10-24T00:00:00+05:30,Delhi,so2,10.5
2025-10-25T00:00:00+05:30,Delhi,so2,9.71
2025-10-26T00:00:00+05:30,Delhi,so2,13.4
2025-10-27T00:00:00+05:30,Delhi,so2,4.83
2025-10-28T00:00:00+05:30,Delhi,so2,14.9
2025-10-29T00:00:00+05:30,Delhi,so2,32.5
2025-10-30T00:00:00+05:30,Delhi,so2,382.0
2025-10-31T00:00:00+05:30,Delhi,so2,13.3
2025-11-01T00:00:00+05:30,Delhi,so2,28.5
2025-11-02T00:00:00+05:30,Delhi,so2,10.7
2025-11-03T00:00:00+05:30,Delhi,so2,13.3
2025-11-04T00:00:00+05:30,Delhi,so2,10.1
2025-11-05T00:00:00+05:30,Delhi,so2,11.0
2025-11-06T00:00:00+05:30,Delhi,so2,24.0
2025-11-07T00:00:00+05:30,Delhi,so2,22.5
2025-11-08T00:00:00+05:30,Delhi,so2,30.0
2025-11-09T00:00:00+05:30,Delhi,so2,19.0
2025-11-10T00:00:00+05:30,Delhi,so2,30.2
2025-11-11T00:00:00+05:30,Delhi,so2,24.2
2025-11-12T00:00:00+05:30,Delhi,so2,59.8
2025-11-13T00:00:00+05:30,Delhi,so2,36.3
2025-11-14T00:00:00+05:30,Delhi,so2,41.3
2025-11-15T00:00:00+05:30,Delhi,so2,56.1
2025-11-16T00:00:00+05:30,Delhi,so2,95.7
2025-11-17T00:00:00+05:30,Delhi,so2,23.3
2025-11-18T00:00:00+05:30,Delhi,so2,216.0
2025-11-19T00:00:00+05:30,Delhi,so2,17.8
2025-11-20T00:00:00+05:30,Delhi,so2,17.7
2025-11-21T00:00:00+05:30,Delhi,so2,14.5
2025-11-22T00:00:00+05:30,Delhi,so2,12.3
2025-11-23T00:00:00+05:30,Delhi,so2,12.6
2025-11-24T00:00:00+05:30,Delhi,so2,7.42
2025-11-25T00:00:00+05:30,Delhi,so2,3.97
2025-11-26T00:00:00+05:30,Delhi,so2,4.88
2025-11-27T00:00:00+05:30,Delhi,so2,9.28
2025-11-28T00:00:00+05:30,Delhi,so2,7.9
2025-11-29T00:00:00+05:30,Delhi,so2,6.47
2025-12-01T00:00:00+05:30,Delhi,so2,8.5
2025-12-02T00:00:00+05:30,Delhi,so2,11.0
2025-12-03T00:00:00+05:30,Delhi,so2,7.55
2025-12-04T00:00:00+05:30,Delhi,so2,4.16
2025-12-05T00:00:00+05:30,Delhi,so2,3.83
2025-12-06T00:00:00+05:30,Delhi,so2,5.76
2025-12-07T00:00:00+05:30,Delhi,so2,3.22
2025-12-08T00:00:00+05:30,Delhi,so2,3.49
2025-12-09T00:00:00+05:30,Delhi,so2,3.92
2025-12-10T00:00:00+05:30,Delhi,so2,3.82
2025-12-11T00:00:00+05:30,Delhi,so2,8.11
2025-12-12T00:00:00+05:30,Delhi,so2,8.69
2025-12-13T00:00:00+05:30,Delhi,so2,12.7
2025-12-14T00:00:00+05:30,Delhi,so2,13.3
2025-12-15T00:00:00+05:30,Delhi,so2,12.0
2025-12-16T00:00:00+05:30,Delhi,so2,16.5
2025-12-17T00:00:00+05:30,Delhi,so2,65.8
2025-12-18T00:00:00+05:30,Delhi,so2,15.9
2025-12-19T00:00:00+05:30,Delhi,so2,10.6
2025-12-20T00:00:00+05:30,Delhi,so2,12.2
2025-12-21T00:00:00+05:30,Delhi,so2,22.6
2025-12-22T00:00:00+05:30,Delhi,so2,19.2
2025-12-23T00:00:00+05:30,Delhi,so2,13.4
2025-12-24T00:00:00+05:30,Delhi,so2,16.1
2025-12-25T00:00:00+05:30,Delhi,so2,17.6
2025-12-26T00:00:00+05:30,Delhi,so2,16.2
2025-12-27T00:00:00+05:30,Delhi,so2,20.8
2025-12-28T00:00:00+05:30,Delhi,so2,15.9
2025-12-29T00:00:00+05:30,Delhi,so2,6.35
2025-12-30T00:00:00+05:30,Delhi,so2,29.4
2025-12-31T00:00:00+05:30,Delhi,so2,13.0
2026-01-01T00:00:00+05:30,Delhi,so2,22.2
2026-01-02T00:00:00+05:30,Delhi,so2,23.1
2026-01-03T00:00:00+05:30,Delhi,so2,28.6
2026-01-04T00:00:00+05:30,Delhi,so2,19.2
2026-01-05T00:00:00+05:30,Delhi,so2,22.7
2026-01-06T00:00:00+05:30,Delhi,so2,21.9
2026-01-07T00:00:00+05:30,Delhi,so2,25.2
2026-01-08T00:00:00+05:30,Delhi,so2,15.6
2026-01-09T00:00:00+05:30,Delhi,so2,35.3
2026-01-10T00:00:00+05:30,Delhi,so2,29.0
2026-01-20T00:00:00+05:30,Delhi,so2,61.8
2026-01-21T00:00:00+05:30,Delhi,so2,19.6
2026-01-22T00:00:00+05:30,Delhi,so2,21.8
2026-01-23T00:00:00+05:30,Delhi,so2,11.4
2026-01-24T00:00:00+05:30,Delhi,so2,13.6
2026-01-25T00:00:00+05:30,Delhi,so2,28.6
2026-01-26T00:00:00+05:30,Delhi,so2,15.2
2026-01-27T00:00:00+05:30,Delhi,so2,17.6
2026-01-28T00:00:00+05:30,Delhi,so2,26.1
2026-01-29T00:00:00+05:30,Delhi,so2,19.7
2026-01-30T00:00:00+05:30,Delhi,so2,16.3
2026-02-01T00:00:00+05:30,Delhi,so2,14.6
2026-02-02T00:00:00+05:30,Delhi,so2,11.3
2026-02-03T00:00:00+05:30,Delhi,so2,21.1
2026-02-04T00:00:00+05:30,Delhi,so2,16.5
2026-02-05T00:00:00+05:30,Delhi,so2,18.7
2026-02-06T00:00:00+05:30,Delhi,so2,16.5
2026-02-07T00:00:00+05:30,Delhi,so2,15.7
2026-02-08T00:00:00+05:30,Delhi,so2,29.2
2026-02-09T00:00:00+05:30,Delhi,so2,19.0
2026-02-10T00:00:00+05:30,Delhi,so2,18.6
2026-02-11T00:00:00+05:30,Delhi,so2,19.6
2026-02-12T00:00:00+05:30,Delhi,so2,29.1
2026-02-13T00:00:00+05:30,Delhi,so2,23.8
2026-02-14T00:00:00+05:30,Delhi,so2,26.4
2026-02-15T00:00:00+05:30,Delhi,so2,20.6
2026-02-16T00:00:00+05:30,Delhi,so2,26.6
2026-02-17T00:00:00+05:30,Delhi,so2,12.5
2026-02-18T00:00:00+05:30,Delhi,so2,12.0
2026-02-19T00:00:00+05:30,Delhi,so2,28.6
2026-02-20T00:00:00+05:30,Delhi,so2,30.3
2026-02-21T00:00:00+05:30,Delhi,so2,20.3
2026-02-22T00:00:00+05:30,Delhi,so2,24.2
2026-02-23T00:00:00+05:30,Delhi,so2,22.3
2026-02-24T00:00:00+05:30,Delhi,so2,24.4
2026-02-25T00:00:00+05:30,Delhi,so2,15.1
2026-02-26T00:00:00+05:30,Delhi,so2,24.0
2026-02-27T00:00:00+05:30,Delhi,so2,19.1
2026-02-28T00:00:00+05:30,Delhi,so2,21.6
2026-03-01T00:00:00+05:30,Delhi,so2,23.1
2026-03-02T00:00:00+05:30,Delhi,so2,34.3
2026-03-03T00:00:00+05:30,Delhi,so2,29.1
2026-03-04T00:00:00+05:30,Delhi,so2,27.0
2026-03-05T00:00:00+05:30,Delhi,so2,31.3
2026-03-06T00:00:00+05:30,Delhi,so2,30.0
2026-03-07T00:00:00+05:30,Delhi,so2,37.3
2026-03-08T00:00:00+05:30,Delhi,so2,27.0
2026-03-09T00:00:00+05:30,Delhi,so2,51.1
2026-03-10T00:00:00+05:30,Delhi,so2,57.5
2026-03-11T00:00:00+05:30,Delhi,so2,29.2
2026-03-12T00:00:00+05:30,Delhi,so2,54.4
2026-03-13T00:00:00+05:30,Delhi,so2,32.7
2026-03-14T00:00:00+05:30,Delhi,so2,26.4
2026-03-15T00:00:00+05:30,Delhi,so2,12.1
2026-03-16T00:00:00+05:30,Delhi,so2,24.6
2026-03-17T00:00:00+05:30,Delhi,so2,11.2
2026-03-18T00:00:00+05:30,Delhi,so2,13.7
2026-03-19T00:00:00+05:30,Delhi,so2,10.6
2026-03-20T00:00:00+05:30,Delhi,so2,9.29
2026-03-21T00:00:00+05:30,Delhi,so2,3.14
2026-03-22T00:00:00+05:30,Delhi,so2,5.56
2026-03-23T00:00:00+05:30,Delhi,so2,8.91
2026-03-24T00:00:00+05:30,Delhi,so2,42.7
2026-03-25T00:00:00+05:30,Delhi,so2,12.3
2026-03-26T00:00:00+05:30,Delhi,so2,50.0
2026-03-27T00:00:00+05:30,Delhi,so2,151.0
2026-03-28T00:00:00+05:30,Delhi,so2,26.4
2026-03-29T00:00:00+05:30,Delhi,so2,26.9
2026-03-30T00:00:00+05:30,Delhi,so2,8.94
2026-04-01T00:00:00+05:30,Delhi,so2,11.0
2026-04-02T00:00:00+05:30,Delhi,so2,22.6
2026-04-03T00:00:00+05:30,Delhi,so2,18.1
2026-04-04T00:00:00+05:30,Delhi,so2,9.58
2026-04-05T00:00:00+05:30,Delhi,so2,50.8
2026-04-06T00:00:00+05:30,Delhi,so2,22.1
2026-04-07T00:00:00+05:30,Delhi,so2,16.9
2026-04-08T00:00:00+05:30,Delhi,so2,5.35
2026-04-09T00:00:00+05:30,Delhi,so2,45.9
2026-04-10T00:00:00+05:30,Delhi,so2,27.6
2026-04-11T00:00:00+05:30,Delhi,so2,32.1
2026-04-12T00:00:00+05:30,Delhi,so2,376.0
2026-04-13T00:00:00+05:30,Delhi,so2,20.3
2026-04-14T00:00:00+05:30,Delhi,so2,60.9
2026-04-15T00:00:00+05:30,Delhi,so2,28.7
2026-04-16T00:00:00+05:30,Delhi,so2,29.7
2026-04-17T00:00:00+05:30,Delhi,so2,61.3
2026-04-18T00:00:00+05:30,Delhi,so2,88.0
2026-04-19T00:00:00+05:30,Delhi,so2,30.4
2026-04-20T00:00:00+05:30,Delhi,so2,30.9
2026-04-21T00:00:00+05:30,Delhi,so2,46.8
2026-04-22T00:00:00+05:30,Delhi,so2,70.9
2026-04-23T00:00:00+05:30,Delhi,so2,30.6
2026-04-24T00:00:00+05:30,Delhi,so2,67.4
2026-04-25T00:00:00+05:30,Delhi,so2,38.3
2026-04-26T00:00:00+05:30,Delhi,so2,46.0
2026-04-27T00:00:00+05:30,Delhi,so2,55.9
2026-04-28T00:00:00+05:30,Delhi,so2,38.7
2026-04-29T00:00:00+05:30,Delhi,so2,29.4
2026-04-30T00:00:00+05:30,Delhi,so2,26.1
2026-05-01T00:00:00+05:30,Delhi,so2,53.0
2026-05-02T00:00:00+05:30,Delhi,so2,38.7
2026-05-03T00:00:00+05:30,Delhi,so2,29.9
2026-05-04T00:00:00+05:30,Delhi,so2,36.6
2026-05-05T00:00:00+05:30,Delhi,so2,48.3
2026-05-06T00:00:00+05:30,Delhi,so2,60.1
2026-05-07T00:00:00+05:30,Delhi,so2,11.8
2026-05-08T00:00:00+05:30,Delhi,so2,17.9
2026-05-09T00:00:00+05:30,Delhi,so2,30.3
2026-05-10T00:00:00+05:30,Delhi,so2,23.0
2026-05-11T00:00:00+05:30,Delhi,so2,15.5
2026-05-12T00:00:00+05:30,Delhi,so2,26.4
2026-05-13T00:00:00+05:30,Delhi,so2,40.3
2026-05-14T00:00:00+05:30,Delhi,so2,19.6
2026-05-15T00:00:00+05:30,Delhi,so2,39.6
2026-05-16T00:00:00+05:30,Delhi,so2,25.4
2026-05-17T00:00:00+05:30,Delhi,so2,18.6
2026-05-18T00:00:00+05:30,Delhi,so2,20.6
2026-05-19T00:00:00+05:30,Delhi,so2,13.9
2026-05-20T00:00:00+05:30,Delhi,so2,14.5
2026-05-21T00:00:00+05:30,Delhi,so2,13.8
2026-05-22T00:00:00+05:30,Delhi,so2,16.1
2026-05-23T00:00:00+05:30,Delhi,so2,14.2
2026-05-24T00:00:00+05:30,Delhi,so2,16.5
2026-05-25T00:00:00+05:30,Delhi,so2,12.0
2026-05-26T00:00:00+05:30,Delhi,so2,17.7
2026-05-27T00:00:00+05:30,Delhi,so2,13.6
2026-05-28T00:00:00+05:30,Delhi,so2,19.5
2026-05-29T00:00:00+05:30,Delhi,so2,20.6
2026-05-30T00:00:00+05:30,Delhi,so2,15.6
2026-06-01T00:00:00+05:30,Delhi,so2,17.5
2026-06-02T00:00:00+05:30,Delhi,so2,14.2
2026-06-03T00:00:00+05:30,Delhi,so2,14.6
2026-06-04T00:00:00+05:30,Delhi,so2,13.9
2026-06-05T00:00:00+05:30,Delhi,so2,15.6
2026-06-06T00:00:00+05:30,Delhi,so2,14.3
2026-06-07T00:00:00+05:30,Delhi,so2,12.3
2026-06-08T00:00:00+05:30,Delhi,so2,16.0
2026-06-09T00:00:00+05:30,Delhi,so2,20.0
2026-06-10T00:00:00+05:30,Delhi,so2,34.7
2026-06-11T00:00:00+05:30,Delhi,so2,25.9
2026-06-12T00:00:00+05:30,Delhi,so2,20.6
2026-06-13T00:00:00+05:30,Delhi,so2,10.5
2026-06-14T00:00:00+05:30,Delhi,so2,7.38
2026-06-15T00:00:00+05:30,Delhi,so2,12.2
2026-06-16T00:00:00+05:30,Delhi,so2,17.9
2026-06-17T00:00:00+05:30,Delhi,so2,24.7
2026-06-18T00:00:00+05:30,Delhi,so2,15.0
2026-06-19T00:00:00+05:30,Delhi,so2,16.5
2026-06-20T00:00:00+05:30,Delhi,so2,28.3
2026-06-21T00:00:00+05:30,Delhi,so2,23.2
2026-06-22T00:00:00+05:30,Delhi,so2,53.1
2026-06-23T00:00:00+05:30,Delhi,so2,29.6
2026-06-25T00:00:00+05:30,Delhi,so2,9.84
2026-06-26T00:00:00+05:30,Delhi,so2,31.3
2026-06-27T00:00:00+05:30,Delhi,so2,17.9
2026-06-28T00:00:00+05:30,Delhi,so2,39.4
2026-06-29T00:00:00+05:30,Delhi,so2,60.7
2026-06-30T00:00:00+05:30,Delhi,so2,26.8
2026-07-01T00:00:00+05:30,Delhi,so2,30.0
2026-07-02T00:00:00+05:30,Delhi,so2,30.7
2026-07-03T00:00:00+05:30,Delhi,so2,26.3
2026-07-04T00:00:00+05:30,Delhi,so2,30.7
2026-07-05T00:00:00+05:30,Delhi,so2,30.5
2026-07-06T00:00:00+05:30,Delhi,so2,30.1
2026-07-07T00:00:00+05:30,Delhi,so2,32.2
2026-07-08T00:00:00+05:30,Delhi,so2,26.7
2026-07-09T00:00:00+05:30,Delhi,so2,33.3
2026-07-10T00:00:00+05:30,Delhi,so2,23.8
2026-07-11T00:00:00+05:30,Delhi,so2,24.5
2026-07-12T00:00:00+05:30,Delhi,so2,19.3
2026-07-13T00:00:00+05:30,Delhi,so2,19.1
2026-07-14T00:00:00+05:30,Delhi,so2,17.1
2026-07-15T00:00:00+05:30,Delhi,so2,20.6
2026-07-16T00:00:00+05:30,Delhi,so2,19.5
2026-07-17T00:00:00+05:30,Delhi,so2,27.6
2026-07-18T00:00:00+05:30,Delhi,so2,26.5
2026-07-19T00:00:00+05:30,Delhi,so2,24.0
2026-07-20T00:00:00+05:30,Delhi,so2,32.0
2026-07-21T00:00:00+05:30,Delhi,so2,21.2
2026-07-22T00:00:00+05:30,Delhi,so2,6.6
2026-07-23T00:00:00+05:30,Delhi,so2,2.19
2026-07-24T00:00:00+05:30,Delhi,so2,1.95
2026-07-25T00:00:00+05:30,Delhi,so2,2.25
2026-07-26T00:00:00+05:30,Delhi,so2,1.68
2026-07-27T00:00:00+05:30,Delhi,so2,1.43
2026-07-28T00:00:00+05:30,Delhi,so2,2.7
2026-07-29T00:00:00+05:30,Delhi,so2,3.79
2026-07-30T00:00:00+05:30,Delhi,so2,3.5
2026-08-01T00:00:00+05:30,Delhi,so2,3.0
2026-08-02T00:00:00+05:30,Delhi,so2,3.95
2026-08-03T00:00:00+05:30,Delhi,so2,3.78
2026-08-04T00:00:00+05:30,Delhi,so2,3.95
2026-08-05T00:00:00+05:30,Delhi,so2,3.34
2026-08-06T00:00:00+05:30,Delhi,so2,4.97
2026-08-07T00:00:00+05:30,Delhi,so2,13.6
2026-08-08T00:00:00+05:30,Delhi,so2,14.1
2026-08-09T00:00:00+05:30,Delhi,so2,14.8
2026-08-10T00:00:00+05:30,Delhi,so2,15.0
2026-08-11T00:00:00+05:30,Delhi,so2,15.5
2026-08-12T00:00:00+05:30,Delhi,so2,14.0
2026-08-13T00:00:00+05:30,Delhi,so2,10.6
2026-08-14T00:00:00+05:30,Delhi,so2,11.1
2026-08-15T00:00:00+05:30,Delhi,so2,11.7
2026-08-16T00:00:00+05:30,Delhi,so2,12.1
2026-08-17T00:00:00+05:30,Delhi,so2,13.1
2026-08-18T00:00:00+05:30,Delhi,so2,13.9
2026-08-19T00:00:00+05:30,Delhi,so2,14.5
2026-08-20T00:00:00+05:30,Delhi,so2,15.3
2026-08-21T00:00:00+05:30,Delhi,so2,16.7
2026-08-22T00:00:00+05:30,Delhi,so2,12.2
2026-08-23T00:00:00+05:30,Delhi,so2,4.61
2026-08-24T00:00:00+05:30,Delhi,so2,5.47
2026-08-25T00:00:00+05:30,Delhi,so2,6.52
2026-08-26T00:00:00+05:30,Delhi,so2,7.85
2026-08-27T00:00:00+05:30,Delhi,so2,8.41
2026-08-28T00:00:00+05:30,Delhi,so2,8.9
2026-08-29T00:00:00+05:30,Delhi,so2,9.24
2026-08-30T00:00:00+05:30,Delhi,so2,8.29
2026-08-31T00:00:00+05:30,Delhi,so2,10.1
2026-09-01T00:00:00+05:30,Delhi,so2,10.2
2026-09-02T00:00:00+05:30,Delhi,so2,10.3
2026-09-03T00:00:00+05:30,Delhi,so2,11.7
2026-09-04T00:00:00+05:30,Delhi,so2,11.9
2026-09-05T00:00:00+05:30,Delhi,so2,12.7
2026-09-06T00:00:00+05:30,Delhi,so2,13.9
2026-09-07T00:00:00+05:30,Delhi,so2,14.5
2025-02-19T00:00:00+05:30,Delhi,co,0.781
2025-02-20T00:00:00+05:30,Delhi,co,0.788
2025-02-21T00:00:00+05:30,Delhi,co,0.988
2025-02-22T00:00:00+05:30,Delhi,co,0.499
2025-02-23T00:00:00+05:30,Delhi,co,0.977
2025-02-24T00:00:00+05:30,Delhi,co,1.35
2025-02-25T00:00:00+05:30,Delhi,co,1.49
2025-02-26T00:00:00+05:30,Delhi,co,1.7
2025-02-27T00:00:00+05:30,Delhi,co,0.782
2025-02-28T00:00:00+05:30,Delhi,co,3.42
2025-03-01T00:00:00+05:30,Delhi,co,0.595
2025-03-03T00:00:00+05:30,Delhi,co,0.852
2025-03-04T00:00:00+05:30,Delhi,co,0.932
2025-03-05T00:00:00+05:30,Delhi,co,0.354
2025-03-06T00:00:00+05:30,Delhi,co,0.851
2025-03-07T00:00:00+05:30,Delhi,co,1.19
2025-03-08T00:00:00+05:30,Delhi,co,1.25
2025-03-09T00:00:00+05:30,Delhi,co,1.29
2025-03-10T00:00:00+05:30,Delhi,co,1.09
2025-03-11T00:00:00+05:30,Delhi,co,1.11
2025-03-12T00:00:00+05:30,Delhi,co,0.764
2025-03-13T00:00:00+05:30,Delhi,co,0.785
2025-03-14T00:00:00+05:30,Delhi,co,0.829
2025-03-15T00:00:00+05:30,Delhi,co,0.325
2025-03-16T00:00:00+05:30,Delhi,co,0.361
2025-03-17T00:00:00+05:30,Delhi,co,0.483
2025-03-18T00:00:00+05:30,Delhi,co,0.479
2025-03-19T00:00:00+05:30,Delhi,co,0.749
2025-03-20T00:00:00+05:30,Delhi,co,1.18
2025-03-21T00:00:00+05:30,Delhi,co,0.727
2025-03-22T00:00:00+05:30,Delhi,co,1.36
2025-03-23T00:00:00+05:30,Delhi,co,1.16
2025-03-24T00:00:00+05:30,Delhi,co,1.62
2025-03-25T00:00:00+05:30,Delhi,co,1.78
2025-03-26T00:00:00+05:30,Delhi,co,2.46
2025-03-27T00:00:00+05:30,Delhi,co,2.18
2025-03-28T00:00:00+05:30,Delhi,co,0.28
2025-03-29T00:00:00+05:30,Delhi,co,0.232
2025-03-30T00:00:00+05:30,Delhi,co,0.679
2025-04-01T00:00:00+05:30,Delhi,co,1.05
2025-04-02T00:00:00+05:30,Delhi,co,1.61
2025-04-03T00:00:00+05:30,Delhi,co,1.36
2025-04-04T00:00:00+05:30,Delhi,co,1.01
2025-04-05T00:00:00+05:30,Delhi,co,1.18
2025-04-06T00:00:00+05:30,Delhi,co,1.47
2025-04-07T00:00:00+05:30,Delhi,co,2.92
2025-04-08T00:00:00+05:30,Delhi,co,0.819
2025-04-09T00:00:00+05:30,Delhi,co,0.81
2025-04-11T00:00:00+05:30,Delhi,co,0.685
2025-04-12T00:00:00+05:30,Delhi,co,0.838
2025-04-13T00:00:00+05:30,Delhi,co,0.491
2025-04-14T00:00:00+05:30,Delhi,co,0.494
2025-04-15T00:00:00+05:30,Delhi,co,0.48
2025-04-16T00:00:00+05:30,Delhi,co,0.488
2025-04-17T00:00:00+05:30,Delhi,co,0.509
2025-04-18T00:00:00+05:30,Delhi,co,0.49
2025-04-19T00:00:00+05:30,Delhi,co,0.49
2025-04-20T00:00:00+05:30,Delhi,co,0.481
2025-04-21T00:00:00+05:30,Delhi,co,0.483
2025-04-22T00:00:00+05:30,Delhi,co,1.07
2025-04-23T00:00:00+05:30,Delhi,co,0.931
2025-04-24T00:00:00+05:30,Delhi,co,1.55
2025-04-25T00:00:00+05:30,Delhi,co,1.91
2025-04-26T00:00:00+05:30,Delhi,co,1.15
2025-04-27T00:00:00+05:30,Delhi,co,1.41
2025-04-28T00:00:00+05:30,Delhi,co,1.55
2025-04-30T00:00:00+05:30,Delhi,co,1.27
2025-05-01T00:00:00+05:30,Delhi,co,0.561
2025-05-02T00:00:00+05:30,Delhi,co,0.406
2025-05-03T00:00:00+05:30,Delhi,co,1.17
2025-05-04T00:00:00+05:30,Delhi,co,1.2
2025-05-05T00:00:00+05:30,Delhi,co,1.09
2025-05-06T00:00:00+05:30,Delhi,co,0.828
2025-05-07T00:00:00+05:30,Delhi,co,0.89
2025-05-08T00:00:00+05:30,Delhi,co,1.23
2025-05-09T00:00:00+05:30,Delhi,co,1.22
2025-05-10T00:00:00+05:30,Delhi,co,1.11
2025-05-11T00:00:00+05:30,Delhi,co,1.06
2025-05-12T00:00:00+05:30,Delhi,co,0.974
2025-05-13T00:00:00+05:30,Delhi,co,0.586
2025-05-14T00:00:00+05:30,Delhi,co,0.944
2025-05-15T00:00:00+05:30,Delhi,co,0.867
2025-05-16T00:00:00+05:30,Delhi,co,1.15
2025-05-17T00:00:00+05:30,Delhi,co,0.605
2025-05-18T00:00:00+05:30,Delhi,co,0.724
2025-05-19T00:00:00+05:30,Delhi,co,0.705
2025-05-20T00:00:00+05:30,Delhi,co,1.06
2025-05-21T00:00:00+05:30,Delhi,co,0.836
2025-05-22T00:00:00+05:30,Delhi,co,0.666
2025-05-23T00:00:00+05:30,Delhi,co,0.773
2025-05-24T00:00:00+05:30,Delhi,co,0.552
2025-05-25T00:00:00+05:30,Delhi,co,0.404
2025-05-26T00:00:00+05:30,Delhi,co,1.66
2025-05-27T00:00:00+05:30,Delhi,co,0.805
2025-05-28T00:00:00+05:30,Delhi,co,1.08
2025-05-29T00:00:00+05:30,Delhi,co,0.603
2025-05-30T00:00:00+05:30,Delhi,co,1.13
2025-06-01T00:00:00+05:30,Delhi,co,0.534
2025-06-02T00:00:00+05:30,Delhi,co,0.672
2025-06-03T00:00:00+05:30,Delhi,co,1.09
2025-06-04T00:00:00+05:30,Delhi,co,0.648
2025-06-05T00:00:00+05:30,Delhi,co,0.447
2025-06-06T00:00:00+05:30,Delhi,co,0.904
2025-06-07T00:00:00+05:30,Delhi,co,1.21
2025-06-08T00:00:00+05:30,Delhi,co,1.15
2025-06-09T00:00:00+05:30,Delhi,co,0.638
2025-06-10T00:00:00+05:30,Delhi,co,1.02
2025-06-11T00:00:00+05:30,Delhi,co,1.23
2025-06-12T00:00:00+05:30,Delhi,co,0.86
2025-06-13T00:00:00+05:30,Delhi,co,0.661
2025-06-14T00:00:00+05:30,Delhi,co,0.686
2025-06-15T00:00:00+05:30,Delhi,co,0.528
2025-06-16T00:00:00+05:30,Delhi,co,0.396
2025-06-17T00:00:00+05:30,Delhi,co,0.673
2025-06-18T00:00:00+05:30,Delhi,co,0.548
2025-06-19T00:00:00+05:30,Delhi,co,0.585
2025-06-20T00:00:00+05:30,Delhi,co,0.776
2025-06-21T00:00:00+05:30,Delhi,co,1.61
2025-06-22T00:00:00+05:30,Delhi,co,1.31
2025-06-23T00:00:00+05:30,Delhi,co,1.44
2025-06-24T00:00:00+05:30,Delhi,co,1.53
2025-06-25T00:00:00+05:30,Delhi,co,1.5
2025-06-26T00:00:00+05:30,Delhi,co,1.16
2025-06-27T00:00:00+05:30,Delhi,co,1.27
2025-06-28T00:00:00+05:30,Delhi,co,1.59
2025-06-29T00:00:00+05:30,Delhi,co,1.42
2025-06-30T00:00:00+05:30,Delhi,co,1.59
2025-07-01T00:00:00+05:30,Delhi,co,1.34
2025-07-02T00:00:00+05:30,Delhi,co,1.48
2025-07-03T00:00:00+05:30,Delhi,co,1.31
2025-07-04T00:00:00+05:30,Delhi,co,1.49
2025-07-05T00:00:00+05:30,Delhi,co,1.29
2025-07-06T00:00:00+05:30,Delhi,co,1.56
2025-07-07T00:00:00+05:30,Delhi,co,1.38
2025-07-08T00:00:00+05:30,Delhi,co,1.55
2025-07-09T00:00:00+05:30,Delhi,co,1.29
2025-07-10T00:00:00+05:30,Delhi,co,1.45
2025-07-11T00:00:00+05:30,Delhi,co,1.65
2025-07-12T00:00:00+05:30,Delhi,co,1.38
2025-07-13T00:00:00+05:30,Delhi,co,1.5
2025-07-14T00:00:00+05:30,Delhi,co,1.08
2025-07-15T00:00:00+05:30,Delhi,co,0.433
2025-07-16T00:00:00+05:30,Delhi,co,0.621
2025-07-17T00:00:00+05:30,Delhi,co,0.567
2025-07-18T00:00:00+05:30,Delhi,co,0.633
2025-07-19T00:00:00+05:30,Delhi,co,0.51
2025-07-20T00:00:00+05:30,Delhi,co,0.608
2025-07-21T00:00:00+05:30,Delhi,co,0.827
2025-07-22T00:00:00+05:30,Delhi,co,0.773
2025-07-23T00:00:00+05:30,Delhi,co,0.718
2025-07-24T00:00:00+05:30,Delhi,co,0.643
2025-07-25T00:00:00+05:30,Delhi,co,0.8
2025-07-26T00:00:00+05:30,Delhi,co,0.894
2025-07-27T00:00:00+05:30,Delhi,co,0.758
2025-07-28T00:00:00+05:30,Delhi,co,0.69
2025-07-29T00:00:00+05:30,Delhi,co,0.593
2025-07-30T00:00:00+05:30,Delhi,co,0.556
2025-08-01T00:00:00+05:30,Delhi,co,0.583
2025-08-02T00:00:00+05:30,Delhi,co,0.558
2025-08-03T00:00:00+05:30,Delhi,co,0.514
2025-08-04T00:00:00+05:30,Delhi,co,0.683
2025-08-05T00:00:00+05:30,Delhi,co,0.52
2025-08-06T00:00:00+05:30,Delhi,co,0.696
2025-08-07T00:00:00+05:30,Delhi,co,0.413
2025-08-08T00:00:00+05:30,Delhi,co,0.509
2025-08-09T00:00:00+05:30,Delhi,co,0.95
2025-08-10T00:00:00+05:30,Delhi,co,0.742
2025-08-11T00:00:00+05:30,Delhi,co,0.674
2025-08-12T00:00:00+05:30,Delhi,co,0.847
2025-08-13T00:00:00+05:30,Delhi,co,1.05
2025-08-14T00:00:00+05:30,Delhi,co,0.564
2025-08-15T00:00:00+05:30,Delhi,co,1.13
2025-08-16T00:00:00+05:30,Delhi,co,0.992
2025-08-17T00:00:00+05:30,Delhi,co,1.02
2025-08-18T00:00:00+05:30,Delhi,co,0.781
2025-08-19T00:00:00+05:30,Delhi,co,0.763
2025-08-20T00:00:00+05:30,Delhi,co,0.676
2025-08-21T00:00:00+05:30,Delhi,co,0.926
2025-08-22T00:00:00+05:30,Delhi,co,1.24
2025-08-23T00:00:00+05:30,Delhi,co,0.738
2025-08-24T00:00:00+05:30,Delhi,co,0.688
2025-08-25T00:00:00+05:30,Delhi,co,0.689
2025-08-26T00:00:00+05:30,Delhi,co,1.02
2025-08-27T00:00:00+05:30,Delhi,co,1.83
2025-08-28T00:00:00+05:30,Delhi,co,1.07
2025-08-29T00:00:00+05:30,Delhi,co,0.845
2025-08-30T00:00:00+05:30,Delhi,co,0.745
2025-08-31T00:00:00+05:30,Delhi,co,0.445
2025-09-01T00:00:00+05:30,Delhi,co,0.448
2025-09-02T00:00:00+05:30,Delhi,co,0.63
2025-09-03T00:00:00+05:30,Delhi,co,0.641
2025-09-04T00:00:00+05:30,Delhi,co,0.763
2025-09-05T00:00:00+05:30,Delhi,co,0.515
2025-09-06T00:00:00+05:30,Delhi,co,0.606
2025-09-07T00:00:00+05:30,Delhi,co,0.522
2025-09-08T00:00:00+05:30,Delhi,co,1.13
2025-09-09T00:00:00+05:30,Delhi,co,0.8
2025-09-10T00:00:00+05:30,Delhi,co,0.793
2025-09-11T00:00:00+05:30,Delhi,co,0.483
2025-09-12T00:00:00+05:30,Delhi,co,0.693
2025-09-13T00:00:00+05:30,Delhi,co,0.763
2025-09-14T00:00:00+05:30,Delhi,co,0.806
2025-09-15T00:00:00+05:30,Delhi,co,0.668
2025-09-16T00:00:00+05:30,Delhi,co,0.48
2025-09-17T00:00:00+05:30,Delhi,co,0.96
2025-09-18T00:00:00+05:30,Delhi,co,1.96
2025-09-19T00:00:00+05:30,Delhi,co,0.709
2025-09-20T00:00:00+05:30,Delhi,co,0.664
2025-09-21T00:00:00+05:30,Delhi,co,0.845
2025-09-22T00:00:00+05:30,Delhi,co,0.73
2025-09-23T00:00:00+05:30,Delhi,co,0.688
2025-09-24T00:00:00+05:30,Delhi,co,0.847
2025-09-25T00:00:00+05:30,Delhi,co,0.721
2025-09-26T00:00:00+05:30,Delhi,co,0.77
2025-09-27T00:00:00+05:30,Delhi,co,0.759
2025-09-28T00:00:00+05:30,Delhi,co,0.46
2025-09-29T00:00:00+05:30,Delhi,co,1.03
2025-10-01T00:00:00+05:30,Delhi,co,0.653
2025-10-02T00:00:00+05:30,Delhi,co,0.968
2025-10-03T00:00:00+05:30,Delhi,co,1.89
2025-10-04T00:00:00+05:30,Delhi,co,0.941
2025-10-05T00:00:00+05:30,Delhi,co,1.09
2025-10-06T00:00:00+05:30,Delhi,co,0.321
2025-10-07T00:00:00+05:30,Delhi,co,0.411
2025-10-08T00:00:00+05:30,Delhi,co,0.492
2025-10-09T00:00:00+05:30,Delhi,co,0.761
2025-10-10T00:00:00+05:30,Delhi,co,1.51
2025-10-11T00:00:00+05:30,Delhi,co,1.26
2025-10-12T00:00:00+05:30,Delhi,co,1.67
2025-10-13T00:00:00+05:30,Delhi,co,1.16
2025-10-14T00:00:00+05:30,Delhi,co,1.64
2025-10-15T00:00:00+05:30,Delhi,co,1.68
2025-10-16T00:00:00+05:30,Delhi,co,2.17
2025-10-17T00:00:00+05:30,Delhi,co,1.4
2025-10-18T00:00:00+05:30,Delhi,co,2.23
2025-10-19T00:00:00+05:30,Delhi,co,2.92
2025-10-20T00:00:00+05:30,Delhi,co,3.26
2025-10-21T00:00:00+05:30,Delhi,co,3.19
2025-10-22T00:00:00+05:30,Delhi,co,2.53
2025-10-23T00:00:00+05:30,Delhi,co,2.41
2025-10-24T00:00:00+05:30,Delhi,co,3.08
2025-10-25T00:00:00+05:30,Delhi,co,3.38
2025-10-26T00:00:00+05:30,Delhi,co,3.01
2025-10-27T00:00:00+05:30,Delhi,co,2.21
2025-10-28T00:00:00+05:30,Delhi,co,2.16
2025-10-29T00:00:00+05:30,Delhi,co,2.95
2025-10-30T00:00:00+05:30,Delhi,co,2.73
2025-10-31T00:00:00+05:30,Delhi,co,2.21
2025-11-01T00:00:00+05:30,Delhi,co,2.22
2025-11-02T00:00:00+05:30,Delhi,co,1.24
2025-11-03T00:00:00+05:30,Delhi,co,1.4
2025-11-04T00:00:00+05:30,Delhi,co,1.38
2025-11-05T00:00:00+05:30,Delhi,co,0.58
2025-11-06T00:00:00+05:30,Delhi,co,2.52
2025-11-07T00:00:00+05:30,Delhi,co,0.576
2025-11-08T00:00:00+05:30,Delhi,co,1.48
2025-11-09T00:00:00+05:30,Delhi,co,1.02
2025-11-10T00:00:00+05:30,Delhi,co,2.54
2025-11-11T00:00:00+05:30,Delhi,co,1.57
2025-11-12T00:00:00+05:30,Delhi,co,2.19
2025-11-13T00:00:00+05:30,Delhi,co,2.18
2025-11-14T00:00:00+05:30,Delhi,co,1.81
2025-11-15T00:00:00+05:30,Delhi,co,3.1
2025-11-16T00:00:00+05:30,Delhi,co,3.9
2025-11-17T00:00:00+05:30,Delhi,co,2.74
2025-11-18T00:00:00+05:30,Delhi,co,3.34
2025-11-19T00:00:00+05:30,Delhi,co,2.74
2025-11-20T00:00:00+05:30,Delhi,co,2.74
2025-11-21T00:00:00+05:30,Delhi,co,3.45
2025-11-22T00:00:00+05:30,Delhi,co,4.08
2025-11-23T00:00:00+05:30,Delhi,co,2.28
2025-11-24T00:00:00+05:30,Delhi,co,2.2
2025-11-25T00:00:00+05:30,Delhi,co,2.32
2025-11-26T00:00:00+05:30,Delhi,co,2.18
2025-11-27T00:00:00+05:30,Delhi,co,4.02
2025-11-28T00:00:00+05:30,Delhi,co,2.36
2025-11-29T00:00:00+05:30,Delhi,co,1.45
2025-12-01T00:00:00+05:30,Delhi,co,2.81
2025-12-02T00:00:00+05:30,Delhi,co,3.26
2025-12-03T00:00:00+05:30,Delhi,co,2.51
2025-12-04T00:00:00+05:30,Delhi,co,2.13
2025-12-05T00:00:00+05:30,Delhi,co,1.89
2025-12-06T00:00:00+05:30,Delhi,co,1.43
2025-12-07T00:00:00+05:30,Delhi,co,1.4
2025-12-08T00:00:00+05:30,Delhi,co,1.22
2025-12-09T00:00:00+05:30,Delhi,co,1.31
2025-12-10T00:00:00+05:30,Delhi,co,2.09
2025-12-11T00:00:00+05:30,Delhi,co,2.47
2025-12-12T00:00:00+05:30,Delhi,co,3.01
2025-12-13T00:00:00+05:30,Delhi,co,4.47
2025-12-14T00:00:00+05:30,Delhi,co,3.2
2025-12-15T00:00:00+05:30,Delhi,co,1.9
2025-12-16T00:00:00+05:30,Delhi,co,1.32
2025-12-17T00:00:00+05:30,Delhi,co,1.99
2025-12-18T00:00:00+05:30,Delhi,co,2.61
2025-12-19T00:00:00+05:30,Delhi,co,2.55
2025-12-20T00:00:00+05:30,Delhi,co,2.22
2025-12-21T00:00:00+05:30,Delhi,co,3.12
2025-12-22T00:00:00+05:30,Delhi,co,2.71
2025-12-23T00:00:00+05:30,Delhi,co,2.32
2025-12-24T00:00:00+05:30,Delhi,co,1.28
2025-12-25T00:00:00+05:30,Delhi,co,1.91
2025-12-26T00:00:00+05:30,Delhi,co,2.81
2025-12-27T00:00:00+05:30,Delhi,co,2.9
2025-12-28T00:00:00+05:30,Delhi,co,1.9
2025-12-29T00:00:00+05:30,Delhi,co,1.19
2025-12-30T00:00:00+05:30,Delhi,co,3.47
2025-12-31T00:00:00+05:30,Delhi,co,1.79
2026-01-01T00:00:00+05:30,Delhi,co,2.1
2026-01-02T00:00:00+05:30,Delhi,co,1.07
2026-01-03T00:00:00+05:30,Delhi,co,1.32
2026-01-04T00:00:00+05:30,Delhi,co,1.55
2026-01-05T00:00:00+05:30,Delhi,co,1.2
2026-01-06T00:00:00+05:30,Delhi,co,1.31
2026-01-07T00:00:00+05:30,Delhi,co,1.47
2026-01-08T00:00:00+05:30,Delhi,co,2.03
2026-01-09T00:00:00+05:30,Delhi,co,2.32
2026-01-10T00:00:00+05:30,Delhi,co,1.74
2026-01-20T00:00:00+05:30,Delhi,co,5.5
2026-01-21T00:00:00+05:30,Delhi,co,2.56
2026-01-22T00:00:00+05:30,Delhi,co,2.3
2026-01-23T00:00:00+05:30,Delhi,co,3.08
2026-01-24T00:00:00+05:30,Delhi,co,0.881
2026-01-25T00:00:00+05:30,Delhi,co,1.13
2026-01-26T00:00:00+05:30,Delhi,co,1.87
2026-01-27T00:00:00+05:30,Delhi,co,1.71
2026-01-28T00:00:00+05:30,Delhi,co,1.14
2026-01-29T00:00:00+05:30,Delhi,co,1.38
2026-01-30T00:00:00+05:30,Delhi,co,2.29
2026-02-01T00:00:00+05:30,Delhi,co,1.09
2026-02-02T00:00:00+05:30,Delhi,co,1.24
2026-02-03T00:00:00+05:30,Delhi,co,1.22
2026-02-04T00:00:00+05:30,Delhi,co,1.53
2026-02-05T00:00:00+05:30,Delhi,co,1.49
2026-02-06T00:00:00+05:30,Delhi,co,1.33
2026-02-07T00:00:00+05:30,Delhi,co,1.46
2026-02-08T00:00:00+05:30,Delhi,co,3.47
2026-02-09T00:00:00+05:30,Delhi,co,2.01
2026-02-10T00:00:00+05:30,Delhi,co,2.08
2026-02-11T00:00:00+05:30,Delhi,co,2.02
2026-02-12T00:00:00+05:30,Delhi,co,1.22
2026-02-13T00:00:00+05:30,Delhi,co,1.95
2026-02-14T00:00:00+05:30,Delhi,co,2.21
2026-02-15T00:00:00+05:30,Delhi,co,1.58
2026-02-16T00:00:00+05:30,Delhi,co,2.47
2026-02-17T00:00:00+05:30,Delhi,co,1.77
2026-02-18T00:00:00+05:30,Delhi,co,1.37
2026-02-19T00:00:00+05:30,Delhi,co,1.71
2026-02-20T00:00:00+05:30,Delhi,co,1.8
2026-02-21T00:00:00+05:30,Delhi,co,1.85
2026-02-22T00:00:00+05:30,Delhi,co,1.56
2026-02-23T00:00:00+05:30,Delhi,co,2.19
2026-02-24T00:00:00+05:30,Delhi,co,2.46
2026-02-25T00:00:00+05:30,Delhi,co,2.27
2026-02-26T00:00:00+05:30,Delhi,co,1.66
2026-02-27T00:00:00+05:30,Delhi,co,2.01
2026-02-28T00:00:00+05:30,Delhi,co,2.19
2026-03-01T00:00:00+05:30,Delhi,co,1.03
2026-03-02T00:00:00+05:30,Delhi,co,1.03
2026-03-03T00:00:00+05:30,Delhi,co,1.29
2026-03-04T00:00:00+05:30,Delhi,co,1.07
2026-03-05T00:00:00+05:30,Delhi,co,0.938
2026-03-06T00:00:00+05:30,Delhi,co,2.31
2026-03-07T00:00:00+05:30,Delhi,co,2.75
2026-03-08T00:00:00+05:30,Delhi,co,2.73
2026-03-09T00:00:00+05:30,Delhi,co,2.07
2026-03-10T00:00:00+05:30,Delhi,co,2.42
2026-03-11T00:00:00+05:30,Delhi,co,2.03
2026-03-12T00:00:00+05:30,Delhi,co,1.26
2026-03-13T00:00:00+05:30,Delhi,co,1.14
2026-03-14T00:00:00+05:30,Delhi,co,1.56
2026-03-15T00:00:00+05:30,Delhi,co,0.936
2026-03-16T00:00:00+05:30,Delhi,co,1.31
2026-03-17T00:00:00+05:30,Delhi,co,1.03
2026-03-18T00:00:00+05:30,Delhi,co,1.21
2026-03-19T00:00:00+05:30,Delhi,co,0.89
2026-03-20T00:00:00+05:30,Delhi,co,1.09
2026-03-21T00:00:00+05:30,Delhi,co,1.47
2026-03-22T00:00:00+05:30,Delhi,co,1.43
2026-03-23T00:00:00+05:30,Delhi,co,1.49
2026-03-24T00:00:00+05:30,Delhi,co,1.57
2026-03-25T00:00:00+05:30,Delhi,co,1.73
2026-03-26T00:00:00+05:30,Delhi,co,1.37
2026-03-27T00:00:00+05:30,Delhi,co,1.13
2026-03-28T00:00:00+05:30,Delhi,co,1.7
2026-03-29T00:00:00+05:30,Delhi,co,1.35
2026-03-30T00:00:00+05:30,Delhi,co,1.45
2026-04-01T00:00:00+05:30,Delhi,co,2.82
2026-04-02T00:00:00+05:30,Delhi,co,1.94
2026-04-03T00:00:00+05:30,Delhi,co,0.941
2026-04-04T00:00:00+05:30,Delhi,co,1.34
2026-04-05T00:00:00+05:30,Delhi,co,1.33
2026-04-06T00:00:00+05:30,Delhi,co,1.27
2026-04-07T00:00:00+05:30,Delhi,co,1.34
2026-04-08T00:00:00+05:30,Delhi,co,1.42
2026-04-09T00:00:00+05:30,Delhi,co,1.68
2026-04-10T00:00:00+05:30,Delhi,co,0.842
2026-04-11T00:00:00+05:30,Delhi,co,1.64
2026-04-12T00:00:00+05:30,Delhi,co,1.1
2026-04-13T00:00:00+05:30,Delhi,co,0.855
2026-04-14T00:00:00+05:30,Delhi,co,0.981
2026-04-15T00:00:00+05:30,Delhi,co,1.38
2026-04-16T00:00:00+05:30,Delhi,co,1.57
2026-04-17T00:00:00+05:30,Delhi,co,1.41
2026-04-18T00:00:00+05:30,Delhi,co,1.33
2026-04-19T00:00:00+05:30,Delhi,co,1.41
2026-04-20T00:00:00+05:30,Delhi,co,0.969
2026-04-21T00:00:00+05:30,Delhi,co,0.844
2026-04-22T00:00:00+05:30,Delhi,co,2.62
2026-04-23T00:00:00+05:30,Delhi,co,1.09
2026-04-24T00:00:00+05:30,Delhi,co,1.35
2026-04-25T00:00:00+05:30,Delhi,co,0.868
2026-04-26T00:00:00+05:30,Delhi,co,1.41
2026-04-27T00:00:00+05:30,Delhi,co,1.73
2026-04-28T00:00:00+05:30,Delhi,co,2.36
2026-04-29T00:00:00+05:30,Delhi,co,1.45
2026-04-30T00:00:00+05:30,Delhi,co,1.34
2026-05-01T00:00:00+05:30,Delhi,co,1.55
2026-05-02T00:00:00+05:30,Delhi,co,1.59
2026-05-03T00:00:00+05:30,Delhi,co,1.67
2026-05-04T00:00:00+05:30,Delhi,co,1.53
2026-05-05T00:00:00+05:30,Delhi,co,1.46
2026-05-06T00:00:00+05:30,Delhi,co,1.75
2026-05-07T00:00:00+05:30,Delhi,co,1.77
2026-05-08T00:00:00+05:30,Delhi,co,1.74
2026-05-09T00:00:00+05:30,Delhi,co,1.26
2026-05-10T00:00:00+05:30,Delhi,co,0.851
2026-05-11T00:00:00+05:30,Delhi,co,0.687
2026-05-12T00:00:00+05:30,Delhi,co,0.475
2026-05-13T00:00:00+05:30,Delhi,co,0.721
2026-05-14T00:00:00+05:30,Delhi,co,0.597
2026-05-15T00:00:00+05:30,Delhi,co,1.38
2026-05-16T00:00:00+05:30,Delhi,co,0.889
2026-05-17T00:00:00+05:30,Delhi,co,0.586
2026-05-18T00:00:00+05:30,Delhi,co,0.566
2026-05-19T00:00:00+05:30,Delhi,co,0.612
2026-05-20T00:00:00+05:30,Delhi,co,0.505
2026-05-21T00:00:00+05:30,Delhi,co,0.724
2026-05-22T00:00:00+05:30,Delhi,co,0.821
2026-05-23T00:00:00+05:30,Delhi,co,0.891
2026-05-24T00:00:00+05:30,Delhi,co,1.79
2026-05-25T00:00:00+05:30,Delhi,co,0.507
2026-05-26T00:00:00+05:30,Delhi,co,1.31
2026-05-27T00:00:00+05:30,Delhi,co,1.97
2026-05-28T00:00:00+05:30,Delhi,co,0.699
2026-05-29T00:00:00+05:30,Delhi,co,0.568
2026-05-30T00:00:00+05:30,Delhi,co,1.05
2026-06-01T00:00:00+05:30,Delhi,co,0.702
2026-06-02T00:00:00+05:30,Delhi,co,0.837
2026-06-03T00:00:00+05:30,Delhi,co,0.732
2026-06-04T00:00:00+05:30,Delhi,co,0.533
2026-06-05T00:00:00+05:30,Delhi,co,0.943
2026-06-06T00:00:00+05:30,Delhi,co,0.831
2026-06-07T00:00:00+05:30,Delhi,co,0.826
2026-06-08T00:00:00+05:30,Delhi,co,0.823
2026-06-09T00:00:00+05:30,Delhi,co,0.409
2026-06-10T00:00:00+05:30,Delhi,co,1.17
2026-06-11T00:00:00+05:30,Delhi,co,0.52
2026-06-12T00:00:00+05:30,Delhi,co,0.354
2026-06-13T00:00:00+05:30,Delhi,co,0.941
2026-06-14T00:00:00+05:30,Delhi,co,1.22
2026-06-15T00:00:00+05:30,Delhi,co,0.365
2026-06-16T00:00:00+05:30,Delhi,co,0.85
2026-06-17T00:00:00+05:30,Delhi,co,1.01
2026-06-18T00:00:00+05:30,Delhi,co,0.408
2026-06-19T00:00:00+05:30,Delhi,co,0.713
2026-06-20T00:00:00+05:30,Delhi,co,0.534
2026-06-21T00:00:00+05:30,Delhi,co,0.356
2026-06-22T00:00:00+05:30,Delhi,co,0.467
2026-06-23T00:00:00+05:30,Delhi,co,0.66
2026-06-25T00:00:00+05:30,Delhi,co,0.713
2026-06-26T00:00:00+05:30,Delhi,co,0.479
2026-06-27T00:00:00+05:30,Delhi,co,0.576
2026-06-28T00:00:00+05:30,Delhi,co,0.597
2026-06-29T00:00:00+05:30,Delhi,co,0.491
2026-06-30T00:00:00+05:30,Delhi,co,0.47
2026-07-01T00:00:00+05:30,Delhi,co,0.523
2026-07-02T00:00:00+05:30,Delhi,co,0.661
2026-07-03T00:00:00+05:30,Delhi,co,0.57
2026-07-04T00:00:00+05:30,Delhi,co,0.972
2026-07-05T00:00:00+05:30,Delhi,co,0.992
2026-07-06T00:00:00+05:30,Delhi,co,0.76
2026-07-07T00:00:00+05:30,Delhi,co,0.84
2026-07-08T00:00:00+05:30,Delhi,co,0.747
2026-07-09T00:00:00+05:30,Delhi,co,0.632
2026-07-10T00:00:00+05:30,Delhi,co,0.6
2026-07-11T00:00:00+05:30,Delhi,co,0.744
2026-07-12T00:00:00+05:30,Delhi,co,0.604
2026-07-13T00:00:00+05:30,Delhi,co,0.286
2026-07-14T00:00:00+05:30,Delhi,co,0.414
2026-07-15T00:00:00+05:30,Delhi,co,0.568
2026-07-16T00:00:00+05:30,Delhi,co,0.699
2026-07-17T00:00:00+05:30,Delhi,co,0.764
2026-07-18T00:00:00+05:30,Delhi,co,0.955
2026-07-19T00:00:00+05:30,Delhi,co,0.771
2026-07-20T00:00:00+05:30,Delhi,co,0.752
2026-07-21T00:00:00+05:30,Delhi,co,0.803
2026-07-22T00:00:00+05:30,Delhi,co,1.37
2026-07-23T00:00:00+05:30,Delhi,co,0.321
2026-07-24T00:00:00+05:30,Delhi,co,0.335
2026-07-25T00:00:00+05:30,Delhi,co,0.329
2026-07-26T00:00:00+05:30,Delhi,co,0.582
2026-07-27T00:00:00+05:30,Delhi,co,0.668
2026-07-28T00:00:00+05:30,Delhi,co,0.687
2026-07-29T00:00:00+05:30,Delhi,co,0.746
2026-07-30T00:00:00+05:30,Delhi,co,0.51
2026-08-01T00:00:00+05:30,Delhi,co,0.536
2026-08-02T00:00:00+05:30,Delhi,co,0.594
2026-08-03T00:00:00+05:30,Delhi,co,0.774
2026-08-04T00:00:00+05:30,Delhi,co,0.69
2026-08-05T00:00:00+05:30,Delhi,co,0.926
2026-08-06T00:00:00+05:30,Delhi,co,0.832
2026-08-07T00:00:00+05:30,Delhi,co,0.971
2026-08-08T00:00:00+05:30,Delhi,co,0.951
2026-08-09T00:00:00+05:30,Delhi,co,1.29
2026-08-10T00:00:00+05:30,Delhi,co,1.61
2026-08-11T00:00:00+05:30,Delhi,co,1.7
2026-08-12T00:00:00+05:30,Delhi,co,1.56
2026-08-13T00:00:00+05:30,Delhi,co,1.08
2026-08-14T00:00:00+05:30,Delhi,co,1.01
2026-08-15T00:00:00+05:30,Delhi,co,0.927
2026-08-16T00:00:00+05:30,Delhi,co,0.633
2026-08-17T00:00:00+05:30,Delhi,co,0.606
2026-08-18T00:00:00+05:30,Delhi,co,0.599
2026-08-19T00:00:00+05:30,Delhi,co,0.694
2026-08-20T00:00:00+05:30,Delhi,co,0.784
2026-08-21T00:00:00+05:30,Delhi,co,0.572
2026-08-22T00:00:00+05:30,Delhi,co,0.695
2026-08-23T00:00:00+05:30,Delhi,co,0.98
2026-08-24T00:00:00+05:30,Delhi,co,1.38
2026-08-25T00:00:00+05:30,Delhi,co,1.29
2026-08-26T00:00:00+05:30,Delhi,co,1.05
2026-08-27T00:00:00+05:30,Delhi,co,0.652
2026-08-28T00:00:00+05:30,Delhi,co,2.07
2026-08-29T00:00:00+05:30,Delhi,co,1.12
2026-08-30T00:00:00+05:30,Delhi,co,1.7
2026-08-31T00:00:00+05:30,Delhi,co,1.75
2026-09-01T00:00:00+05:30,Delhi,co,1.23
2026-09-02T00:00:00+05:30,Delhi,co,1.0
2026-09-03T00:00:00+05:30,Delhi,co,1.08
2026-09-04T00:00:00+05:30,Delhi,co,1.07
2026-09-05T00:00:00+05:30,Delhi,co,1.09
2026-09-06T00:00:00+05:30,Delhi,co,1.19
2026-09-07T00:00:00+05:30,Delhi,co,1.48
2025-02-19T00:00:00+05:30,Delhi,o3,17.2
2025-02-20T00:00:00+05:30,Delhi,o3,16.2
2025-02-21T00:00:00+05:30,Delhi,o3,18.4
2025-02-22T00:00:00+05:30,Delhi,o3,17.4
2025-02-23T00:00:00+05:30,Delhi,o3,17.6
2025-02-24T00:00:00+05:30,Delhi,o3,19.0
2025-02-25T00:00:00+05:30,Delhi,o3,19.6
2025-02-26T00:00:00+05:30,Delhi,o3,17.6
2025-02-27T00:00:00+05:30,Delhi,o3,14.8
2025-02-28T00:00:00+05:30,Delhi,o3,15.4
2025-03-01T00:00:00+05:30,Delhi,o3,15.0
2025-03-03T00:00:00+05:30,Delhi,o3,17.8
2025-03-04T00:00:00+05:30,Delhi,o3,16.5
2025-03-05T00:00:00+05:30,Delhi,o3,17.1
2025-03-06T00:00:00+05:30,Delhi,o3,17.2
2025-03-07T00:00:00+05:30,Delhi,o3,18.0
2025-03-08T00:00:00+05:30,Delhi,o3,10.7
2025-03-09T00:00:00+05:30,Delhi,o3,14.7
2025-03-10T00:00:00+05:30,Delhi,o3,15.5
2025-03-11T00:00:00+05:30,Delhi,o3,13.7
2025-03-12T00:00:00+05:30,Delhi,o3,12.9
2025-03-13T00:00:00+05:30,Delhi,o3,19.9
2025-03-14T00:00:00+05:30,Delhi,o3,15.1
2025-03-15T00:00:00+05:30,Delhi,o3,15.5
2025-03-16T00:00:00+05:30,Delhi,o3,15.6
2025-03-17T00:00:00+05:30,Delhi,o3,13.2
2025-03-18T00:00:00+05:30,Delhi,o3,13.9
2025-03-19T00:00:00+05:30,Delhi,o3,15.4
2025-03-20T00:00:00+05:30,Delhi,o3,15.7
2025-03-21T00:00:00+05:30,Delhi,o3,14.7
2025-03-22T00:00:00+05:30,Delhi,o3,15.9
2025-03-23T00:00:00+05:30,Delhi,o3,17.4
2025-03-24T00:00:00+05:30,Delhi,o3,19.3
2025-03-25T00:00:00+05:30,Delhi,o3,21.4
2025-03-26T00:00:00+05:30,Delhi,o3,21.8
2025-03-27T00:00:00+05:30,Delhi,o3,19.8
2025-03-28T00:00:00+05:30,Delhi,o3,14.7
2025-03-29T00:00:00+05:30,Delhi,o3,10.8
2025-03-30T00:00:00+05:30,Delhi,o3,11.8
2025-04-01T00:00:00+05:30,Delhi,o3,13.2
2025-04-02T00:00:00+05:30,Delhi,o3,13.1
2025-04-03T00:00:00+05:30,Delhi,o3,13.6
2025-04-04T00:00:00+05:30,Delhi,o3,13.6
2025-04-05T00:00:00+05:30,Delhi,o3,13.2
2025-04-06T00:00:00+05:30,Delhi,o3,13.3
2025-04-07T00:00:00+05:30,Delhi,o3,14.5
2025-04-08T00:00:00+05:30,Delhi,o3,35.3
2025-04-09T00:00:00+05:30,Delhi,o3,28.5
2025-04-11T00:00:00+05:30,Delhi,o3,14.0
2025-04-12T00:00:00+05:30,Delhi,o3,41.6
2025-04-13T00:00:00+05:30,Delhi,o3,74.4
2025-04-14T00:00:00+05:30,Delhi,o3,56.6
2025-04-15T00:00:00+05:30,Delhi,o3,64.4
2025-04-16T00:00:00+05:30,Delhi,o3,82.0
2025-04-17T00:00:00+05:30,Delhi,o3,57.6
2025-04-18T00:00:00+05:30,Delhi,o3,65.6
2025-04-19T00:00:00+05:30,Delhi,o3,45.6
2025-04-20T00:00:00+05:30,Delhi,o3,59.2
2025-04-21T00:00:00+05:30,Delhi,o3,52.7
2025-04-22T00:00:00+05:30,Delhi,o3,58.7
2025-04-23T00:00:00+05:30,Delhi,o3,62.2
2025-04-24T00:00:00+05:30,Delhi,o3,42.6
2025-04-25T00:00:00+05:30,Delhi,o3,7.53
2025-04-26T00:00:00+05:30,Delhi,o3,51.9
2025-04-27T00:00:00+05:30,Delhi,o3,42.2
2025-04-28T00:00:00+05:30,Delhi,o3,33.8
2025-04-30T00:00:00+05:30,Delhi,o3,75.4
2025-05-01T00:00:00+05:30,Delhi,o3,65.3
2025-05-02T00:00:00+05:30,Delhi,o3,41.9
2025-05-03T00:00:00+05:30,Delhi,o3,26.9
2025-05-04T00:00:00+05:30,Delhi,o3,42.4
2025-05-05T00:00:00+05:30,Delhi,o3,35.9
2025-05-06T00:00:00+05:30,Delhi,o3,38.9
2025-05-07T00:00:00+05:30,Delhi,o3,41.7
2025-05-08T00:00:00+05:30,Delhi,o3,38.1
2025-05-09T00:00:00+05:30,Delhi,o3,37.3
2025-05-10T00:00:00+05:30,Delhi,o3,31.4
2025-05-11T00:00:00+05:30,Delhi,o3,50.7
2025-05-12T00:00:00+05:30,Delhi,o3,50.7
2025-05-13T00:00:00+05:30,Delhi,o3,39.5
2025-05-14T00:00:00+05:30,Delhi,o3,36.5
2025-05-15T00:00:00+05:30,Delhi,o3,39.8
2025-05-16T00:00:00+05:30,Delhi,o3,40.0
2025-05-17T00:00:00+05:30,Delhi,o3,45.7
2025-05-18T00:00:00+05:30,Delhi,o3,53.0
2025-05-19T00:00:00+05:30,Delhi,o3,36.9
2025-05-20T00:00:00+05:30,Delhi,o3,20.2
2025-05-21T00:00:00+05:30,Delhi,o3,23.1
2025-05-22T00:00:00+05:30,Delhi,o3,25.6
2025-05-23T00:00:00+05:30,Delhi,o3,53.2
2025-05-24T00:00:00+05:30,Delhi,o3,76.5
2025-05-25T00:00:00+05:30,Delhi,o3,60.0
2025-05-26T00:00:00+05:30,Delhi,o3,34.8
2025-05-27T00:00:00+05:30,Delhi,o3,57.3
2025-05-28T00:00:00+05:30,Delhi,o3,56.0
2025-05-29T00:00:00+05:30,Delhi,o3,57.1
2025-05-30T00:00:00+05:30,Delhi,o3,46.1
2025-06-01T00:00:00+05:30,Delhi,o3,40.9
2025-06-02T00:00:00+05:30,Delhi,o3,49.1
2025-06-03T00:00:00+05:30,Delhi,o3,35.3
2025-06-04T00:00:00+05:30,Delhi,o3,47.9
2025-06-05T00:00:00+05:30,Delhi,o3,52.3
2025-06-06T00:00:00+05:30,Delhi,o3,44.6
2025-06-07T00:00:00+05:30,Delhi,o3,42.5
2025-06-08T00:00:00+05:30,Delhi,o3,40.6
2025-06-09T00:00:00+05:30,Delhi,o3,31.3
2025-06-10T00:00:00+05:30,Delhi,o3,22.8
2025-06-11T00:00:00+05:30,Delhi,o3,24.8
2025-06-12T00:00:00+05:30,Delhi,o3,28.8
2025-06-13T00:00:00+05:30,Delhi,o3,18.1
2025-06-14T00:00:00+05:30,Delhi,o3,25.4
2025-06-15T00:00:00+05:30,Delhi,o3,24.1
2025-06-16T00:00:00+05:30,Delhi,o3,17.7
2025-06-17T00:00:00+05:30,Delhi,o3,16.5
2025-06-18T00:00:00+05:30,Delhi,o3,20.2
2025-06-19T00:00:00+05:30,Delhi,o3,16.0
2025-06-20T00:00:00+05:30,Delhi,o3,18.5
2025-06-21T00:00:00+05:30,Delhi,o3,21.0
2025-06-22T00:00:00+05:30,Delhi,o3,17.8
2025-06-23T00:00:00+05:30,Delhi,o3,38.3
2025-06-24T00:00:00+05:30,Delhi,o3,25.8
2025-06-25T00:00:00+05:30,Delhi,o3,24.2
2025-06-26T00:00:00+05:30,Delhi,o3,26.4
2025-06-27T00:00:00+05:30,Delhi,o3,37.7
2025-06-28T00:00:00+05:30,Delhi,o3,32.1
2025-06-29T00:00:00+05:30,Delhi,o3,21.5
2025-06-30T00:00:00+05:30,Delhi,o3,24.5
2025-07-01T00:00:00+05:30,Delhi,o3,24.8
2025-07-02T00:00:00+05:30,Delhi,o3,20.3
2025-07-03T00:00:00+05:30,Delhi,o3,30.8
2025-07-04T00:00:00+05:30,Delhi,o3,35.7
2025-07-05T00:00:00+05:30,Delhi,o3,32.7
2025-07-06T00:00:00+05:30,Delhi,o3,32.1
2025-07-07T00:00:00+05:30,Delhi,o3,46.2
2025-07-08T00:00:00+05:30,Delhi,o3,41.1
2025-07-09T00:00:00+05:30,Delhi,o3,43.0
2025-07-10T00:00:00+05:30,Delhi,o3,36.8
2025-07-11T00:00:00+05:30,Delhi,o3,35.5
2025-07-12T00:00:00+05:30,Delhi,o3,39.5
2025-07-13T00:00:00+05:30,Delhi,o3,32.5
2025-07-14T00:00:00+05:30,Delhi,o3,31.0
2025-07-15T00:00:00+05:30,Delhi,o3,33.7
2025-07-16T00:00:00+05:30,Delhi,o3,32.3
2025-07-17T00:00:00+05:30,Delhi,o3,34.2
2025-07-18T00:00:00+05:30,Delhi,o3,31.7
2025-07-19T00:00:00+05:30,Delhi,o3,35.0
2025-07-20T00:00:00+05:30,Delhi,o3,37.0
2025-07-21T00:00:00+05:30,Delhi,o3,30.9
2025-07-22T00:00:00+05:30,Delhi,o3,31.5
2025-07-23T00:00:00+05:30,Delhi,o3,27.0
2025-07-24T00:00:00+05:30,Delhi,o3,33.4
2025-07-25T00:00:00+05:30,Delhi,o3,34.7
2025-07-26T00:00:00+05:30,Delhi,o3,47.2
2025-07-27T00:00:00+05:30,Delhi,o3,38.6
2025-07-28T00:00:00+05:30,Delhi,o3,44.9
2025-07-29T00:00:00+05:30,Delhi,o3,29.3
2025-07-30T00:00:00+05:30,Delhi,o3,31.9
2025-08-01T00:00:00+05:30,Delhi,o3,25.3
2025-08-02T00:00:00+05:30,Delhi,o3,28.8
2025-08-03T00:00:00+05:30,Delhi,o3,31.4
2025-08-04T00:00:00+05:30,Delhi,o3,29.9
2025-08-05T00:00:00+05:30,Delhi,o3,28.7
2025-08-06T00:00:00+05:30,Delhi,o3,33.4
2025-08-07T00:00:00+05:30,Delhi,o3,31.6
2025-08-08T00:00:00+05:30,Delhi,o3,37.7
2025-08-09T00:00:00+05:30,Delhi,o3,32.2
2025-08-10T00:00:00+05:30,Delhi,o3,38.7
2025-08-11T00:00:00+05:30,Delhi,o3,25.3
2025-08-12T00:00:00+05:30,Delhi,o3,31.3
2025-08-13T00:00:00+05:30,Delhi,o3,29.7
2025-08-14T00:00:00+05:30,Delhi,o3,23.7
2025-08-15T00:00:00+05:30,Delhi,o3,21.2
2025-08-16T00:00:00+05:30,Delhi,o3,23.8
2025-08-17T00:00:00+05:30,Delhi,o3,32.6
2025-08-18T00:00:00+05:30,Delhi,o3,38.2
2025-08-19T00:00:00+05:30,Delhi,o3,35.3
2025-08-20T00:00:00+05:30,Delhi,o3,41.1
2025-08-21T00:00:00+05:30,Delhi,o3,39.3
2025-08-22T00:00:00+05:30,Delhi,o3,42.4
2025-08-23T00:00:00+05:30,Delhi,o3,39.7
2025-08-24T00:00:00+05:30,Delhi,o3,33.8
2025-08-25T00:00:00+05:30,Delhi,o3,35.5
2025-08-26T00:00:00+05:30,Delhi,o3,32.9
2025-08-27T00:00:00+05:30,Delhi,o3,23.8
2025-08-28T00:00:00+05:30,Delhi,o3,21.7
2025-08-29T00:00:00+05:30,Delhi,o3,16.1
2025-08-30T00:00:00+05:30,Delhi,o3,23.8
2025-08-31T00:00:00+05:30,Delhi,o3,29.9
2025-09-01T00:00:00+05:30,Delhi,o3,26.5
2025-09-02T00:00:00+05:30,Delhi,o3,24.3
2025-09-03T00:00:00+05:30,Delhi,o3,21.1
2025-09-04T00:00:00+05:30,Delhi,o3,25.4
2025-09-05T00:00:00+05:30,Delhi,o3,26.8
2025-09-06T00:00:00+05:30,Delhi,o3,27.9
2025-09-07T00:00:00+05:30,Delhi,o3,23.7
2025-09-08T00:00:00+05:30,Delhi,o3,23.0
2025-09-09T00:00:00+05:30,Delhi,o3,39.7
2025-09-10T00:00:00+05:30,Delhi,o3,40.8
2025-09-11T00:00:00+05:30,Delhi,o3,37.8
2025-09-12T00:00:00+05:30,Delhi,o3,34.0
2025-09-13T00:00:00+05:30,Delhi,o3,38.7
2025-09-14T00:00:00+05:30,Delhi,o3,37.0
2025-09-15T00:00:00+05:30,Delhi,o3,37.4
2025-09-16T00:00:00+05:30,Delhi,o3,50.1
2025-09-17T00:00:00+05:30,Delhi,o3,47.5
2025-09-18T00:00:00+05:30,Delhi,o3,24.9
2025-09-19T00:00:00+05:30,Delhi,o3,36.0
2025-09-20T00:00:00+05:30,Delhi,o3,35.8
2025-09-21T00:00:00+05:30,Delhi,o3,43.5
2025-09-22T00:00:00+05:30,Delhi,o3,43.6
2025-09-23T00:00:00+05:30,Delhi,o3,40.6
2025-09-24T00:00:00+05:30,Delhi,o3,40.0
2025-09-25T00:00:00+05:30,Delhi,o3,37.4
2025-09-26T00:00:00+05:30,Delhi,o3,34.8
2025-09-27T00:00:00+05:30,Delhi,o3,58.8
2025-09-28T00:00:00+05:30,Delhi,o3,46.4
2025-09-29T00:00:00+05:30,Delhi,o3,44.1
2025-10-01T00:00:00+05:30,Delhi,o3,68.0
2025-10-02T00:00:00+05:30,Delhi,o3,75.4
2025-10-03T00:00:00+05:30,Delhi,o3,50.0
2025-10-04T00:00:00+05:30,Delhi,o3,51.0
2025-10-05T00:00:00+05:30,Delhi,o3,53.7
2025-10-06T00:00:00+05:30,Delhi,o3,38.1
2025-10-07T00:00:00+05:30,Delhi,o3,53.2
2025-10-08T00:00:00+05:30,Delhi,o3,44.0
2025-10-09T00:00:00+05:30,Delhi,o3,55.1
2025-10-10T00:00:00+05:30,Delhi,o3,62.1
2025-10-11T00:00:00+05:30,Delhi,o3,53.7
2025-10-12T00:00:00+05:30,Delhi,o3,54.0
2025-10-13T00:00:00+05:30,Delhi,o3,53.8
2025-10-14T00:00:00+05:30,Delhi,o3,39.8
2025-10-15T00:00:00+05:30,Delhi,o3,71.7
2025-10-16T00:00:00+05:30,Delhi,o3,46.7
2025-10-17T00:00:00+05:30,Delhi,o3,51.6
2025-10-18T00:00:00+05:30,Delhi,o3,47.2
2025-10-19T00:00:00+05:30,Delhi,o3,47.1
2025-10-20T00:00:00+05:30,Delhi,o3,23.8
2025-10-21T00:00:00+05:30,Delhi,o3,29.1
2025-10-22T00:00:00+05:30,Delhi,o3,32.8
2025-10-23T00:00:00+05:30,Delhi,o3,42.3
2025-10-24T00:00:00+05:30,Delhi,o3,39.3
2025-10-25T00:00:00+05:30,Delhi,o3,48.2
2025-10-26T00:00:00+05:30,Delhi,o3,15.8
2025-10-27T00:00:00+05:30,Delhi,o3,40.7
2025-10-28T00:00:00+05:30,Delhi,o3,27.2
2025-10-29T00:00:00+05:30,Delhi,o3,38.3
2025-10-30T00:00:00+05:30,Delhi,o3,20.1
2025-10-31T00:00:00+05:30,Delhi,o3,33.7
2025-11-01T00:00:00+05:30,Delhi,o3,23.4
2025-11-02T00:00:00+05:30,Delhi,o3,32.8
2025-11-03T00:00:00+05:30,Delhi,o3,31.6
2025-11-04T00:00:00+05:30,Delhi,o3,49.3
2025-11-05T00:00:00+05:30,Delhi,o3,48.3
2025-11-06T00:00:00+05:30,Delhi,o3,49.6
2025-11-07T00:00:00+05:30,Delhi,o3,53.0
2025-11-08T00:00:00+05:30,Delhi,o3,51.5
2025-11-09T00:00:00+05:30,Delhi,o3,53.5
2025-11-10T00:00:00+05:30,Delhi,o3,17.5
2025-11-11T00:00:00+05:30,Delhi,o3,48.7
2025-11-12T00:00:00+05:30,Delhi,o3,47.6
2025-11-13T00:00:00+05:30,Delhi,o3,40.6
2025-11-14T00:00:00+05:30,Delhi,o3,50.9
2025-11-15T00:00:00+05:30,Delhi,o3,52.8
2025-11-16T00:00:00+05:30,Delhi,o3,53.9
2025-11-17T00:00:00+05:30,Delhi,o3,51.2
2025-11-18T00:00:00+05:30,Delhi,o3,14.3
2025-11-19T00:00:00+05:30,Delhi,o3,33.8
2025-11-20T00:00:00+05:30,Delhi,o3,41.7
2025-11-21T00:00:00+05:30,Delhi,o3,35.3
2025-11-22T00:00:00+05:30,Delhi,o3,33.4
2025-11-23T00:00:00+05:30,Delhi,o3,35.6
2025-11-24T00:00:00+05:30,Delhi,o3,47.9
2025-11-25T00:00:00+05:30,Delhi,o3,51.8
2025-11-26T00:00:00+05:30,Delhi,o3,38.4
2025-11-27T00:00:00+05:30,Delhi,o3,30.8
2025-11-28T00:00:00+05:30,Delhi,o3,38.4
2025-11-29T00:00:00+05:30,Delhi,o3,33.3
2025-12-01T00:00:00+05:30,Delhi,o3,25.0
2025-12-02T00:00:00+05:30,Delhi,o3,13.2
2025-12-03T00:00:00+05:30,Delhi,o3,35.2
2025-12-04T00:00:00+05:30,Delhi,o3,20.2
2025-12-05T00:00:00+05:30,Delhi,o3,25.7
2025-12-06T00:00:00+05:30,Delhi,o3,45.5
2025-12-07T00:00:00+05:30,Delhi,o3,58.6
2025-12-08T00:00:00+05:30,Delhi,o3,56.5
2025-12-09T00:00:00+05:30,Delhi,o3,61.2
2025-12-10T00:00:00+05:30,Delhi,o3,59.3
2025-12-11T00:00:00+05:30,Delhi,o3,48.3
2025-12-12T00:00:00+05:30,Delhi,o3,42.1
2025-12-13T00:00:00+05:30,Delhi,o3,40.0
2025-12-14T00:00:00+05:30,Delhi,o3,36.4
2025-12-15T00:00:00+05:30,Delhi,o3,36.2
2025-12-16T00:00:00+05:30,Delhi,o3,48.0
2025-12-17T00:00:00+05:30,Delhi,o3,40.7
2025-12-18T00:00:00+05:30,Delhi,o3,21.1
2025-12-19T00:00:00+05:30,Delhi,o3,24.8
2025-12-20T00:00:00+05:30,Delhi,o3,10.9
2025-12-21T00:00:00+05:30,Delhi,o3,21.4
2025-12-22T00:00:00+05:30,Delhi,o3,25.6
2025-12-23T00:00:00+05:30,Delhi,o3,28.9
2025-12-24T00:00:00+05:30,Delhi,o3,23.9
2025-12-25T00:00:00+05:30,Delhi,o3,34.0
2025-12-26T00:00:00+05:30,Delhi,o3,31.8
2025-12-27T00:00:00+05:30,Delhi,o3,33.2
2025-12-28T00:00:00+05:30,Delhi,o3,23.6
2025-12-29T00:00:00+05:30,Delhi,o3,24.4
2025-12-30T00:00:00+05:30,Delhi,o3,16.3
2025-12-31T00:00:00+05:30,Delhi,o3,4.54
2026-01-01T00:00:00+05:30,Delhi,o3,17.4
2026-01-02T00:00:00+05:30,Delhi,o3,15.4
2026-01-03T00:00:00+05:30,Delhi,o3,21.0
2026-01-04T00:00:00+05:30,Delhi,o3,26.9
2026-01-05T00:00:00+05:30,Delhi,o3,23.9
2026-01-06T00:00:00+05:30,Delhi,o3,24.6
2026-01-07T00:00:00+05:30,Delhi,o3,42.5
2026-01-08T00:00:00+05:30,Delhi,o3,43.3
2026-01-09T00:00:00+05:30,Delhi,o3,26.5
2026-01-10T00:00:00+05:30,Delhi,o3,63.9
2026-01-20T00:00:00+05:30,Delhi,o3,12.2
2026-01-21T00:00:00+05:30,Delhi,o3,31.0
2026-01-22T00:00:00+05:30,Delhi,o3,49.6
2026-01-23T00:00:00+05:30,Delhi,o3,50.1
2026-01-24T00:00:00+05:30,Delhi,o3,44.4
2026-01-25T00:00:00+05:30,Delhi,o3,47.3
2026-01-26T00:00:00+05:30,Delhi,o3,54.4
2026-01-27T00:00:00+05:30,Delhi,o3,21.3
2026-01-28T00:00:00+05:30,Delhi,o3,23.3
2026-01-29T00:00:00+05:30,Delhi,o3,30.4
2026-01-30T00:00:00+05:30,Delhi,o3,46.6
2026-02-01T00:00:00+05:30,Delhi,o3,31.9
2026-02-02T00:00:00+05:30,Delhi,o3,16.2
2026-02-03T00:00:00+05:30,Delhi,o3,31.7
2026-02-04T00:00:00+05:30,Delhi,o3,50.7
2026-02-05T00:00:00+05:30,Delhi,o3,46.9
2026-02-06T00:00:00+05:30,Delhi,o3,43.5
2026-02-07T00:00:00+05:30,Delhi,o3,54.0
2026-02-08T00:00:00+05:30,Delhi,o3,15.6
2026-02-09T00:00:00+05:30,Delhi,o3,34.7
2026-02-10T00:00:00+05:30,Delhi,o3,41.0
2026-02-11T00:00:00+05:30,Delhi,o3,39.4
2026-02-12T00:00:00+05:30,Delhi,o3,39.5
2026-02-13T00:00:00+05:30,Delhi,o3,38.5
2026-02-14T00:00:00+05:30,Delhi,o3,44.4
2026-02-15T00:00:00+05:30,Delhi,o3,42.4
2026-02-16T00:00:00+05:30,Delhi,o3,10.6
2026-02-17T00:00:00+05:30,Delhi,o3,53.3
2026-02-18T00:00:00+05:30,Delhi,o3,18.0
2026-02-19T00:00:00+05:30,Delhi,o3,45.6
2026-02-20T00:00:00+05:30,Delhi,o3,35.6
2026-02-21T00:00:00+05:30,Delhi,o3,45.0
2026-02-22T00:00:00+05:30,Delhi,o3,50.5
2026-02-23T00:00:00+05:30,Delhi,o3,53.9
2026-02-24T00:00:00+05:30,Delhi,o3,39.1
2026-02-25T00:00:00+05:30,Delhi,o3,40.7
2026-02-26T00:00:00+05:30,Delhi,o3,41.8
2026-02-27T00:00:00+05:30,Delhi,o3,44.0
2026-02-28T00:00:00+05:30,Delhi,o3,49.3
2026-03-01T00:00:00+05:30,Delhi,o3,47.8
2026-03-02T00:00:00+05:30,Delhi,o3,56.3
2026-03-03T00:00:00+05:30,Delhi,o3,56.3
2026-03-04T00:00:00+05:30,Delhi,o3,60.3
2026-03-05T00:00:00+05:30,Delhi,o3,49.9
2026-03-06T00:00:00+05:30,Delhi,o3,45.0
2026-03-07T00:00:00+05:30,Delhi,o3,35.4
2026-03-08T00:00:00+05:30,Delhi,o3,46.9
2026-03-09T00:00:00+05:30,Delhi,o3,40.8
2026-03-10T00:00:00+05:30,Delhi,o3,58.2
2026-03-11T00:00:00+05:30,Delhi,o3,44.7
2026-03-12T00:00:00+05:30,Delhi,o3,43.5
2026-03-13T00:00:00+05:30,Delhi,o3,33.9
2026-03-14T00:00:00+05:30,Delhi,o3,44.2
2026-03-15T00:00:00+05:30,Delhi,o3,43.3
2026-03-16T00:00:00+05:30,Delhi,o3,55.0
2026-03-17T00:00:00+05:30,Delhi,o3,59.4
2026-03-18T00:00:00+05:30,Delhi,o3,52.8
2026-03-19T00:00:00+05:30,Delhi,o3,17.9
2026-03-20T00:00:00+05:30,Delhi,o3,13.8
2026-03-21T00:00:00+05:30,Delhi,o3,28.1
2026-03-22T00:00:00+05:30,Delhi,o3,27.8
2026-03-23T00:00:00+05:30,Delhi,o3,21.7
2026-03-24T00:00:00+05:30,Delhi,o3,30.6
2026-03-25T00:00:00+05:30,Delhi,o3,30.7
2026-03-26T00:00:00+05:30,Delhi,o3,38.7
2026-03-27T00:00:00+05:30,Delhi,o3,31.3
2026-03-28T00:00:00+05:30,Delhi,o3,41.6
2026-03-29T00:00:00+05:30,Delhi,o3,43.6
2026-03-30T00:00:00+05:30,Delhi,o3,23.7
2026-04-01T00:00:00+05:30,Delhi,o3,27.0
2026-04-02T00:00:00+05:30,Delhi,o3,34.2
2026-04-03T00:00:00+05:30,Delhi,o3,31.7
2026-04-04T00:00:00+05:30,Delhi,o3,30.3
2026-04-05T00:00:00+05:30,Delhi,o3,38.5
2026-04-06T00:00:00+05:30,Delhi,o3,43.3
2026-04-07T00:00:00+05:30,Delhi,o3,31.6
2026-04-08T00:00:00+05:30,Delhi,o3,44.5
2026-04-09T00:00:00+05:30,Delhi,o3,31.5
2026-04-10T00:00:00+05:30,Delhi,o3,45.0
2026-04-11T00:00:00+05:30,Delhi,o3,44.5
2026-04-12T00:00:00+05:30,Delhi,o3,31.5
2026-04-13T00:00:00+05:30,Delhi,o3,32.2
2026-04-14T00:00:00+05:30,Delhi,o3,28.2
2026-04-15T00:00:00+05:30,Delhi,o3,30.4
2026-04-16T00:00:00+05:30,Delhi,o3,33.9
2026-04-17T00:00:00+05:30,Delhi,o3,28.7
2026-04-18T00:00:00+05:30,Delhi,o3,28.6
2026-04-19T00:00:00+05:30,Delhi,o3,29.5
2026-04-20T00:00:00+05:30,Delhi,o3,21.3
2026-04-21T00:00:00+05:30,Delhi,o3,29.0
2026-04-22T00:00:00+05:30,Delhi,o3,28.7
2026-04-23T00:00:00+05:30,Delhi,o3,24.3
2026-04-24T00:00:00+05:30,Delhi,o3,29.7
2026-04-25T00:00:00+05:30,Delhi,o3,28.4
2026-04-26T00:00:00+05:30,Delhi,o3,29.2
2026-04-27T00:00:00+05:30,Delhi,o3,31.9
2026-04-28T00:00:00+05:30,Delhi,o3,32.3
2026-04-29T00:00:00+05:30,Delhi,o3,29.3
2026-04-30T00:00:00+05:30,Delhi,o3,28.7
2026-05-01T00:00:00+05:30,Delhi,o3,35.2
2026-05-02T00:00:00+05:30,Delhi,o3,43.1
2026-05-03T00:00:00+05:30,Delhi,o3,33.9
2026-05-04T00:00:00+05:30,Delhi,o3,28.3
2026-05-05T00:00:00+05:30,Delhi,o3,28.6
2026-05-06T00:00:00+05:30,Delhi,o3,50.5
2026-05-07T00:00:00+05:30,Delhi,o3,40.0
2026-05-08T00:00:00+05:30,Delhi,o3,32.6
2026-05-09T00:00:00+05:30,Delhi,o3,36.1
2026-05-10T00:00:00+05:30,Delhi,o3,41.5
2026-05-11T00:00:00+05:30,Delhi,o3,35.4
2026-05-12T00:00:00+05:30,Delhi,o3,39.4
2026-05-13T00:00:00+05:30,Delhi,o3,33.4
2026-05-14T00:00:00+05:30,Delhi,o3,37.9
2026-05-15T00:00:00+05:30,Delhi,o3,34.0
2026-05-16T00:00:00+05:30,Delhi,o3,30.6
2026-05-17T00:00:00+05:30,Delhi,o3,26.3
2026-05-18T00:00:00+05:30,Delhi,o3,29.0
2026-05-19T00:00:00+05:30,Delhi,o3,29.4
2026-05-20T00:00:00+05:30,Delhi,o3,25.0
2026-05-21T00:00:00+05:30,Delhi,o3,26.3
2026-05-22T00:00:00+05:30,Delhi,o3,27.8
2026-05-23T00:00:00+05:30,Delhi,o3,24.3
2026-05-24T00:00:00+05:30,Delhi,o3,24.6
2026-05-25T00:00:00+05:30,Delhi,o3,18.0
2026-05-26T00:00:00+05:30,Delhi,o3,22.1
2026-05-27T00:00:00+05:30,Delhi,o3,18.3
2026-05-28T00:00:00+05:30,Delhi,o3,25.8
2026-05-29T00:00:00+05:30,Delhi,o3,25.3
2026-05-30T00:00:00+05:30,Delhi,o3,23.5
2026-06-01T00:00:00+05:30,Delhi,o3,22.8
2026-06-02T00:00:00+05:30,Delhi,o3,20.3
2026-06-03T00:00:00+05:30,Delhi,o3,27.1
2026-06-04T00:00:00+05:30,Delhi,o3,20.8
2026-06-05T00:00:00+05:30,Delhi,o3,13.3
2026-06-06T00:00:00+05:30,Delhi,o3,9.82
2026-06-07T00:00:00+05:30,Delhi,o3,9.31
2026-06-08T00:00:00+05:30,Delhi,o3,8.38
2026-06-09T00:00:00+05:30,Delhi,o3,24.7
2026-06-10T00:00:00+05:30,Delhi,o3,16.8
2026-06-11T00:00:00+05:30,Delhi,o3,25.4
2026-06-12T00:00:00+05:30,Delhi,o3,16.3
2026-06-13T00:00:00+05:30,Delhi,o3,22.9
2026-06-14T00:00:00+05:30,Delhi,o3,9.23
2026-06-15T00:00:00+05:30,Delhi,o3,16.8
2026-06-16T00:00:00+05:30,Delhi,o3,9.56
2026-06-17T00:00:00+05:30,Delhi,o3,19.1
2026-06-18T00:00:00+05:30,Delhi,o3,28.9
2026-06-19T00:00:00+05:30,Delhi,o3,31.8
2026-06-20T00:00:00+05:30,Delhi,o3,29.1
2026-06-21T00:00:00+05:30,Delhi,o3,16.8
2026-06-22T00:00:00+05:30,Delhi,o3,25.0
2026-06-23T00:00:00+05:30,Delhi,o3,34.8
2026-06-25T00:00:00+05:30,Delhi,o3,8.73
2026-06-26T00:00:00+05:30,Delhi,o3,38.9
2026-06-27T00:00:00+05:30,Delhi,o3,31.6
2026-06-28T00:00:00+05:30,Delhi,o3,35.7
2026-06-29T00:00:00+05:30,Delhi,o3,28.1
2026-06-30T00:00:00+05:30,Delhi,o3,18.5
2026-07-01T00:00:00+05:30,Delhi,o3,14.7
2026-07-02T00:00:00+05:30,Delhi,o3,31.4
2026-07-03T00:00:00+05:30,Delhi,o3,18.9
2026-07-04T00:00:00+05:30,Delhi,o3,16.3
2026-07-05T00:00:00+05:30,Delhi,o3,7.1
2026-07-06T00:00:00+05:30,Delhi,o3,25.5
2026-07-07T00:00:00+05:30,Delhi,o3,10.1
2026-07-08T00:00:00+05:30,Delhi,o3,7.0
2026-07-09T00:00:00+05:30,Delhi,o3,14.5
2026-07-10T00:00:00+05:30,Delhi,o3,20.1
2026-07-11T00:00:00+05:30,Delhi,o3,16.0
2026-07-12T00:00:00+05:30,Delhi,o3,15.1
2026-07-13T00:00:00+05:30,Delhi,o3,22.8
2026-07-14T00:00:00+05:30,Delhi,o3,24.6
2026-07-15T00:00:00+05:30,Delhi,o3,17.5
2026-07-16T00:00:00+05:30,Delhi,o3,19.2
2026-07-17T00:00:00+05:30,Delhi,o3,17.0
2026-07-18T00:00:00+05:30,Delhi,o3,14.1
2026-07-19T00:00:00+05:30,Delhi,o3,16.2
2026-07-20T00:00:00+05:30,Delhi,o3,7.09
2026-07-21T00:00:00+05:30,Delhi,o3,8.39
2026-07-22T00:00:00+05:30,Delhi,o3,14.7
2026-07-23T00:00:00+05:30,Delhi,o3,17.6
2026-07-24T00:00:00+05:30,Delhi,o3,13.5
2026-07-25T00:00:00+05:30,Delhi,o3,20.2
2026-07-26T00:00:00+05:30,Delhi,o3,24.9
2026-07-27T00:00:00+05:30,Delhi,o3,26.5
2026-07-28T00:00:00+05:30,Delhi,o3,10.1
2026-07-29T00:00:00+05:30,Delhi,o3,21.1
2026-07-30T00:00:00+05:30,Delhi,o3,17.4
2026-08-01T00:00:00+05:30,Delhi,o3,17.7
2026-08-02T00:00:00+05:30,Delhi,o3,7.88
2026-08-03T00:00:00+05:30,Delhi,o3,28.2
2026-08-04T00:00:00+05:30,Delhi,o3,23.2
2026-08-05T00:00:00+05:30,Delhi,o3,19.8
2026-08-06T00:00:00+05:30,Delhi,o3,23.9
2026-08-07T00:00:00+05:30,Delhi,o3,15.4
2026-08-08T00:00:00+05:30,Delhi,o3,21.7
2026-08-09T00:00:00+05:30,Delhi,o3,27.1
2026-08-10T00:00:00+05:30,Delhi,o3,18.9
2026-08-11T00:00:00+05:30,Delhi,o3,16.8
2026-08-12T00:00:00+05:30,Delhi,o3,33.2
2026-08-13T00:00:00+05:30,Delhi,o3,17.3
2026-08-14T00:00:00+05:30,Delhi,o3,10.7
2026-08-15T00:00:00+05:30,Delhi,o3,17.0
2026-08-16T00:00:00+05:30,Delhi,o3,21.3
2026-08-17T00:00:00+05:30,Delhi,o3,25.3
2026-08-18T00:00:00+05:30,Delhi,o3,24.7
2026-08-19T00:00:00+05:30,Delhi,o3,24.5
2026-08-20T00:00:00+05:30,Delhi,o3,25.6
2026-08-21T00:00:00+05:30,Delhi,o3,20.0
2026-08-22T00:00:00+05:30,Delhi,o3,21.4
2026-08-23T00:00:00+05:30,Delhi,o3,30.2
2026-08-24T00:00:00+05:30,Delhi,o3,24.6
2026-08-25T00:00:00+05:30,Delhi,o3,34.2
2026-08-26T00:00:00+05:30,Delhi,o3,24.2
2026-08-27T00:00:00+05:30,Delhi,o3,21.2
2026-08-28T00:00:00+05:30,Delhi,o3,5.0
2026-08-29T00:00:00+05:30,Delhi,o3,7.85
2026-08-30T00:00:00+05:30,Delhi,o3,14.4
2026-08-31T00:00:00+05:30,Delhi,o3,17.6
2026-09-01T00:00:00+05:30,Delhi,o3,14.3
2026-09-02T00:00:00+05:30,Delhi,o3,5.84
2026-09-03T00:00:00+05:30,Delhi,o3,23.3
2026-09-04T00:00:00+05:30,Delhi,o3,23.3
2026-09-05T00:00:00+05:30,Delhi,o3,10.6
2026-09-06T00:00:00+05:30,Delhi,o3,5.82
2026-09-07T00:00:00+05:30,Delhi,o3,27.7
2025-02-19T00:00:00+05:30,Mumbai,pm25,57.6
2025-02-20T00:00:00+05:30,Mumbai,pm25,51.6
2025-02-21T00:00:00+05:30,Mumbai,pm25,47.6
2025-02-22T00:00:00+05:30,Mumbai,pm25,44.6
2025-02-24T00:00:00+05:30,Mumbai,pm25,57.0
2025-02-25T00:00:00+05:30,Mumbai,pm25,61.1
2025-02-26T00:00:00+05:30,Mumbai,pm25,62.5
2025-02-27T00:00:00+05:30,Mumbai,pm25,66.3
2025-02-28T00:00:00+05:30,Mumbai,pm25,66.7
2025-03-01T00:00:00+05:30,Mumbai,pm25,57.4
2025-03-02T00:00:00+05:30,Mumbai,pm25,55.6
2025-03-03T00:00:00+05:30,Mumbai,pm25,57.6
2025-03-04T00:00:00+05:30,Mumbai,pm25,61.0
2025-03-05T00:00:00+05:30,Mumbai,pm25,55.2
2025-03-06T00:00:00+05:30,Mumbai,pm25,70.5
2025-03-07T00:00:00+05:30,Mumbai,pm25,73.3
2025-03-08T00:00:00+05:30,Mumbai,pm25,75.4
2025-03-09T00:00:00+05:30,Mumbai,pm25,169.0
2025-03-10T00:00:00+05:30,Mumbai,pm25,218.0
2025-03-11T00:00:00+05:30,Mumbai,pm25,218.0
2025-03-12T00:00:00+05:30,Mumbai,pm25,190.0
2025-03-13T00:00:00+05:30,Mumbai,pm25,40.2
2025-03-14T00:00:00+05:30,Mumbai,pm25,40.6
2025-03-15T00:00:00+05:30,Mumbai,pm25,28.1
2025-03-16T00:00:00+05:30,Mumbai,pm25,29.6
2025-03-17T00:00:00+05:30,Mumbai,pm25,32.6
2025-03-18T00:00:00+05:30,Mumbai,pm25,30.6
2025-03-19T00:00:00+05:30,Mumbai,pm25,30.3
2025-03-20T00:00:00+05:30,Mumbai,pm25,36.4
2025-03-21T00:00:00+05:30,Mumbai,pm25,29.4
2025-03-22T00:00:00+05:30,Mumbai,pm25,29.5
2025-03-23T00:00:00+05:30,Mumbai,pm25,33.5
2025-03-24T00:00:00+05:30,Mumbai,pm25,32.8
2025-03-25T00:00:00+05:30,Mumbai,pm25,35.6
2025-03-26T00:00:00+05:30,Mumbai,pm25,28.3
2025-03-27T00:00:00+05:30,Mumbai,pm25,27.8
2025-03-28T00:00:00+05:30,Mumbai,pm25,31.1
2025-03-29T00:00:00+05:30,Mumbai,pm25,38.7
2025-03-30T00:00:00+05:30,Mumbai,pm25,35.7
2025-04-01T00:00:00+05:30,Mumbai,pm25,30.6
2025-04-02T00:00:00+05:30,Mumbai,pm25,34.1
2025-04-03T00:00:00+05:30,Mumbai,pm25,44.8
2025-04-04T00:00:00+05:30,Mumbai,pm25,38.8
2025-04-05T00:00:00+05:30,Mumbai,pm25,33.4
2025-04-06T00:00:00+05:30,Mumbai,pm25,31.2
2025-04-07T00:00:00+05:30,Mumbai,pm25,44.2
2025-04-08T00:00:00+05:30,Mumbai,pm25,32.4
2025-04-11T00:00:00+05:30,Mumbai,pm25,29.8
2025-04-12T00:00:00+05:30,Mumbai,pm25,28.0
2025-04-13T00:00:00+05:30,Mumbai,pm25,32.8
2025-04-15T00:00:00+05:30,Mumbai,pm25,80.4
2025-04-16T00:00:00+05:30,Mumbai,pm25,218.0
2025-04-17T00:00:00+05:30,Mumbai,pm25,218.0
2025-04-18T00:00:00+05:30,Mumbai,pm25,218.0
2025-04-19T00:00:00+05:30,Mumbai,pm25,218.0
2025-04-20T00:00:00+05:30,Mumbai,pm25,218.0
2025-04-21T00:00:00+05:30,Mumbai,pm25,218.0
2025-04-22T00:00:00+05:30,Mumbai,pm25,142.0
2025-04-23T00:00:00+05:30,Mumbai,pm25,56.2
2025-04-24T00:00:00+05:30,Mumbai,pm25,50.0
2025-04-25T00:00:00+05:30,Mumbai,pm25,52.2
2025-04-26T00:00:00+05:30,Mumbai,pm25,50.5
2025-04-27T00:00:00+05:30,Mumbai,pm25,50.3
2025-04-28T00:00:00+05:30,Mumbai,pm25,46.9
2025-04-29T00:00:00+05:30,Mumbai,pm25,44.4
2025-04-30T00:00:00+05:30,Mumbai,pm25,44.5
2025-05-01T00:00:00+05:30,Mumbai,pm25,37.3
2025-05-05T00:00:00+05:30,Mumbai,pm25,65.7
2025-05-06T00:00:00+05:30,Mumbai,pm25,52.4
2025-05-07T00:00:00+05:30,Mumbai,pm25,31.9
2025-05-08T00:00:00+05:30,Mumbai,pm25,30.9
2025-05-09T00:00:00+05:30,Mumbai,pm25,32.7
2025-05-10T00:00:00+05:30,Mumbai,pm25,35.5
2025-05-11T00:00:00+05:30,Mumbai,pm25,34.9
2025-05-12T00:00:00+05:30,Mumbai,pm25,33.2
2025-05-13T00:00:00+05:30,Mumbai,pm25,37.0
2025-05-14T00:00:00+05:30,Mumbai,pm25,42.6
2025-05-15T00:00:00+05:30,Mumbai,pm25,36.0
2025-05-16T00:00:00+05:30,Mumbai,pm25,44.3
2025-05-17T00:00:00+05:30,Mumbai,pm25,216.0
2025-05-18T00:00:00+05:30,Mumbai,pm25,218.0
2025-05-19T00:00:00+05:30,Mumbai,pm25,218.0
2025-05-20T00:00:00+05:30,Mumbai,pm25,155.0
2025-05-21T00:00:00+05:30,Mumbai,pm25,32.3
2025-05-22T00:00:00+05:30,Mumbai,pm25,27.8
2025-05-23T00:00:00+05:30,Mumbai,pm25,40.1
2025-05-24T00:00:00+05:30,Mumbai,pm25,37.5
2025-05-25T00:00:00+05:30,Mumbai,pm25,31.8
2025-05-26T00:00:00+05:30,Mumbai,pm25,30.4
2025-05-27T00:00:00+05:30,Mumbai,pm25,37.1
2025-05-28T00:00:00+05:30,Mumbai,pm25,30.0
2025-05-29T00:00:00+05:30,Mumbai,pm25,52.8
2025-05-30T00:00:00+05:30,Mumbai,pm25,50.5
2025-06-01T00:00:00+05:30,Mumbai,pm25,41.9
2025-06-02T00:00:00+05:30,Mumbai,pm25,40.8
2025-06-03T00:00:00+05:30,Mumbai,pm25,40.7
2025-06-04T00:00:00+05:30,Mumbai,pm25,29.3
2025-06-05T00:00:00+05:30,Mumbai,pm25,42.1
2025-06-06T00:00:00+05:30,Mumbai,pm25,45.7
2025-06-07T00:00:00+05:30,Mumbai,pm25,32.1
2025-06-09T00:00:00+05:30,Mumbai,pm25,41.7
2025-06-10T00:00:00+05:30,Mumbai,pm25,37.3
2025-06-11T00:00:00+05:30,Mumbai,pm25,34.1
2025-06-12T00:00:00+05:30,Mumbai,pm25,33.6
2025-06-13T00:00:00+05:30,Mumbai,pm25,31.5
2025-06-14T00:00:00+05:30,Mumbai,pm25,33.4
2025-06-15T00:00:00+05:30,Mumbai,pm25,28.7
2025-06-16T00:00:00+05:30,Mumbai,pm25,32.5
2025-06-17T00:00:00+05:30,Mumbai,pm25,41.0
2025-06-18T00:00:00+05:30,Mumbai,pm25,34.6
2025-06-19T00:00:00+05:30,Mumbai,pm25,36.8
2025-06-20T00:00:00+05:30,Mumbai,pm25,39.4
2025-06-21T00:00:00+05:30,Mumbai,pm25,43.9
2025-06-22T00:00:00+05:30,Mumbai,pm25,44.3
2025-06-23T00:00:00+05:30,Mumbai,pm25,44.5
2025-06-24T00:00:00+05:30,Mumbai,pm25,45.4
2025-06-25T00:00:00+05:30,Mumbai,pm25,47.9
2025-06-26T00:00:00+05:30,Mumbai,pm25,47.4
2025-06-27T00:00:00+05:30,Mumbai,pm25,42.4
2025-06-28T00:00:00+05:30,Mumbai,pm25,45.6
2025-06-29T00:00:00+05:30,Mumbai,pm25,44.7
2025-06-30T00:00:00+05:30,Mumbai,pm25,42.7
2025-07-01T00:00:00+05:30,Mumbai,pm25,39.9
2025-07-02T00:00:00+05:30,Mumbai,pm25,35.2
2025-07-03T00:00:00+05:30,Mumbai,pm25,35.3
2025-07-04T00:00:00+05:30,Mumbai,pm25,37.3
2025-07-05T00:00:00+05:30,Mumbai,pm25,38.0
2025-07-06T00:00:00+05:30,Mumbai,pm25,37.9
2025-07-07T00:00:00+05:30,Mumbai,pm25,40.6
2025-07-08T00:00:00+05:30,Mumbai,pm25,41.2
2025-07-09T00:00:00+05:30,Mumbai,pm25,39.1
2025-07-10T00:00:00+05:30,Mumbai,pm25,42.2
2025-07-11T00:00:00+05:30,Mumbai,pm25,39.2
2025-07-12T00:00:00+05:30,Mumbai,pm25,37.6
2025-07-13T00:00:00+05:30,Mumbai,pm25,35.4
2025-07-14T00:00:00+05:30,Mumbai,pm25,31.5
2025-07-15T00:00:00+05:30,Mumbai,pm25,34.4
2025-07-16T00:00:00+05:30,Mumbai,pm25,38.4
2025-07-17T00:00:00+05:30,Mumbai,pm25,36.1
2025-07-18T00:00:00+05:30,Mumbai,pm25,37.9
2025-07-19T00:00:00+05:30,Mumbai,pm25,39.7
2025-07-20T00:00:00+05:30,Mumbai,pm25,30.6
2025-07-21T00:00:00+05:30,Mumbai,pm25,27.1
2025-07-22T00:00:00+05:30,Mumbai,pm25,26.3
2025-07-23T00:00:00+05:30,Mumbai,pm25,86.0
2025-07-24T00:00:00+05:30,Mumbai,pm25,162.0
2025-07-25T00:00:00+05:30,Mumbai,pm25,27.5
2025-07-26T00:00:00+05:30,Mumbai,pm25,28.1
2025-07-27T00:00:00+05:30,Mumbai,pm25,29.1
2025-07-28T00:00:00+05:30,Mumbai,pm25,33.8
2025-07-29T00:00:00+05:30,Mumbai,pm25,33.0
2025-07-30T00:00:00+05:30,Mumbai,pm25,35.5
2025-08-01T00:00:00+05:30,Mumbai,pm25,39.4
2025-08-02T00:00:00+05:30,Mumbai,pm25,33.5
2025-08-03T00:00:00+05:30,Mumbai,pm25,33.1
2025-08-04T00:00:00+05:30,Mumbai,pm25,33.4
2025-08-05T00:00:00+05:30,Mumbai,pm25,33.3
2025-08-06T00:00:00+05:30,Mumbai,pm25,41.2
2025-08-07T00:00:00+05:30,Mumbai,pm25,31.5
2025-08-08T00:00:00+05:30,Mumbai,pm25,33.7
2025-08-09T00:00:00+05:30,Mumbai,pm25,39.2
2025-08-10T00:00:00+05:30,Mumbai,pm25,31.9
2025-08-11T00:00:00+05:30,Mumbai,pm25,37.5
2025-08-12T00:00:00+05:30,Mumbai,pm25,39.0
2025-08-13T00:00:00+05:30,Mumbai,pm25,33.6
2025-08-14T00:00:00+05:30,Mumbai,pm25,27.4
2025-08-15T00:00:00+05:30,Mumbai,pm25,26.0
2025-08-16T00:00:00+05:30,Mumbai,pm25,26.0
2025-08-17T00:00:00+05:30,Mumbai,pm25,27.6
2025-08-18T00:00:00+05:30,Mumbai,pm25,26.8
2025-08-19T00:00:00+05:30,Mumbai,pm25,26.1
2025-08-20T00:00:00+05:30,Mumbai,pm25,30.4
2025-08-21T00:00:00+05:30,Mumbai,pm25,159.0
2025-08-22T00:00:00+05:30,Mumbai,pm25,182.0
2025-08-23T00:00:00+05:30,Mumbai,pm25,37.7
2025-08-24T00:00:00+05:30,Mumbai,pm25,37.8
2025-08-25T00:00:00+05:30,Mumbai,pm25,33.4
2025-08-26T00:00:00+05:30,Mumbai,pm25,35.2
2025-08-27T00:00:00+05:30,Mumbai,pm25,33.4
2025-08-28T00:00:00+05:30,Mumbai,pm25,34.1
2025-08-29T00:00:00+05:30,Mumbai,pm25,29.4
2025-08-30T00:00:00+05:30,Mumbai,pm25,29.3
2025-08-31T00:00:00+05:30,Mumbai,pm25,32.9
2025-09-01T00:00:00+05:30,Mumbai,pm25,34.0
2025-09-02T00:00:00+05:30,Mumbai,pm25,38.1
2025-09-03T00:00:00+05:30,Mumbai,pm25,38.1
2025-09-04T00:00:00+05:30,Mumbai,pm25,37.6
2025-09-05T00:00:00+05:30,Mumbai,pm25,39.5
2025-09-06T00:00:00+05:30,Mumbai,pm25,32.7
2025-09-07T00:00:00+05:30,Mumbai,pm25,36.5
2025-09-08T00:00:00+05:30,Mumbai,pm25,32.4
2025-09-09T00:00:00+05:30,Mumbai,pm25,39.1
2025-09-10T00:00:00+05:30,Mumbai,pm25,43.8
2025-09-11T00:00:00+05:30,Mumbai,pm25,44.3
2025-09-12T00:00:00+05:30,Mumbai,pm25,37.3
2025-09-13T00:00:00+05:30,Mumbai,pm25,38.9
2025-09-14T00:00:00+05:30,Mumbai,pm25,30.6
2025-09-15T00:00:00+05:30,Mumbai,pm25,30.8
2025-09-16T00:00:00+05:30,Mumbai,pm25,32.0
2025-09-17T00:00:00+05:30,Mumbai,pm25,30.0
2025-09-18T00:00:00+05:30,Mumbai,pm25,31.1
2025-09-19T00:00:00+05:30,Mumbai,pm25,31.2
2025-09-22T00:00:00+05:30,Mumbai,pm25,33.5
2025-09-23T00:00:00+05:30,Mumbai,pm25,34.1
2025-09-24T00:00:00+05:30,Mumbai,pm25,36.6
2025-09-25T00:00:00+05:30,Mumbai,pm25,34.1
2025-09-26T00:00:00+05:30,Mumbai,pm25,35.6
2025-09-27T00:00:00+05:30,Mumbai,pm25,35.0
2025-09-28T00:00:00+05:30,Mumbai,pm25,30.4
2025-09-29T00:00:00+05:30,Mumbai,pm25,35.4
2025-10-01T00:00:00+05:30,Mumbai,pm25,28.0
2025-10-02T00:00:00+05:30,Mumbai,pm25,29.7
2025-10-03T00:00:00+05:30,Mumbai,pm25,30.8
2025-10-04T00:00:00+05:30,Mumbai,pm25,31.6
2025-10-05T00:00:00+05:30,Mumbai,pm25,37.9
2025-10-06T00:00:00+05:30,Mumbai,pm25,36.9
2025-10-07T00:00:00+05:30,Mumbai,pm25,34.6
2025-10-08T00:00:00+05:30,Mumbai,pm25,38.5
2025-10-09T00:00:00+05:30,Mumbai,pm25,53.3
2025-10-10T00:00:00+05:30,Mumbai,pm25,63.9
2025-10-11T00:00:00+05:30,Mumbai,pm25,65.1
2025-10-13T00:00:00+05:30,Mumbai,pm25,58.3
2025-10-15T00:00:00+05:30,Mumbai,pm25,55.8
2025-10-16T00:00:00+05:30,Mumbai,pm25,64.1
2025-10-17T00:00:00+05:30,Mumbai,pm25,43.5
2025-10-18T00:00:00+05:30,Mumbai,pm25,49.4
2025-10-19T00:00:00+05:30,Mumbai,pm25,52.3
2025-10-20T00:00:00+05:30,Mumbai,pm25,63.7
2025-10-21T00:00:00+05:30,Mumbai,pm25,52.8
2025-10-22T00:00:00+05:30,Mumbai,pm25,43.0
2025-10-23T00:00:00+05:30,Mumbai,pm25,37.9
2025-10-24T00:00:00+05:30,Mumbai,pm25,39.7
2025-10-25T00:00:00+05:30,Mumbai,pm25,29.5
2025-10-26T00:00:00+05:30,Mumbai,pm25,29.2
2025-10-27T00:00:00+05:30,Mumbai,pm25,27.8
2025-10-28T00:00:00+05:30,Mumbai,pm25,31.0
2025-10-29T00:00:00+05:30,Mumbai,pm25,33.1
2025-10-30T00:00:00+05:30,Mumbai,pm25,30.2
2025-10-31T00:00:00+05:30,Mumbai,pm25,29.4
2025-11-01T00:00:00+05:30,Mumbai,pm25,30.3
2025-11-02T00:00:00+05:30,Mumbai,pm25,29.1
2025-11-03T00:00:00+05:30,Mumbai,pm25,32.9
2025-11-04T00:00:00+05:30,Mumbai,pm25,39.0
2025-11-05T00:00:00+05:30,Mumbai,pm25,40.6
2025-11-06T00:00:00+05:30,Mumbai,pm25,43.2
2025-11-07T00:00:00+05:30,Mumbai,pm25,50.7
2025-11-08T00:00:00+05:30,Mumbai,pm25,43.2
2025-11-09T00:00:00+05:30,Mumbai,pm25,47.0
2025-11-10T00:00:00+05:30,Mumbai,pm25,54.3
2025-11-11T00:00:00+05:30,Mumbai,pm25,53.2
2025-11-12T00:00:00+05:30,Mumbai,pm25,50.8
2025-11-13T00:00:00+05:30,Mumbai,pm25,49.7
2025-11-14T00:00:00+05:30,Mumbai,pm25,53.3
2025-11-15T00:00:00+05:30,Mumbai,pm25,54.2
2025-11-16T00:00:00+05:30,Mumbai,pm25,51.7
2025-11-17T00:00:00+05:30,Mumbai,pm25,48.9
2025-11-18T00:00:00+05:30,Mumbai,pm25,52.1
2025-11-19T00:00:00+05:30,Mumbai,pm25,52.6
2025-11-20T00:00:00+05:30,Mumbai,pm25,51.2
2025-11-21T00:00:00+05:30,Mumbai,pm25,55.2
2025-11-22T00:00:00+05:30,Mumbai,pm25,61.2
2025-11-23T00:00:00+05:30,Mumbai,pm25,60.8
2025-11-24T00:00:00+05:30,Mumbai,pm25,60.8
2025-11-25T00:00:00+05:30,Mumbai,pm25,69.2
2025-11-26T00:00:00+05:30,Mumbai,pm25,68.0
2025-11-27T00:00:00+05:30,Mumbai,pm25,63.1
2025-11-28T00:00:00+05:30,Mumbai,pm25,56.6
2025-11-29T00:00:00+05:30,Mumbai,pm25,46.8
2025-12-01T00:00:00+05:30,Mumbai,pm25,50.5
2025-12-02T00:00:00+05:30,Mumbai,pm25,52.9
2025-12-03T00:00:00+05:30,Mumbai,pm25,51.8
2025-12-04T00:00:00+05:30,Mumbai,pm25,50.5
2025-12-05T00:00:00+05:30,Mumbai,pm25,49.0
2025-12-06T00:00:00+05:30,Mumbai,pm25,46.7
2025-12-07T00:00:00+05:30,Mumbai,pm25,49.8
2025-12-08T00:00:00+05:30,Mumbai,pm25,54.5
2025-12-09T00:00:00+05:30,Mumbai,pm25,44.7
2025-12-10T00:00:00+05:30,Mumbai,pm25,37.6
2025-12-11T00:00:00+05:30,Mumbai,pm25,46.5
2025-12-12T00:00:00+05:30,Mumbai,pm25,52.6
2025-12-13T00:00:00+05:30,Mumbai,pm25,59.6
2025-12-14T00:00:00+05:30,Mumbai,pm25,58.5
2025-12-15T00:00:00+05:30,Mumbai,pm25,54.0
2025-12-16T00:00:00+05:30,Mumbai,pm25,53.8
2025-12-17T00:00:00+05:30,Mumbai,pm25,51.8
2025-12-18T00:00:00+05:30,Mumbai,pm25,54.7
2025-12-19T00:00:00+05:30,Mumbai,pm25,50.8
2025-12-24T00:00:00+05:30,Mumbai,pm25,62.8
2025-12-25T00:00:00+05:30,Mumbai,pm25,53.4
2025-12-26T00:00:00+05:30,Mumbai,pm25,56.4
2025-12-27T00:00:00+05:30,Mumbai,pm25,53.2
2025-12-28T00:00:00+05:30,Mumbai,pm25,54.7
2025-12-29T00:00:00+05:30,Mumbai,pm25,56.5
2025-12-30T00:00:00+05:30,Mumbai,pm25,64.2
2025-12-31T00:00:00+05:30,Mumbai,pm25,57.9
2026-01-01T00:00:00+05:30,Mumbai,pm25,42.2
2026-01-02T00:00:00+05:30,Mumbai,pm25,54.5
2026-01-03T00:00:00+05:30,Mumbai,pm25,59.8
2026-01-04T00:00:00+05:30,Mumbai,pm25,63.0
2026-01-05T00:00:00+05:30,Mumbai,pm25,56.6
2026-01-06T00:00:00+05:30,Mumbai,pm25,61.4
2026-01-07T00:00:00+05:30,Mumbai,pm25,59.5
2026-01-08T00:00:00+05:30,Mumbai,pm25,56.9
2026-01-09T00:00:00+05:30,Mumbai,pm25,57.4
2026-01-10T00:00:00+05:30,Mumbai,pm25,53.5
2026-01-20T00:00:00+05:30,Mumbai,pm25,69.6
2026-01-21T00:00:00+05:30,Mumbai,pm25,70.4
2026-01-22T00:00:00+05:30,Mumbai,pm25,67.1
2026-01-23T00:00:00+05:30,Mumbai,pm25,52.2
2026-01-24T00:00:00+05:30,Mumbai,pm25,54.4
2026-01-25T00:00:00+05:30,Mumbai,pm25,69.1
2026-01-26T00:00:00+05:30,Mumbai,pm25,67.0
2026-01-27T00:00:00+05:30,Mumbai,pm25,45.3
2026-01-28T00:00:00+05:30,Mumbai,pm25,38.9
2026-01-29T00:00:00+05:30,Mumbai,pm25,60.0
2026-01-30T00:00:00+05:30,Mumbai,pm25,68.2
2026-02-02T00:00:00+05:30,Mumbai,pm25,67.3
2026-02-03T00:00:00+05:30,Mumbai,pm25,72.2
2026-02-04T00:00:00+05:30,Mumbai,pm25,64.7
2026-02-05T00:00:00+05:30,Mumbai,pm25,52.7
2026-02-06T00:00:00+05:30,Mumbai,pm25,44.4
2026-02-07T00:00:00+05:30,Mumbai,pm25,49.1
2026-02-08T00:00:00+05:30,Mumbai,pm25,40.1
2026-02-09T00:00:00+05:30,Mumbai,pm25,51.6
2026-02-10T00:00:00+05:30,Mumbai,pm25,49.2
2026-02-11T00:00:00+05:30,Mumbai,pm25,59.8
2026-02-12T00:00:00+05:30,Mumbai,pm25,54.8
2026-02-13T00:00:00+05:30,Mumbai,pm25,49.0
2026-02-14T00:00:00+05:30,Mumbai,pm25,59.3
2026-02-15T00:00:00+05:30,Mumbai,pm25,61.2
2026-02-16T00:00:00+05:30,Mumbai,pm25,54.0
2026-02-17T00:00:00+05:30,Mumbai,pm25,43.0
2026-02-18T00:00:00+05:30,Mumbai,pm25,30.3
2026-02-19T00:00:00+05:30,Mumbai,pm25,69.7
2026-02-20T00:00:00+05:30,Mumbai,pm25,81.8
2026-02-21T00:00:00+05:30,Mumbai,pm25,58.7
2026-02-24T00:00:00+05:30,Mumbai,pm25,161.0
2026-02-25T00:00:00+05:30,Mumbai,pm25,266.0
2026-02-26T00:00:00+05:30,Mumbai,pm25,266.0
2026-02-27T00:00:00+05:30,Mumbai,pm25,175.0
2026-02-28T00:00:00+05:30,Mumbai,pm25,47.5
2026-03-02T00:00:00+05:30,Mumbai,pm25,27.5
2026-03-03T00:00:00+05:30,Mumbai,pm25,160.0
2026-03-04T00:00:00+05:30,Mumbai,pm25,56.9
2026-03-05T00:00:00+05:30,Mumbai,pm25,35.0
2026-03-06T00:00:00+05:30,Mumbai,pm25,36.6
2026-03-08T00:00:00+05:30,Mumbai,pm25,108.0
2026-03-10T00:00:00+05:30,Mumbai,pm25,61.3
2026-03-11T00:00:00+05:30,Mumbai,pm25,56.2
2026-03-12T00:00:00+05:30,Mumbai,pm25,168.0
2026-03-13T00:00:00+05:30,Mumbai,pm25,44.3
2026-03-14T00:00:00+05:30,Mumbai,pm25,45.4
2026-03-15T00:00:00+05:30,Mumbai,pm25,36.2
2026-03-16T00:00:00+05:30,Mumbai,pm25,31.7
2026-03-17T00:00:00+05:30,Mumbai,pm25,35.4
2026-03-18T00:00:00+05:30,Mumbai,pm25,29.5
2026-03-19T00:00:00+05:30,Mumbai,pm25,20.6
2026-03-20T00:00:00+05:30,Mumbai,pm25,25.0
2026-03-21T00:00:00+05:30,Mumbai,pm25,25.5
2026-03-22T00:00:00+05:30,Mumbai,pm25,47.4
2026-03-23T00:00:00+05:30,Mumbai,pm25,136.0
2026-03-24T00:00:00+05:30,Mumbai,pm25,42.9
2026-03-25T00:00:00+05:30,Mumbai,pm25,37.4
2026-03-26T00:00:00+05:30,Mumbai,pm25,45.4
2026-03-27T00:00:00+05:30,Mumbai,pm25,51.9
2026-03-28T00:00:00+05:30,Mumbai,pm25,37.0
2026-03-29T00:00:00+05:30,Mumbai,pm25,17.9
2026-03-30T00:00:00+05:30,Mumbai,pm25,40.2
2026-04-01T00:00:00+05:30,Mumbai,pm25,32.0
2026-04-02T00:00:00+05:30,Mumbai,pm25,27.4
2026-04-03T00:00:00+05:30,Mumbai,pm25,38.7
2026-04-04T00:00:00+05:30,Mumbai,pm25,31.6
2026-04-05T00:00:00+05:30,Mumbai,pm25,33.8
2026-04-06T00:00:00+05:30,Mumbai,pm25,24.1
2026-04-07T00:00:00+05:30,Mumbai,pm25,36.2
2026-04-08T00:00:00+05:30,Mumbai,pm25,38.9
2026-04-09T00:00:00+05:30,Mumbai,pm25,44.4
2026-04-10T00:00:00+05:30,Mumbai,pm25,60.9
2026-04-11T00:00:00+05:30,Mumbai,pm25,65.4
2026-04-12T00:00:00+05:30,Mumbai,pm25,48.7
2026-04-13T00:00:00+05:30,Mumbai,pm25,48.6
2026-04-14T00:00:00+05:30,Mumbai,pm25,52.5
2026-04-16T00:00:00+05:30,Mumbai,pm25,43.5
2026-04-17T00:00:00+05:30,Mumbai,pm25,43.4
2026-04-18T00:00:00+05:30,Mumbai,pm25,29.1
2026-04-19T00:00:00+05:30,Mumbai,pm25,128.0
2026-04-20T00:00:00+05:30,Mumbai,pm25,27.1
2026-04-21T00:00:00+05:30,Mumbai,pm25,42.0
2026-04-22T00:00:00+05:30,Mumbai,pm25,37.7
2026-04-23T00:00:00+05:30,Mumbai,pm25,26.3
2026-04-24T00:00:00+05:30,Mumbai,pm25,80.6
2026-04-25T00:00:00+05:30,Mumbai,pm25,55.6
2026-04-26T00:00:00+05:30,Mumbai,pm25,47.6
2026-04-27T00:00:00+05:30,Mumbai,pm25,36.3
2026-04-28T00:00:00+05:30,Mumbai,pm25,46.3
2026-04-29T00:00:00+05:30,Mumbai,pm25,35.1
2026-04-30T00:00:00+05:30,Mumbai,pm25,27.9
2026-05-01T00:00:00+05:30,Mumbai,pm25,18.9
2026-05-02T00:00:00+05:30,Mumbai,pm25,277.0
2026-05-03T00:00:00+05:30,Mumbai,pm25,296.0
2026-05-04T00:00:00+05:30,Mumbai,pm25,181.0
2026-05-05T00:00:00+05:30,Mumbai,pm25,49.3
2026-05-06T00:00:00+05:30,Mumbai,pm25,54.7
2026-05-07T00:00:00+05:30,Mumbai,pm25,31.8
2026-05-08T00:00:00+05:30,Mumbai,pm25,37.8
2026-05-11T00:00:00+05:30,Mumbai,pm25,51.9
2026-05-12T00:00:00+05:30,Mumbai,pm25,40.5
2026-05-13T00:00:00+05:30,Mumbai,pm25,42.7
2026-05-14T00:00:00+05:30,Mumbai,pm25,35.5
2026-05-15T00:00:00+05:30,Mumbai,pm25,32.7
2026-05-16T00:00:00+05:30,Mumbai,pm25,39.2
2026-05-17T00:00:00+05:30,Mumbai,pm25,63.7
2026-05-18T00:00:00+05:30,Mumbai,pm25,274.0
2026-05-19T00:00:00+05:30,Mumbai,pm25,57.4
2026-05-20T00:00:00+05:30,Mumbai,pm25,50.6
2026-05-21T00:00:00+05:30,Mumbai,pm25,56.0
2026-05-22T00:00:00+05:30,Mumbai,pm25,38.8
2026-05-23T00:00:00+05:30,Mumbai,pm25,38.3
2026-05-24T00:00:00+05:30,Mumbai,pm25,31.4
2026-05-25T00:00:00+05:30,Mumbai,pm25,42.5
2026-05-26T00:00:00+05:30,Mumbai,pm25,43.5
2026-05-27T00:00:00+05:30,Mumbai,pm25,34.0
2026-05-28T00:00:00+05:30,Mumbai,pm25,30.8
2026-05-29T00:00:00+05:30,Mumbai,pm25,35.0
2026-05-30T00:00:00+05:30,Mumbai,pm25,46.3
2026-06-01T00:00:00+05:30,Mumbai,pm25,29.3
2026-06-02T00:00:00+05:30,Mumbai,pm25,37.9
2026-06-03T00:00:00+05:30,Mumbai,pm25,29.4
2026-06-04T00:00:00+05:30,Mumbai,pm25,29.0
2026-06-09T00:00:00+05:30,Mumbai,pm25,70.1
2026-06-10T00:00:00+05:30,Mumbai,pm25,40.6
2026-06-11T00:00:00+05:30,Mumbai,pm25,44.9
2026-06-12T00:00:00+05:30,Mumbai,pm25,47.0
2026-06-13T00:00:00+05:30,Mumbai,pm25,43.9
2026-06-14T00:00:00+05:30,Mumbai,pm25,39.1
2026-06-15T00:00:00+05:30,Mumbai,pm25,32.4
2026-06-16T00:00:00+05:30,Mumbai,pm25,31.1
2026-06-17T00:00:00+05:30,Mumbai,pm25,37.6
2026-06-18T00:00:00+05:30,Mumbai,pm25,30.4
2026-06-19T00:00:00+05:30,Mumbai,pm25,24.9
2026-06-20T00:00:00+05:30,Mumbai,pm25,30.4
2026-06-21T00:00:00+05:30,Mumbai,pm25,24.4
2026-06-22T00:00:00+05:30,Mumbai,pm25,21.1
2026-06-23T00:00:00+05:30,Mumbai,pm25,8.13
2026-06-25T00:00:00+05:30,Mumbai,pm25,22.1
2026-06-26T00:00:00+05:30,Mumbai,pm25,28.0
2026-06-27T00:00:00+05:30,Mumbai,pm25,20.6
2026-07-09T00:00:00+05:30,Mumbai,pm25,64.6
2026-07-10T00:00:00+05:30,Mumbai,pm25,53.9
2026-07-11T00:00:00+05:30,Mumbai,pm25,49.9
2026-07-12T00:00:00+05:30,Mumbai,pm25,48.2
2026-07-13T00:00:00+05:30,Mumbai,pm25,38.8
2026-07-14T00:00:00+05:30,Mumbai,pm25,41.3
2026-07-15T00:00:00+05:30,Mumbai,pm25,37.2
2026-07-16T00:00:00+05:30,Mumbai,pm25,37.9
2026-07-17T00:00:00+05:30,Mumbai,pm25,36.0
2026-07-18T00:00:00+05:30,Mumbai,pm25,30.4
2026-07-19T00:00:00+05:30,Mumbai,pm25,28.1
2026-07-20T00:00:00+05:30,Mumbai,pm25,21.2
2026-07-21T00:00:00+05:30,Mumbai,pm25,32.6
2026-07-22T00:00:00+05:30,Mumbai,pm25,20.2
2026-07-23T00:00:00+05:30,Mumbai,pm25,18.7
2026-07-24T00:00:00+05:30,Mumbai,pm25,24.8
2026-07-25T00:00:00+05:30,Mumbai,pm25,28.7
2026-07-26T00:00:00+05:30,Mumbai,pm25,30.0
2026-07-27T00:00:00+05:30,Mumbai,pm25,29.0
2026-07-28T00:00:00+05:30,Mumbai,pm25,38.1
2026-07-29T00:00:00+05:30,Mumbai,pm25,42.6
2026-08-04T00:00:00+05:30,Mumbai,pm25,25.9
2026-08-05T00:00:00+05:30,Mumbai,pm25,25.7
2026-08-06T00:00:00+05:30,Mumbai,pm25,28.6
2026-08-07T00:00:00+05:30,Mumbai,pm25,29.2
2026-08-08T00:00:00+05:30,Mumbai,pm25,33.6
2026-08-09T00:00:00+05:30,Mumbai,pm25,31.4
2026-08-10T00:00:00+05:30,Mumbai,pm25,26.1
2026-08-11T00:00:00+05:30,Mumbai,pm25,19.7
2026-08-12T00:00:00+05:30,Mumbai,pm25,24.7
2026-08-13T00:00:00+05:30,Mumbai,pm25,24.9
2026-08-14T00:00:00+05:30,Mumbai,pm25,30.2
2026-08-15T00:00:00+05:30,Mumbai,pm25,11.3
2026-08-16T00:00:00+05:30,Mumbai,pm25,21.7
2026-08-17T00:00:00+05:30,Mumbai,pm25,26.5
2026-08-18T00:00:00+05:30,Mumbai,pm25,24.2
2026-08-19T00:00:00+05:30,Mumbai,pm25,25.0
2026-08-20T00:00:00+05:30,Mumbai,pm25,22.4
2026-08-21T00:00:00+05:30,Mumbai,pm25,28.8
2026-08-22T00:00:00+05:30,Mumbai,pm25,27.7
2026-08-23T00:00:00+05:30,Mumbai,pm25,22.6
2026-08-24T00:00:00+05:30,Mumbai,pm25,21.6
2026-08-25T00:00:00+05:30,Mumbai,pm25,25.9
2026-08-26T00:00:00+05:30,Mumbai,pm25,27.0
2026-08-27T00:00:00+05:30,Mumbai,pm25,23.4
2026-08-28T00:00:00+05:30,Mumbai,pm25,17.2
2026-08-29T00:00:00+05:30,Mumbai,pm25,16.9
2025-02-19T00:00:00+05:30,Mumbai,pm10,128.0
2025-02-20T00:00:00+05:30,Mumbai,pm10,112.0
2025-02-21T00:00:00+05:30,Mumbai,pm10,103.0
2025-02-22T00:00:00+05:30,Mumbai,pm10,95.9
2025-02-24T00:00:00+05:30,Mumbai,pm10,127.0
2025-02-25T00:00:00+05:30,Mumbai,pm10,137.0
2025-02-26T00:00:00+05:30,Mumbai,pm10,140.0
2025-02-27T00:00:00+05:30,Mumbai,pm10,150.0
2025-02-28T00:00:00+05:30,Mumbai,pm10,151.0
2025-03-01T00:00:00+05:30,Mumbai,pm10,127.0
2025-03-02T00:00:00+05:30,Mumbai,pm10,123.0
2025-03-03T00:00:00+05:30,Mumbai,pm10,134.0
2025-03-04T00:00:00+05:30,Mumbai,pm10,136.0
2025-03-05T00:00:00+05:30,Mumbai,pm10,123.0
2025-03-06T00:00:00+05:30,Mumbai,pm10,159.0
2025-03-07T00:00:00+05:30,Mumbai,pm10,167.0
2025-03-08T00:00:00+05:30,Mumbai,pm10,172.0
2025-03-09T00:00:00+05:30,Mumbai,pm10,403.0
2025-03-10T00:00:00+05:30,Mumbai,pm10,528.0
2025-03-11T00:00:00+05:30,Mumbai,pm10,528.0
2025-03-12T00:00:00+05:30,Mumbai,pm10,487.0
2025-03-13T00:00:00+05:30,Mumbai,pm10,150.0
2025-03-14T00:00:00+05:30,Mumbai,pm10,120.0
2025-03-15T00:00:00+05:30,Mumbai,pm10,97.0
2025-03-16T00:00:00+05:30,Mumbai,pm10,99.5
2025-03-17T00:00:00+05:30,Mumbai,pm10,116.0
2025-03-18T00:00:00+05:30,Mumbai,pm10,102.0
2025-03-19T00:00:00+05:30,Mumbai,pm10,87.1
2025-03-20T00:00:00+05:30,Mumbai,pm10,115.0
2025-03-21T00:00:00+05:30,Mumbai,pm10,90.1
2025-03-22T00:00:00+05:30,Mumbai,pm10,91.6
2025-03-23T00:00:00+05:30,Mumbai,pm10,110.0
2025-03-24T00:00:00+05:30,Mumbai,pm10,103.0
2025-03-25T00:00:00+05:30,Mumbai,pm10,131.0
2025-03-26T00:00:00+05:30,Mumbai,pm10,96.8
2025-03-27T00:00:00+05:30,Mumbai,pm10,87.3
2025-03-28T00:00:00+05:30,Mumbai,pm10,110.0
2025-03-29T00:00:00+05:30,Mumbai,pm10,166.0
2025-03-30T00:00:00+05:30,Mumbai,pm10,142.0
2025-04-01T00:00:00+05:30,Mumbai,pm10,113.0
2025-04-02T00:00:00+05:30,Mumbai,pm10,132.0
2025-04-03T00:00:00+05:30,Mumbai,pm10,141.0
2025-04-04T00:00:00+05:30,Mumbai,pm10,154.0
2025-04-05T00:00:00+05:30,Mumbai,pm10,133.0
2025-04-06T00:00:00+05:30,Mumbai,pm10,117.0
2025-04-07T00:00:00+05:30,Mumbai,pm10,154.0
2025-04-08T00:00:00+05:30,Mumbai,pm10,117.0
2025-04-11T00:00:00+05:30,Mumbai,pm10,111.0
2025-04-12T00:00:00+05:30,Mumbai,pm10,95.7
2025-04-13T00:00:00+05:30,Mumbai,pm10,94.7
2025-04-15T00:00:00+05:30,Mumbai,pm10,101.0
2025-04-16T00:00:00+05:30,Mumbai,pm10,104.0
2025-04-17T00:00:00+05:30,Mumbai,pm10,100.0
2025-04-18T00:00:00+05:30,Mumbai,pm10,102.0
2025-04-19T00:00:00+05:30,Mumbai,pm10,91.6
2025-04-20T00:00:00+05:30,Mumbai,pm10,107.0
2025-04-21T00:00:00+05:30,Mumbai,pm10,97.5
2025-04-22T00:00:00+05:30,Mumbai,pm10,142.0
2025-04-23T00:00:00+05:30,Mumbai,pm10,125.0
2025-04-24T00:00:00+05:30,Mumbai,pm10,109.0
2025-04-25T00:00:00+05:30,Mumbai,pm10,115.0
2025-04-26T00:00:00+05:30,Mumbai,pm10,110.0
2025-04-27T00:00:00+05:30,Mumbai,pm10,109.0
2025-04-28T00:00:00+05:30,Mumbai,pm10,101.0
2025-04-29T00:00:00+05:30,Mumbai,pm10,95.4
2025-04-30T00:00:00+05:30,Mumbai,pm10,95.0
2025-05-01T00:00:00+05:30,Mumbai,pm10,77.3
2025-05-05T00:00:00+05:30,Mumbai,pm10,140.0
2025-05-06T00:00:00+05:30,Mumbai,pm10,108.0
2025-05-07T00:00:00+05:30,Mumbai,pm10,64.2
2025-05-08T00:00:00+05:30,Mumbai,pm10,61.7
2025-05-09T00:00:00+05:30,Mumbai,pm10,66.1
2025-05-10T00:00:00+05:30,Mumbai,pm10,72.4
2025-05-11T00:00:00+05:30,Mumbai,pm10,71.5
2025-05-12T00:00:00+05:30,Mumbai,pm10,67.2
2025-05-13T00:00:00+05:30,Mumbai,pm10,76.1
2025-05-14T00:00:00+05:30,Mumbai,pm10,90.1
2025-05-15T00:00:00+05:30,Mumbai,pm10,73.9
2025-05-16T00:00:00+05:30,Mumbai,pm10,95.0
2025-05-17T00:00:00+05:30,Mumbai,pm10,525.0
2025-05-18T00:00:00+05:30,Mumbai,pm10,528.0
2025-05-19T00:00:00+05:30,Mumbai,pm10,528.0
2025-05-20T00:00:00+05:30,Mumbai,pm10,374.0
2025-05-21T00:00:00+05:30,Mumbai,pm10,64.7
2025-05-22T00:00:00+05:30,Mumbai,pm10,53.6
2025-05-23T00:00:00+05:30,Mumbai,pm10,84.6
2025-05-24T00:00:00+05:30,Mumbai,pm10,77.9
2025-05-25T00:00:00+05:30,Mumbai,pm10,63.4
2025-05-26T00:00:00+05:30,Mumbai,pm10,60.1
2025-05-27T00:00:00+05:30,Mumbai,pm10,76.8
2025-05-28T00:00:00+05:30,Mumbai,pm10,59.1
2025-05-29T00:00:00+05:30,Mumbai,pm10,116.0
2025-05-30T00:00:00+05:30,Mumbai,pm10,110.0
2025-06-01T00:00:00+05:30,Mumbai,pm10,88.9
2025-06-02T00:00:00+05:30,Mumbai,pm10,86.2
2025-06-03T00:00:00+05:30,Mumbai,pm10,85.8
2025-06-04T00:00:00+05:30,Mumbai,pm10,57.3
2025-06-05T00:00:00+05:30,Mumbai,pm10,89.6
2025-06-06T00:00:00+05:30,Mumbai,pm10,98.2
2025-06-07T00:00:00+05:30,Mumbai,pm10,64.4
2025-06-09T00:00:00+05:30,Mumbai,pm10,88.6
2025-06-10T00:00:00+05:30,Mumbai,pm10,77.2
2025-06-11T00:00:00+05:30,Mumbai,pm10,69.0
2025-06-12T00:00:00+05:30,Mumbai,pm10,68.3
2025-06-13T00:00:00+05:30,Mumbai,pm10,62.7
2025-06-14T00:00:00+05:30,Mumbai,pm10,68.0
2025-06-15T00:00:00+05:30,Mumbai,pm10,56.3
2025-06-16T00:00:00+05:30,Mumbai,pm10,65.5
2025-06-17T00:00:00+05:30,Mumbai,pm10,86.5
2025-06-18T00:00:00+05:30,Mumbai,pm10,70.9
2025-06-19T00:00:00+05:30,Mumbai,pm10,76.4
2025-06-20T00:00:00+05:30,Mumbai,pm10,82.5
2025-06-21T00:00:00+05:30,Mumbai,pm10,93.2
2025-06-22T00:00:00+05:30,Mumbai,pm10,94.5
2025-06-23T00:00:00+05:30,Mumbai,pm10,95.2
2025-06-24T00:00:00+05:30,Mumbai,pm10,97.9
2025-06-25T00:00:00+05:30,Mumbai,pm10,103.0
2025-06-26T00:00:00+05:30,Mumbai,pm10,102.0
2025-06-27T00:00:00+05:30,Mumbai,pm10,89.6
2025-06-28T00:00:00+05:30,Mumbai,pm10,98.1
2025-06-29T00:00:00+05:30,Mumbai,pm10,95.9
2025-06-30T00:00:00+05:30,Mumbai,pm10,90.5
2025-07-01T00:00:00+05:30,Mumbai,pm10,84.0
2025-07-02T00:00:00+05:30,Mumbai,pm10,71.8
2025-07-03T00:00:00+05:30,Mumbai,pm10,71.9
2025-07-04T00:00:00+05:30,Mumbai,pm10,76.2
2025-07-05T00:00:00+05:30,Mumbai,pm10,79.0
2025-07-06T00:00:00+05:30,Mumbai,pm10,79.0
2025-07-07T00:00:00+05:30,Mumbai,pm10,85.7
2025-07-08T00:00:00+05:30,Mumbai,pm10,86.7
2025-07-09T00:00:00+05:30,Mumbai,pm10,81.5
2025-07-10T00:00:00+05:30,Mumbai,pm10,90.0
2025-07-11T00:00:00+05:30,Mumbai,pm10,82.6
2025-07-12T00:00:00+05:30,Mumbai,pm10,77.6
2025-07-13T00:00:00+05:30,Mumbai,pm10,72.6
2025-07-14T00:00:00+05:30,Mumbai,pm10,62.8
2025-07-15T00:00:00+05:30,Mumbai,pm10,69.7
2025-07-16T00:00:00+05:30,Mumbai,pm10,80.0
2025-07-17T00:00:00+05:30,Mumbai,pm10,74.2
2025-07-18T00:00:00+05:30,Mumbai,pm10,79.4
2025-07-19T00:00:00+05:30,Mumbai,pm10,83.6
2025-07-20T00:00:00+05:30,Mumbai,pm10,60.5
2025-07-21T00:00:00+05:30,Mumbai,pm10,51.6
2025-07-22T00:00:00+05:30,Mumbai,pm10,50.0
2025-07-23T00:00:00+05:30,Mumbai,pm10,195.0
2025-07-24T00:00:00+05:30,Mumbai,pm10,394.0
2025-07-25T00:00:00+05:30,Mumbai,pm10,52.8
2025-07-26T00:00:00+05:30,Mumbai,pm10,54.2
2025-07-27T00:00:00+05:30,Mumbai,pm10,56.8
2025-07-28T00:00:00+05:30,Mumbai,pm10,68.5
2025-07-29T00:00:00+05:30,Mumbai,pm10,66.6
2025-07-30T00:00:00+05:30,Mumbai,pm10,72.6
2025-08-01T00:00:00+05:30,Mumbai,pm10,82.5
2025-08-02T00:00:00+05:30,Mumbai,pm10,68.1
2025-08-03T00:00:00+05:30,Mumbai,pm10,66.9
2025-08-04T00:00:00+05:30,Mumbai,pm10,67.6
2025-08-05T00:00:00+05:30,Mumbai,pm10,68.0
2025-08-06T00:00:00+05:30,Mumbai,pm10,87.5
2025-08-07T00:00:00+05:30,Mumbai,pm10,62.9
2025-08-08T00:00:00+05:30,Mumbai,pm10,68.3
2025-08-09T00:00:00+05:30,Mumbai,pm10,82.2
2025-08-10T00:00:00+05:30,Mumbai,pm10,63.7
2025-08-11T00:00:00+05:30,Mumbai,pm10,78.0
2025-08-12T00:00:00+05:30,Mumbai,pm10,79.1
2025-08-13T00:00:00+05:30,Mumbai,pm10,67.5
2025-08-14T00:00:00+05:30,Mumbai,pm10,52.5
2025-08-15T00:00:00+05:30,Mumbai,pm10,49.1
2025-08-16T00:00:00+05:30,Mumbai,pm10,49.2
2025-08-17T00:00:00+05:30,Mumbai,pm10,52.7
2025-08-18T00:00:00+05:30,Mumbai,pm10,51.0
2025-08-19T00:00:00+05:30,Mumbai,pm10,49.3
2025-08-20T00:00:00+05:30,Mumbai,pm10,60.1
2025-08-21T00:00:00+05:30,Mumbai,pm10,376.0
2025-08-22T00:00:00+05:30,Mumbai,pm10,435.0
2025-08-23T00:00:00+05:30,Mumbai,pm10,78.8
2025-08-24T00:00:00+05:30,Mumbai,pm10,79.1
2025-08-25T00:00:00+05:30,Mumbai,pm10,67.5
2025-08-26T00:00:00+05:30,Mumbai,pm10,72.3
2025-08-27T00:00:00+05:30,Mumbai,pm10,68.3
2025-08-28T00:00:00+05:30,Mumbai,pm10,69.9
2025-08-29T00:00:00+05:30,Mumbai,pm10,57.0
2025-08-30T00:00:00+05:30,Mumbai,pm10,57.2
2025-08-31T00:00:00+05:30,Mumbai,pm10,66.4
2025-09-01T00:00:00+05:30,Mumbai,pm10,68.7
2025-09-02T00:00:00+05:30,Mumbai,pm10,79.6
2025-09-03T00:00:00+05:30,Mumbai,pm10,79.3
2025-09-04T00:00:00+05:30,Mumbai,pm10,77.9
2025-09-05T00:00:00+05:30,Mumbai,pm10,84.0
2025-09-06T00:00:00+05:30,Mumbai,pm10,66.7
2025-09-07T00:00:00+05:30,Mumbai,pm10,75.2
2025-09-08T00:00:00+05:30,Mumbai,pm10,65.5
2025-09-09T00:00:00+05:30,Mumbai,pm10,81.4
2025-09-10T00:00:00+05:30,Mumbai,pm10,94.8
2025-09-11T00:00:00+05:30,Mumbai,pm10,94.9
2025-09-12T00:00:00+05:30,Mumbai,pm10,76.3
2025-09-13T00:00:00+05:30,Mumbai,pm10,81.5
2025-09-14T00:00:00+05:30,Mumbai,pm10,60.9
2025-09-15T00:00:00+05:30,Mumbai,pm10,61.0
2025-09-16T00:00:00+05:30,Mumbai,pm10,63.8
2025-09-17T00:00:00+05:30,Mumbai,pm10,58.1
2025-09-18T00:00:00+05:30,Mumbai,pm10,61.6
2025-09-19T00:00:00+05:30,Mumbai,pm10,62.6
2025-09-22T00:00:00+05:30,Mumbai,pm10,67.9
2025-09-23T00:00:00+05:30,Mumbai,pm10,69.4
2025-09-24T00:00:00+05:30,Mumbai,pm10,75.5
2025-09-25T00:00:00+05:30,Mumbai,pm10,69.5
2025-09-26T00:00:00+05:30,Mumbai,pm10,73.2
2025-09-27T00:00:00+05:30,Mumbai,pm10,71.7
2025-09-28T00:00:00+05:30,Mumbai,pm10,59.9
2025-09-29T00:00:00+05:30,Mumbai,pm10,73.0
2025-10-01T00:00:00+05:30,Mumbai,pm10,54.0
2025-10-02T00:00:00+05:30,Mumbai,pm10,58.3
2025-10-03T00:00:00+05:30,Mumbai,pm10,61.0
2025-10-04T00:00:00+05:30,Mumbai,pm10,63.2
2025-10-05T00:00:00+05:30,Mumbai,pm10,78.9
2025-10-06T00:00:00+05:30,Mumbai,pm10,75.8
2025-10-07T00:00:00+05:30,Mumbai,pm10,70.3
2025-10-08T00:00:00+05:30,Mumbai,pm10,80.4
2025-10-09T00:00:00+05:30,Mumbai,pm10,117.0
2025-10-10T00:00:00+05:30,Mumbai,pm10,144.0
2025-10-11T00:00:00+05:30,Mumbai,pm10,147.0
2025-10-13T00:00:00+05:30,Mumbai,pm10,130.0
2025-10-15T00:00:00+05:30,Mumbai,pm10,123.0
2025-10-16T00:00:00+05:30,Mumbai,pm10,144.0
2025-10-17T00:00:00+05:30,Mumbai,pm10,93.2
2025-10-18T00:00:00+05:30,Mumbai,pm10,107.0
2025-10-19T00:00:00+05:30,Mumbai,pm10,115.0
2025-10-20T00:00:00+05:30,Mumbai,pm10,143.0
2025-10-21T00:00:00+05:30,Mumbai,pm10,116.0
2025-10-22T00:00:00+05:30,Mumbai,pm10,91.5
2025-10-23T00:00:00+05:30,Mumbai,pm10,79.1
2025-10-24T00:00:00+05:30,Mumbai,pm10,83.6
2025-10-25T00:00:00+05:30,Mumbai,pm10,58.0
2025-10-26T00:00:00+05:30,Mumbai,pm10,57.2
2025-10-27T00:00:00+05:30,Mumbai,pm10,53.5
2025-10-28T00:00:00+05:30,Mumbai,pm10,61.2
2025-10-29T00:00:00+05:30,Mumbai,pm10,66.6
2025-10-30T00:00:00+05:30,Mumbai,pm10,59.6
2025-10-31T00:00:00+05:30,Mumbai,pm10,57.6
2025-11-01T00:00:00+05:30,Mumbai,pm10,59.9
2025-11-02T00:00:00+05:30,Mumbai,pm10,56.8
2025-11-03T00:00:00+05:30,Mumbai,pm10,66.3
2025-11-04T00:00:00+05:30,Mumbai,pm10,81.9
2025-11-05T00:00:00+05:30,Mumbai,pm10,85.6
2025-11-06T00:00:00+05:30,Mumbai,pm10,91.7
2025-11-07T00:00:00+05:30,Mumbai,pm10,111.0
2025-11-08T00:00:00+05:30,Mumbai,pm10,93.4
2025-11-09T00:00:00+05:30,Mumbai,pm10,102.0
2025-11-10T00:00:00+05:30,Mumbai,pm10,120.0
2025-11-11T00:00:00+05:30,Mumbai,pm10,117.0
2025-11-12T00:00:00+05:30,Mumbai,pm10,111.0
2025-11-13T00:00:00+05:30,Mumbai,pm10,109.0
2025-11-14T00:00:00+05:30,Mumbai,pm10,117.0
2025-11-15T00:00:00+05:30,Mumbai,pm10,120.0
2025-11-16T00:00:00+05:30,Mumbai,pm10,114.0
2025-11-17T00:00:00+05:30,Mumbai,pm10,106.0
2025-11-18T00:00:00+05:30,Mumbai,pm10,114.0
2025-11-19T00:00:00+05:30,Mumbai,pm10,116.0
2025-11-20T00:00:00+05:30,Mumbai,pm10,112.0
2025-11-21T00:00:00+05:30,Mumbai,pm10,122.0
2025-11-22T00:00:00+05:30,Mumbai,pm10,136.0
2025-11-23T00:00:00+05:30,Mumbai,pm10,136.0
2025-11-24T00:00:00+05:30,Mumbai,pm10,136.0
2025-11-25T00:00:00+05:30,Mumbai,pm10,157.0
2025-11-26T00:00:00+05:30,Mumbai,pm10,154.0
2025-11-27T00:00:00+05:30,Mumbai,pm10,142.0
2025-11-28T00:00:00+05:30,Mumbai,pm10,125.0
2025-11-29T00:00:00+05:30,Mumbai,pm10,101.0
2025-12-01T00:00:00+05:30,Mumbai,pm10,110.0
2025-12-02T00:00:00+05:30,Mumbai,pm10,118.0
2025-12-03T00:00:00+05:30,Mumbai,pm10,114.0
2025-12-04T00:00:00+05:30,Mumbai,pm10,110.0
2025-12-05T00:00:00+05:30,Mumbai,pm10,106.0
2025-12-06T00:00:00+05:30,Mumbai,pm10,101.0
2025-12-07T00:00:00+05:30,Mumbai,pm10,109.0
2025-12-08T00:00:00+05:30,Mumbai,pm10,120.0
2025-12-09T00:00:00+05:30,Mumbai,pm10,96.0
2025-12-10T00:00:00+05:30,Mumbai,pm10,77.9
2025-12-11T00:00:00+05:30,Mumbai,pm10,100.0
2025-12-12T00:00:00+05:30,Mumbai,pm10,116.0
2025-12-13T00:00:00+05:30,Mumbai,pm10,133.0
2025-12-14T00:00:00+05:30,Mumbai,pm10,129.0
2025-12-15T00:00:00+05:30,Mumbai,pm10,118.0
2025-12-16T00:00:00+05:30,Mumbai,pm10,119.0
2025-12-17T00:00:00+05:30,Mumbai,pm10,114.0
2025-12-18T00:00:00+05:30,Mumbai,pm10,121.0
2025-12-19T00:00:00+05:30,Mumbai,pm10,111.0
2025-12-24T00:00:00+05:30,Mumbai,pm10,143.0
2025-12-25T00:00:00+05:30,Mumbai,pm10,118.0
2025-12-26T00:00:00+05:30,Mumbai,pm10,125.0
2025-12-27T00:00:00+05:30,Mumbai,pm10,117.0
2025-12-28T00:00:00+05:30,Mumbai,pm10,121.0
2025-12-29T00:00:00+05:30,Mumbai,pm10,125.0
2025-12-30T00:00:00+05:30,Mumbai,pm10,144.0
2025-12-31T00:00:00+05:30,Mumbai,pm10,128.0
2026-01-01T00:00:00+05:30,Mumbai,pm10,89.3
2026-01-02T00:00:00+05:30,Mumbai,pm10,121.0
2026-01-03T00:00:00+05:30,Mumbai,pm10,133.0
2026-01-04T00:00:00+05:30,Mumbai,pm10,142.0
2026-01-05T00:00:00+05:30,Mumbai,pm10,126.0
2026-01-06T00:00:00+05:30,Mumbai,pm10,138.0
2026-01-07T00:00:00+05:30,Mumbai,pm10,133.0
2026-01-08T00:00:00+05:30,Mumbai,pm10,127.0
2026-01-09T00:00:00+05:30,Mumbai,pm10,127.0
2026-01-10T00:00:00+05:30,Mumbai,pm10,118.0
2026-01-20T00:00:00+05:30,Mumbai,pm10,158.0
2026-01-21T00:00:00+05:30,Mumbai,pm10,160.0
2026-01-22T00:00:00+05:30,Mumbai,pm10,151.0
2026-01-23T00:00:00+05:30,Mumbai,pm10,112.0
2026-01-24T00:00:00+05:30,Mumbai,pm10,113.0
2026-01-25T00:00:00+05:30,Mumbai,pm10,143.0
2026-01-26T00:00:00+05:30,Mumbai,pm10,139.0
2026-01-27T00:00:00+05:30,Mumbai,pm10,93.5
2026-01-28T00:00:00+05:30,Mumbai,pm10,80.5
2026-01-29T00:00:00+05:30,Mumbai,pm10,124.0
2026-01-30T00:00:00+05:30,Mumbai,pm10,140.0
2026-02-02T00:00:00+05:30,Mumbai,pm10,139.0
2026-02-03T00:00:00+05:30,Mumbai,pm10,150.0
2026-02-04T00:00:00+05:30,Mumbai,pm10,137.0
2026-02-05T00:00:00+05:30,Mumbai,pm10,125.0
2026-02-06T00:00:00+05:30,Mumbai,pm10,105.0
2026-02-07T00:00:00+05:30,Mumbai,pm10,116.0
2026-02-08T00:00:00+05:30,Mumbai,pm10,95.0
2026-02-09T00:00:00+05:30,Mumbai,pm10,122.0
2026-02-10T00:00:00+05:30,Mumbai,pm10,117.0
2026-02-11T00:00:00+05:30,Mumbai,pm10,140.0
2026-02-12T00:00:00+05:30,Mumbai,pm10,130.0
2026-02-13T00:00:00+05:30,Mumbai,pm10,116.0
2026-02-14T00:00:00+05:30,Mumbai,pm10,141.0
2026-02-15T00:00:00+05:30,Mumbai,pm10,145.0
2026-02-16T00:00:00+05:30,Mumbai,pm10,128.0
2026-02-17T00:00:00+05:30,Mumbai,pm10,102.0
2026-02-18T00:00:00+05:30,Mumbai,pm10,72.0
2026-02-19T00:00:00+05:30,Mumbai,pm10,167.0
2026-02-20T00:00:00+05:30,Mumbai,pm10,195.0
2026-02-21T00:00:00+05:30,Mumbai,pm10,139.0
2026-02-24T00:00:00+05:30,Mumbai,pm10,297.0
2026-02-25T00:00:00+05:30,Mumbai,pm10,630.0
2026-02-26T00:00:00+05:30,Mumbai,pm10,630.0
2026-02-27T00:00:00+05:30,Mumbai,pm10,413.0
2026-02-28T00:00:00+05:30,Mumbai,pm10,113.0
2026-03-02T00:00:00+05:30,Mumbai,pm10,65.3
2026-03-03T00:00:00+05:30,Mumbai,pm10,378.0
2026-03-04T00:00:00+05:30,Mumbai,pm10,133.0
2026-03-05T00:00:00+05:30,Mumbai,pm10,83.0
2026-03-06T00:00:00+05:30,Mumbai,pm10,86.8
2026-03-08T00:00:00+05:30,Mumbai,pm10,251.0
2026-03-10T00:00:00+05:30,Mumbai,pm10,145.0
2026-03-11T00:00:00+05:30,Mumbai,pm10,133.0
2026-03-12T00:00:00+05:30,Mumbai,pm10,399.0
2026-03-13T00:00:00+05:30,Mumbai,pm10,113.0
2026-03-14T00:00:00+05:30,Mumbai,pm10,121.0
2026-03-15T00:00:00+05:30,Mumbai,pm10,95.6
2026-03-16T00:00:00+05:30,Mumbai,pm10,82.4
2026-03-17T00:00:00+05:30,Mumbai,pm10,93.0
2026-03-18T00:00:00+05:30,Mumbai,pm10,78.8
2026-03-19T00:00:00+05:30,Mumbai,pm10,54.3
2026-03-20T00:00:00+05:30,Mumbai,pm10,66.1
2026-03-21T00:00:00+05:30,Mumbai,pm10,66.9
2026-03-22T00:00:00+05:30,Mumbai,pm10,127.0
2026-03-23T00:00:00+05:30,Mumbai,pm10,354.0
2026-03-24T00:00:00+05:30,Mumbai,pm10,96.9
2026-03-25T00:00:00+05:30,Mumbai,pm10,84.4
2026-03-26T00:00:00+05:30,Mumbai,pm10,102.0
2026-03-27T00:00:00+05:30,Mumbai,pm10,116.0
2026-03-28T00:00:00+05:30,Mumbai,pm10,83.9
2026-03-29T00:00:00+05:30,Mumbai,pm10,40.9
2026-03-30T00:00:00+05:30,Mumbai,pm10,91.0
2026-04-01T00:00:00+05:30,Mumbai,pm10,71.4
2026-04-02T00:00:00+05:30,Mumbai,pm10,62.5
2026-04-03T00:00:00+05:30,Mumbai,pm10,87.4
2026-04-04T00:00:00+05:30,Mumbai,pm10,71.2
2026-04-05T00:00:00+05:30,Mumbai,pm10,76.6
2026-04-06T00:00:00+05:30,Mumbai,pm10,53.6
2026-04-07T00:00:00+05:30,Mumbai,pm10,81.9
2026-04-08T00:00:00+05:30,Mumbai,pm10,87.7
2026-04-09T00:00:00+05:30,Mumbai,pm10,101.0
2026-04-10T00:00:00+05:30,Mumbai,pm10,138.0
2026-04-11T00:00:00+05:30,Mumbai,pm10,148.0
2026-04-12T00:00:00+05:30,Mumbai,pm10,110.0
2026-04-13T00:00:00+05:30,Mumbai,pm10,110.0
2026-04-14T00:00:00+05:30,Mumbai,pm10,119.0
2026-04-16T00:00:00+05:30,Mumbai,pm10,98.6
2026-04-17T00:00:00+05:30,Mumbai,pm10,98.8
2026-04-18T00:00:00+05:30,Mumbai,pm10,65.7
2026-04-19T00:00:00+05:30,Mumbai,pm10,291.0
2026-04-20T00:00:00+05:30,Mumbai,pm10,61.4
2026-04-21T00:00:00+05:30,Mumbai,pm10,95.2
2026-04-22T00:00:00+05:30,Mumbai,pm10,85.5
2026-04-23T00:00:00+05:30,Mumbai,pm10,59.7
2026-04-24T00:00:00+05:30,Mumbai,pm10,182.0
2026-04-25T00:00:00+05:30,Mumbai,pm10,126.0
2026-04-26T00:00:00+05:30,Mumbai,pm10,108.0
2026-04-27T00:00:00+05:30,Mumbai,pm10,82.5
2026-04-28T00:00:00+05:30,Mumbai,pm10,106.0
2026-04-29T00:00:00+05:30,Mumbai,pm10,79.4
2026-04-30T00:00:00+05:30,Mumbai,pm10,63.3
2026-05-01T00:00:00+05:30,Mumbai,pm10,42.7
2026-05-02T00:00:00+05:30,Mumbai,pm10,627.0
2026-05-03T00:00:00+05:30,Mumbai,pm10,670.0
2026-05-04T00:00:00+05:30,Mumbai,pm10,413.0
2026-05-05T00:00:00+05:30,Mumbai,pm10,113.0
2026-05-06T00:00:00+05:30,Mumbai,pm10,124.0
2026-05-07T00:00:00+05:30,Mumbai,pm10,69.3
2026-05-08T00:00:00+05:30,Mumbai,pm10,70.2
2026-05-11T00:00:00+05:30,Mumbai,pm10,116.0
2026-05-12T00:00:00+05:30,Mumbai,pm10,91.7
2026-05-13T00:00:00+05:30,Mumbai,pm10,96.6
2026-05-14T00:00:00+05:30,Mumbai,pm10,80.4
2026-05-15T00:00:00+05:30,Mumbai,pm10,73.4
2026-05-16T00:00:00+05:30,Mumbai,pm10,78.5
2026-05-17T00:00:00+05:30,Mumbai,pm10,124.0
2026-05-18T00:00:00+05:30,Mumbai,pm10,532.0
2026-05-19T00:00:00+05:30,Mumbai,pm10,111.0
2026-05-20T00:00:00+05:30,Mumbai,pm10,98.4
2026-05-21T00:00:00+05:30,Mumbai,pm10,110.0
2026-05-22T00:00:00+05:30,Mumbai,pm10,75.4
2026-05-23T00:00:00+05:30,Mumbai,pm10,75.6
2026-05-24T00:00:00+05:30,Mumbai,pm10,60.7
2026-05-25T00:00:00+05:30,Mumbai,pm10,83.1
2026-05-26T00:00:00+05:30,Mumbai,pm10,83.8
2026-05-27T00:00:00+05:30,Mumbai,pm10,66.8
2026-05-28T00:00:00+05:30,Mumbai,pm10,60.4
2026-05-29T00:00:00+05:30,Mumbai,pm10,68.2
2026-05-30T00:00:00+05:30,Mumbai,pm10,89.5
2026-06-01T00:00:00+05:30,Mumbai,pm10,56.2
2026-06-02T00:00:00+05:30,Mumbai,pm10,73.2
2026-06-03T00:00:00+05:30,Mumbai,pm10,57.7
2026-06-04T00:00:00+05:30,Mumbai,pm10,56.1
2026-06-09T00:00:00+05:30,Mumbai,pm10,137.0
2026-06-10T00:00:00+05:30,Mumbai,pm10,78.3
2026-06-11T00:00:00+05:30,Mumbai,pm10,86.5
2026-06-12T00:00:00+05:30,Mumbai,pm10,92.0
2026-06-13T00:00:00+05:30,Mumbai,pm10,85.4
2026-06-14T00:00:00+05:30,Mumbai,pm10,76.0
2026-06-15T00:00:00+05:30,Mumbai,pm10,63.6
2026-06-16T00:00:00+05:30,Mumbai,pm10,61.3
2026-06-17T00:00:00+05:30,Mumbai,pm10,73.3
2026-06-18T00:00:00+05:30,Mumbai,pm10,59.5
2026-06-19T00:00:00+05:30,Mumbai,pm10,48.9
2026-06-20T00:00:00+05:30,Mumbai,pm10,58.5
2026-06-21T00:00:00+05:30,Mumbai,pm10,48.0
2026-06-22T00:00:00+05:30,Mumbai,pm10,41.3
2026-06-23T00:00:00+05:30,Mumbai,pm10,15.7
2026-06-25T00:00:00+05:30,Mumbai,pm10,43.1
2026-06-26T00:00:00+05:30,Mumbai,pm10,54.4
2026-06-27T00:00:00+05:30,Mumbai,pm10,39.8
2026-07-09T00:00:00+05:30,Mumbai,pm10,126.0
2026-07-10T00:00:00+05:30,Mumbai,pm10,105.0
2026-07-11T00:00:00+05:30,Mumbai,pm10,97.3
2026-07-12T00:00:00+05:30,Mumbai,pm10,93.8
2026-07-13T00:00:00+05:30,Mumbai,pm10,76.1
2026-07-14T00:00:00+05:30,Mumbai,pm10,80.6
2026-07-15T00:00:00+05:30,Mumbai,pm10,73.1
2026-07-16T00:00:00+05:30,Mumbai,pm10,73.6
2026-07-17T00:00:00+05:30,Mumbai,pm10,70.3
2026-07-18T00:00:00+05:30,Mumbai,pm10,59.4
2026-07-19T00:00:00+05:30,Mumbai,pm10,53.4
2026-07-20T00:00:00+05:30,Mumbai,pm10,40.9
2026-07-21T00:00:00+05:30,Mumbai,pm10,63.4
2026-07-22T00:00:00+05:30,Mumbai,pm10,40.1
2026-07-23T00:00:00+05:30,Mumbai,pm10,36.4
2026-07-24T00:00:00+05:30,Mumbai,pm10,46.9
2026-07-25T00:00:00+05:30,Mumbai,pm10,56.0
2026-07-26T00:00:00+05:30,Mumbai,pm10,58.8
2026-07-27T00:00:00+05:30,Mumbai,pm10,55.6
2026-07-28T00:00:00+05:30,Mumbai,pm10,74.7
2026-07-29T00:00:00+05:30,Mumbai,pm10,82.9
2026-08-04T00:00:00+05:30,Mumbai,pm10,50.4
2026-08-05T00:00:00+05:30,Mumbai,pm10,50.1
2026-08-06T00:00:00+05:30,Mumbai,pm10,56.1
2026-08-07T00:00:00+05:30,Mumbai,pm10,56.8
2026-08-08T00:00:00+05:30,Mumbai,pm10,64.8
2026-08-09T00:00:00+05:30,Mumbai,pm10,61.8
2026-08-10T00:00:00+05:30,Mumbai,pm10,51.3
2026-08-11T00:00:00+05:30,Mumbai,pm10,38.8
2026-08-12T00:00:00+05:30,Mumbai,pm10,46.6
2026-08-13T00:00:00+05:30,Mumbai,pm10,48.6
2026-08-14T00:00:00+05:30,Mumbai,pm10,59.4
2026-08-15T00:00:00+05:30,Mumbai,pm10,21.5
2026-08-16T00:00:00+05:30,Mumbai,pm10,43.3
2026-08-17T00:00:00+05:30,Mumbai,pm10,51.9
2026-08-18T00:00:00+05:30,Mumbai,pm10,47.8
2026-08-19T00:00:00+05:30,Mumbai,pm10,49.0
2026-08-20T00:00:00+05:30,Mumbai,pm10,42.8
2026-08-21T00:00:00+05:30,Mumbai,pm10,56.4
2026-08-22T00:00:00+05:30,Mumbai,pm10,52.8
2026-08-23T00:00:00+05:30,Mumbai,pm10,43.7
2026-08-24T00:00:00+05:30,Mumbai,pm10,42.8
2026-08-25T00:00:00+05:30,Mumbai,pm10,50.4
2026-08-26T00:00:00+05:30,Mumbai,pm10,50.6
2026-08-27T00:00:00+05:30,Mumbai,pm10,45.7
2026-08-28T00:00:00+05:30,Mumbai,pm10,33.5
2026-08-29T00:00:00+05:30,Mumbai,pm10,32.4
2025-02-19T00:00:00+05:30,Mumbai,no2,4.75
2025-02-20T00:00:00+05:30,Mumbai,no2,4.06
2025-02-21T00:00:00+05:30,Mumbai,no2,4.08
2025-02-22T00:00:00+05:30,Mumbai,no2,4.11
2025-02-24T00:00:00+05:30,Mumbai,no2,3.95
2025-02-25T00:00:00+05:30,Mumbai,no2,4.73
2025-02-26T00:00:00+05:30,Mumbai,no2,5.04
2025-02-27T00:00:00+05:30,Mumbai,no2,5.58
2025-02-28T00:00:00+05:30,Mumbai,no2,5.09
2025-03-01T00:00:00+05:30,Mumbai,no2,4.0
2025-03-02T00:00:00+05:30,Mumbai,no2,3.85
2025-03-03T00:00:00+05:30,Mumbai,no2,3.74
2025-03-04T00:00:00+05:30,Mumbai,no2,3.76
2025-03-05T00:00:00+05:30,Mumbai,no2,3.65
2025-03-06T00:00:00+05:30,Mumbai,no2,4.11
2025-03-07T00:00:00+05:30,Mumbai,no2,5.67
2025-03-08T00:00:00+05:30,Mumbai,no2,5.62
2025-03-09T00:00:00+05:30,Mumbai,no2,4.18
2025-03-10T00:00:00+05:30,Mumbai,no2,5.46
2025-03-11T00:00:00+05:30,Mumbai,no2,6.82
2025-03-12T00:00:00+05:30,Mumbai,no2,5.93
2025-03-13T00:00:00+05:30,Mumbai,no2,4.37
2025-03-14T00:00:00+05:30,Mumbai,no2,4.43
2025-03-15T00:00:00+05:30,Mumbai,no2,3.51
2025-03-16T00:00:00+05:30,Mumbai,no2,3.5
2025-03-17T00:00:00+05:30,Mumbai,no2,3.51
2025-03-18T00:00:00+05:30,Mumbai,no2,3.1
2025-03-19T00:00:00+05:30,Mumbai,no2,3.18
2025-03-20T00:00:00+05:30,Mumbai,no2,4.34
2025-03-21T00:00:00+05:30,Mumbai,no2,3.0
2025-03-22T00:00:00+05:30,Mumbai,no2,3.06
2025-03-23T00:00:00+05:30,Mumbai,no2,3.57
2025-03-24T00:00:00+05:30,Mumbai,no2,3.69
2025-03-25T00:00:00+05:30,Mumbai,no2,4.04
2025-03-26T00:00:00+05:30,Mumbai,no2,3.01
2025-03-27T00:00:00+05:30,Mumbai,no2,2.75
2025-03-28T00:00:00+05:30,Mumbai,no2,3.06
2025-03-29T00:00:00+05:30,Mumbai,no2,4.22
2025-03-30T00:00:00+05:30,Mumbai,no2,4.32
2025-04-01T00:00:00+05:30,Mumbai,no2,3.86
2025-04-02T00:00:00+05:30,Mumbai,no2,4.36
2025-04-03T00:00:00+05:30,Mumbai,no2,3.48
2025-04-04T00:00:00+05:30,Mumbai,no2,3.27
2025-04-05T00:00:00+05:30,Mumbai,no2,4.16
2025-04-06T00:00:00+05:30,Mumbai,no2,3.96
2025-04-07T00:00:00+05:30,Mumbai,no2,3.97
2025-04-08T00:00:00+05:30,Mumbai,no2,3.93
2025-04-11T00:00:00+05:30,Mumbai,no2,3.22
2025-04-12T00:00:00+05:30,Mumbai,no2,3.01
2025-04-13T00:00:00+05:30,Mumbai,no2,3.01
2025-04-15T00:00:00+05:30,Mumbai,no2,3.08
2025-04-16T00:00:00+05:30,Mumbai,no2,2.77
2025-04-17T00:00:00+05:30,Mumbai,no2,2.8
2025-04-18T00:00:00+05:30,Mumbai,no2,2.75
2025-04-19T00:00:00+05:30,Mumbai,no2,2.78
2025-04-20T00:00:00+05:30,Mumbai,no2,2.83
2025-04-21T00:00:00+05:30,Mumbai,no2,2.81
2025-04-22T00:00:00+05:30,Mumbai,no2,3.1
2025-04-23T00:00:00+05:30,Mumbai,no2,3.02
2025-04-24T00:00:00+05:30,Mumbai,no2,2.91
2025-04-25T00:00:00+05:30,Mumbai,no2,2.77
2025-04-26T00:00:00+05:30,Mumbai,no2,2.94
2025-04-27T00:00:00+05:30,Mumbai,no2,2.91
2025-04-28T00:00:00+05:30,Mumbai,no2,2.95
2025-04-29T00:00:00+05:30,Mumbai,no2,3.11
2025-04-30T00:00:00+05:30,Mumbai,no2,3.08
2025-05-01T00:00:00+05:30,Mumbai,no2,2.77
2025-05-05T00:00:00+05:30,Mumbai,no2,2.82
2025-05-06T00:00:00+05:30,Mumbai,no2,2.68
2025-05-07T00:00:00+05:30,Mumbai,no2,2.96
2025-05-08T00:00:00+05:30,Mumbai,no2,3.0
2025-05-09T00:00:00+05:30,Mumbai,no2,2.97
2025-05-10T00:00:00+05:30,Mumbai,no2,2.87
2025-05-11T00:00:00+05:30,Mumbai,no2,2.75
2025-05-12T00:00:00+05:30,Mumbai,no2,2.69
2025-05-13T00:00:00+05:30,Mumbai,no2,2.82
2025-05-14T00:00:00+05:30,Mumbai,no2,3.56
2025-05-15T00:00:00+05:30,Mumbai,no2,3.74
2025-05-16T00:00:00+05:30,Mumbai,no2,2.71
2025-05-17T00:00:00+05:30,Mumbai,no2,2.58
2025-05-18T00:00:00+05:30,Mumbai,no2,2.51
2025-05-19T00:00:00+05:30,Mumbai,no2,2.53
2025-05-20T00:00:00+05:30,Mumbai,no2,2.87
2025-05-21T00:00:00+05:30,Mumbai,no2,3.13
2025-05-22T00:00:00+05:30,Mumbai,no2,2.91
2025-05-23T00:00:00+05:30,Mumbai,no2,3.79
2025-05-24T00:00:00+05:30,Mumbai,no2,3.71
2025-05-25T00:00:00+05:30,Mumbai,no2,3.36
2025-05-26T00:00:00+05:30,Mumbai,no2,4.24
2025-05-27T00:00:00+05:30,Mumbai,no2,3.13
2025-05-28T00:00:00+05:30,Mumbai,no2,3.22
2025-05-29T00:00:00+05:30,Mumbai,no2,3.09
2025-05-30T00:00:00+05:30,Mumbai,no2,2.99
2025-06-01T00:00:00+05:30,Mumbai,no2,3.09
2025-06-02T00:00:00+05:30,Mumbai,no2,2.83
2025-06-03T00:00:00+05:30,Mumbai,no2,2.95
2025-06-04T00:00:00+05:30,Mumbai,no2,3.15
2025-06-05T00:00:00+05:30,Mumbai,no2,3.91
2025-06-06T00:00:00+05:30,Mumbai,no2,4.04
2025-06-07T00:00:00+05:30,Mumbai,no2,3.37
2025-06-09T00:00:00+05:30,Mumbai,no2,3.21
2025-06-10T00:00:00+05:30,Mumbai,no2,2.67
2025-06-11T00:00:00+05:30,Mumbai,no2,2.76
2025-06-12T00:00:00+05:30,Mumbai,no2,2.72
2025-06-13T00:00:00+05:30,Mumbai,no2,3.18
2025-06-14T00:00:00+05:30,Mumbai,no2,3.18
2025-06-15T00:00:00+05:30,Mumbai,no2,3.85
2025-06-16T00:00:00+05:30,Mumbai,no2,3.36
2025-06-17T00:00:00+05:30,Mumbai,no2,2.8
2025-06-18T00:00:00+05:30,Mumbai,no2,2.88
2025-06-19T00:00:00+05:30,Mumbai,no2,2.96
2025-06-20T00:00:00+05:30,Mumbai,no2,3.12
2025-06-21T00:00:00+05:30,Mumbai,no2,3.06
2025-06-22T00:00:00+05:30,Mumbai,no2,3.06
2025-06-23T00:00:00+05:30,Mumbai,no2,2.93
2025-06-24T00:00:00+05:30,Mumbai,no2,2.92
2025-06-25T00:00:00+05:30,Mumbai,no2,2.93
2025-06-26T00:00:00+05:30,Mumbai,no2,3.13
2025-06-27T00:00:00+05:30,Mumbai,no2,2.68
2025-06-28T00:00:00+05:30,Mumbai,no2,2.91
2025-06-29T00:00:00+05:30,Mumbai,no2,2.83
2025-06-30T00:00:00+05:30,Mumbai,no2,2.92
2025-07-01T00:00:00+05:30,Mumbai,no2,2.97
2025-07-02T00:00:00+05:30,Mumbai,no2,2.79
2025-07-03T00:00:00+05:30,Mumbai,no2,3.22
2025-07-04T00:00:00+05:30,Mumbai,no2,3.13
2025-07-05T00:00:00+05:30,Mumbai,no2,2.96
2025-07-06T00:00:00+05:30,Mumbai,no2,2.85
2025-07-07T00:00:00+05:30,Mumbai,no2,2.9
2025-07-08T00:00:00+05:30,Mumbai,no2,3.03
2025-07-09T00:00:00+05:30,Mumbai,no2,3.0
2025-07-10T00:00:00+05:30,Mumbai,no2,2.9
2025-07-11T00:00:00+05:30,Mumbai,no2,2.94
2025-07-12T00:00:00+05:30,Mumbai,no2,2.81
2025-07-13T00:00:00+05:30,Mumbai,no2,2.89
2025-07-14T00:00:00+05:30,Mumbai,no2,2.87
2025-07-15T00:00:00+05:30,Mumbai,no2,3.11
2025-07-16T00:00:00+05:30,Mumbai,no2,2.97
2025-07-17T00:00:00+05:30,Mumbai,no2,2.84
2025-07-18T00:00:00+05:30,Mumbai,no2,2.87
2025-07-19T00:00:00+05:30,Mumbai,no2,2.92
2025-07-20T00:00:00+05:30,Mumbai,no2,3.11
2025-07-21T00:00:00+05:30,Mumbai,no2,3.73
2025-07-22T00:00:00+05:30,Mumbai,no2,3.41
2025-07-23T00:00:00+05:30,Mumbai,no2,3.41
2025-07-24T00:00:00+05:30,Mumbai,no2,3.0
2025-07-25T00:00:00+05:30,Mumbai,no2,2.82
2025-07-26T00:00:00+05:30,Mumbai,no2,2.63
2025-07-27T00:00:00+05:30,Mumbai,no2,2.51
2025-07-28T00:00:00+05:30,Mumbai,no2,5.38
2025-07-29T00:00:00+05:30,Mumbai,no2,2.91
2025-07-30T00:00:00+05:30,Mumbai,no2,2.73
2025-08-01T00:00:00+05:30,Mumbai,no2,2.7
2025-08-02T00:00:00+05:30,Mumbai,no2,2.75
2025-08-03T00:00:00+05:30,Mumbai,no2,2.79
2025-08-04T00:00:00+05:30,Mumbai,no2,2.64
2025-08-05T00:00:00+05:30,Mumbai,no2,2.6
2025-08-06T00:00:00+05:30,Mumbai,no2,2.83
2025-08-07T00:00:00+05:30,Mumbai,no2,2.86
2025-08-08T00:00:00+05:30,Mumbai,no2,3.33
2025-08-09T00:00:00+05:30,Mumbai,no2,3.12
2025-08-10T00:00:00+05:30,Mumbai,no2,2.96
2025-08-11T00:00:00+05:30,Mumbai,no2,3.11
2025-08-12T00:00:00+05:30,Mumbai,no2,2.88
2025-08-13T00:00:00+05:30,Mumbai,no2,2.96
2025-08-14T00:00:00+05:30,Mumbai,no2,3.3
2025-08-15T00:00:00+05:30,Mumbai,no2,3.12
2025-08-16T00:00:00+05:30,Mumbai,no2,3.01
2025-08-17T00:00:00+05:30,Mumbai,no2,3.3
2025-08-18T00:00:00+05:30,Mumbai,no2,3.03
2025-08-19T00:00:00+05:30,Mumbai,no2,2.77
2025-08-20T00:00:00+05:30,Mumbai,no2,3.13
2025-08-21T00:00:00+05:30,Mumbai,no2,2.93
2025-08-22T00:00:00+05:30,Mumbai,no2,2.95
2025-08-23T00:00:00+05:30,Mumbai,no2,2.85
2025-08-24T00:00:00+05:30,Mumbai,no2,2.67
2025-08-25T00:00:00+05:30,Mumbai,no2,2.8
2025-08-26T00:00:00+05:30,Mumbai,no2,2.96
2025-08-27T00:00:00+05:30,Mumbai,no2,2.66
2025-08-28T00:00:00+05:30,Mumbai,no2,2.72
2025-08-29T00:00:00+05:30,Mumbai,no2,3.37
2025-08-30T00:00:00+05:30,Mumbai,no2,2.9
2025-08-31T00:00:00+05:30,Mumbai,no2,2.81
2025-09-01T00:00:00+05:30,Mumbai,no2,2.63
2025-09-02T00:00:00+05:30,Mumbai,no2,2.56
2025-09-03T00:00:00+05:30,Mumbai,no2,2.56
2025-09-04T00:00:00+05:30,Mumbai,no2,3.1
2025-09-05T00:00:00+05:30,Mumbai,no2,2.8
2025-09-06T00:00:00+05:30,Mumbai,no2,3.16
2025-09-07T00:00:00+05:30,Mumbai,no2,3.07
2025-09-08T00:00:00+05:30,Mumbai,no2,3.4
2025-09-09T00:00:00+05:30,Mumbai,no2,3.22
2025-09-10T00:00:00+05:30,Mumbai,no2,3.19
2025-09-11T00:00:00+05:30,Mumbai,no2,3.26
2025-09-12T00:00:00+05:30,Mumbai,no2,3.34
2025-09-13T00:00:00+05:30,Mumbai,no2,4.27
2025-09-14T00:00:00+05:30,Mumbai,no2,3.41
2025-09-15T00:00:00+05:30,Mumbai,no2,3.62
2025-09-16T00:00:00+05:30,Mumbai,no2,4.06
2025-09-17T00:00:00+05:30,Mumbai,no2,3.33
2025-09-18T00:00:00+05:30,Mumbai,no2,3.41
2025-09-19T00:00:00+05:30,Mumbai,no2,3.42
2025-09-22T00:00:00+05:30,Mumbai,no2,3.53
2025-09-23T00:00:00+05:30,Mumbai,no2,3.51
2025-09-24T00:00:00+05:30,Mumbai,no2,3.74
2025-09-25T00:00:00+05:30,Mumbai,no2,4.1
2025-09-26T00:00:00+05:30,Mumbai,no2,4.19
2025-09-27T00:00:00+05:30,Mumbai,no2,4.26
2025-09-28T00:00:00+05:30,Mumbai,no2,3.16
2025-09-29T00:00:00+05:30,Mumbai,no2,3.27
2025-10-01T00:00:00+05:30,Mumbai,no2,3.53
2025-10-02T00:00:00+05:30,Mumbai,no2,3.51
2025-10-03T00:00:00+05:30,Mumbai,no2,3.64
2025-10-04T00:00:00+05:30,Mumbai,no2,3.46
2025-10-05T00:00:00+05:30,Mumbai,no2,3.8
2025-10-06T00:00:00+05:30,Mumbai,no2,4.02
2025-10-07T00:00:00+05:30,Mumbai,no2,3.8
2025-10-08T00:00:00+05:30,Mumbai,no2,3.73
2025-10-09T00:00:00+05:30,Mumbai,no2,4.31
2025-10-10T00:00:00+05:30,Mumbai,no2,5.35
2025-10-11T00:00:00+05:30,Mumbai,no2,4.52
2025-10-13T00:00:00+05:30,Mumbai,no2,4.36
2025-10-15T00:00:00+05:30,Mumbai,no2,6.09
2025-10-16T00:00:00+05:30,Mumbai,no2,7.72
2025-10-17T00:00:00+05:30,Mumbai,no2,6.56
2025-10-18T00:00:00+05:30,Mumbai,no2,4.62
2025-10-19T00:00:00+05:30,Mumbai,no2,4.1
2025-10-20T00:00:00+05:30,Mumbai,no2,4.55
2025-10-21T00:00:00+05:30,Mumbai,no2,3.72
2025-10-22T00:00:00+05:30,Mumbai,no2,3.57
2025-10-23T00:00:00+05:30,Mumbai,no2,3.38
2025-10-24T00:00:00+05:30,Mumbai,no2,3.18
2025-10-25T00:00:00+05:30,Mumbai,no2,3.14
2025-10-26T00:00:00+05:30,Mumbai,no2,3.64
2025-10-27T00:00:00+05:30,Mumbai,no2,3.2
2025-10-28T00:00:00+05:30,Mumbai,no2,3.05
2025-10-29T00:00:00+05:30,Mumbai,no2,3.11
2025-10-30T00:00:00+05:30,Mumbai,no2,3.23
2025-10-31T00:00:00+05:30,Mumbai,no2,3.92
2025-11-01T00:00:00+05:30,Mumbai,no2,3.73
2025-11-02T00:00:00+05:30,Mumbai,no2,3.59
2025-11-03T00:00:00+05:30,Mumbai,no2,3.89
2025-11-04T00:00:00+05:30,Mumbai,no2,3.61
2025-11-05T00:00:00+05:30,Mumbai,no2,3.33
2025-11-06T00:00:00+05:30,Mumbai,no2,3.93
2025-11-07T00:00:00+05:30,Mumbai,no2,4.17
2025-11-08T00:00:00+05:30,Mumbai,no2,4.14
2025-11-09T00:00:00+05:30,Mumbai,no2,4.36
2025-11-10T00:00:00+05:30,Mumbai,no2,4.98
2025-11-11T00:00:00+05:30,Mumbai,no2,5.11
2025-11-12T00:00:00+05:30,Mumbai,no2,4.99
2025-11-13T00:00:00+05:30,Mumbai,no2,5.23
2025-11-14T00:00:00+05:30,Mumbai,no2,5.1
2025-11-15T00:00:00+05:30,Mumbai,no2,5.43
2025-11-16T00:00:00+05:30,Mumbai,no2,5.35
2025-11-17T00:00:00+05:30,Mumbai,no2,4.94
2025-11-18T00:00:00+05:30,Mumbai,no2,4.82
2025-11-19T00:00:00+05:30,Mumbai,no2,5.24
2025-11-20T00:00:00+05:30,Mumbai,no2,5.4
2025-11-21T00:00:00+05:30,Mumbai,no2,5.55
2025-11-22T00:00:00+05:30,Mumbai,no2,6.17
2025-11-23T00:00:00+05:30,Mumbai,no2,6.53
2025-11-24T00:00:00+05:30,Mumbai,no2,6.27
2025-11-25T00:00:00+05:30,Mumbai,no2,7.12
2025-11-26T00:00:00+05:30,Mumbai,no2,6.34
2025-11-27T00:00:00+05:30,Mumbai,no2,6.65
2025-11-28T00:00:00+05:30,Mumbai,no2,7.07
2025-11-29T00:00:00+05:30,Mumbai,no2,6.29
2025-12-01T00:00:00+05:30,Mumbai,no2,6.17
2025-12-02T00:00:00+05:30,Mumbai,no2,6.91
2025-12-03T00:00:00+05:30,Mumbai,no2,7.34
2025-12-04T00:00:00+05:30,Mumbai,no2,6.37
2025-12-05T00:00:00+05:30,Mumbai,no2,6.28
2025-12-06T00:00:00+05:30,Mumbai,no2,5.64
2025-12-07T00:00:00+05:30,Mumbai,no2,5.79
2025-12-08T00:00:00+05:30,Mumbai,no2,6.11
2025-12-09T00:00:00+05:30,Mumbai,no2,5.95
2025-12-10T00:00:00+05:30,Mumbai,no2,5.34
2025-12-11T00:00:00+05:30,Mumbai,no2,5.31
2025-12-12T00:00:00+05:30,Mumbai,no2,4.98
2025-12-13T00:00:00+05:30,Mumbai,no2,5.71
2025-12-14T00:00:00+05:30,Mumbai,no2,5.52
2025-12-15T00:00:00+05:30,Mumbai,no2,5.38
2025-12-16T00:00:00+05:30,Mumbai,no2,4.72
2025-12-17T00:00:00+05:30,Mumbai,no2,4.89
2025-12-18T00:00:00+05:30,Mumbai,no2,5.62
2025-12-19T00:00:00+05:30,Mumbai,no2,5.67
2025-12-24T00:00:00+05:30,Mumbai,no2,5.36
2025-12-25T00:00:00+05:30,Mumbai,no2,5.53
2025-12-26T00:00:00+05:30,Mumbai,no2,5.77
2025-12-27T00:00:00+05:30,Mumbai,no2,5.84
2025-12-28T00:00:00+05:30,Mumbai,no2,5.69
2025-12-29T00:00:00+05:30,Mumbai,no2,6.22
2025-12-30T00:00:00+05:30,Mumbai,no2,5.4
2025-12-31T00:00:00+05:30,Mumbai,no2,5.61
2026-01-01T00:00:00+05:30,Mumbai,no2,4.91
2026-01-02T00:00:00+05:30,Mumbai,no2,5.45
2026-01-03T00:00:00+05:30,Mumbai,no2,5.72
2026-01-04T00:00:00+05:30,Mumbai,no2,6.62
2026-01-05T00:00:00+05:30,Mumbai,no2,5.79
2026-01-06T00:00:00+05:30,Mumbai,no2,6.16
2026-01-07T00:00:00+05:30,Mumbai,no2,5.55
2026-01-08T00:00:00+05:30,Mumbai,no2,5.58
2026-01-09T00:00:00+05:30,Mumbai,no2,5.6
2026-01-10T00:00:00+05:30,Mumbai,no2,5.24
2026-01-20T00:00:00+05:30,Mumbai,no2,6.41
2026-01-21T00:00:00+05:30,Mumbai,no2,6.3
2026-01-22T00:00:00+05:30,Mumbai,no2,6.08
2026-01-23T00:00:00+05:30,Mumbai,no2,4.66
2026-01-24T00:00:00+05:30,Mumbai,no2,4.8
2026-01-25T00:00:00+05:30,Mumbai,no2,5.26
2026-01-26T00:00:00+05:30,Mumbai,no2,5.93
2026-01-27T00:00:00+05:30,Mumbai,no2,4.39
2026-01-28T00:00:00+05:30,Mumbai,no2,4.07
2026-01-29T00:00:00+05:30,Mumbai,no2,5.37
2026-01-30T00:00:00+05:30,Mumbai,no2,6.04
2026-02-02T00:00:00+05:30,Mumbai,no2,5.67
2026-02-03T00:00:00+05:30,Mumbai,no2,6.93
2026-02-04T00:00:00+05:30,Mumbai,no2,5.33
2026-02-05T00:00:00+05:30,Mumbai,no2,5.71
2026-02-06T00:00:00+05:30,Mumbai,no2,5.38
2026-02-07T00:00:00+05:30,Mumbai,no2,5.62
2026-02-08T00:00:00+05:30,Mumbai,no2,5.78
2026-02-09T00:00:00+05:30,Mumbai,no2,5.94
2026-02-10T00:00:00+05:30,Mumbai,no2,5.02
2026-02-11T00:00:00+05:30,Mumbai,no2,5.88
2026-02-12T00:00:00+05:30,Mumbai,no2,6.11
2026-02-13T00:00:00+05:30,Mumbai,no2,5.58
2026-02-14T00:00:00+05:30,Mumbai,no2,6.37
2026-02-15T00:00:00+05:30,Mumbai,no2,7.58
2026-02-16T00:00:00+05:30,Mumbai,no2,7.76
2026-02-17T00:00:00+05:30,Mumbai,no2,4.96
2026-02-18T00:00:00+05:30,Mumbai,no2,4.4
2026-02-19T00:00:00+05:30,Mumbai,no2,5.17
2026-02-20T00:00:00+05:30,Mumbai,no2,7.19
2026-02-21T00:00:00+05:30,Mumbai,no2,7.01
2026-02-24T00:00:00+05:30,Mumbai,no2,6.71
2026-02-25T00:00:00+05:30,Mumbai,no2,6.13
2026-02-26T00:00:00+05:30,Mumbai,no2,5.04
2026-02-27T00:00:00+05:30,Mumbai,no2,4.27
2026-02-28T00:00:00+05:30,Mumbai,no2,4.66
2026-03-02T00:00:00+05:30,Mumbai,no2,5.03
2026-03-03T00:00:00+05:30,Mumbai,no2,6.65
2026-03-04T00:00:00+05:30,Mumbai,no2,7.58
2026-03-05T00:00:00+05:30,Mumbai,no2,6.26
2026-03-06T00:00:00+05:30,Mumbai,no2,5.73
2026-03-08T00:00:00+05:30,Mumbai,no2,5.99
2026-03-10T00:00:00+05:30,Mumbai,no2,5.61
2026-03-11T00:00:00+05:30,Mumbai,no2,5.58
2026-03-12T00:00:00+05:30,Mumbai,no2,5.3
2026-03-13T00:00:00+05:30,Mumbai,no2,5.1
2026-03-14T00:00:00+05:30,Mumbai,no2,4.81
2026-03-15T00:00:00+05:30,Mumbai,no2,3.9
2026-03-16T00:00:00+05:30,Mumbai,no2,3.82
2026-03-17T00:00:00+05:30,Mumbai,no2,4.26
2026-03-18T00:00:00+05:30,Mumbai,no2,4.09
2026-03-19T00:00:00+05:30,Mumbai,no2,3.96
2026-03-20T00:00:00+05:30,Mumbai,no2,4.09
2026-03-21T00:00:00+05:30,Mumbai,no2,4.64
2026-03-22T00:00:00+05:30,Mumbai,no2,5.12
2026-03-23T00:00:00+05:30,Mumbai,no2,6.33
2026-03-24T00:00:00+05:30,Mumbai,no2,4.93
2026-03-25T00:00:00+05:30,Mumbai,no2,4.36
2026-03-26T00:00:00+05:30,Mumbai,no2,4.59
2026-03-27T00:00:00+05:30,Mumbai,no2,5.12
2026-03-28T00:00:00+05:30,Mumbai,no2,3.92
2026-03-29T00:00:00+05:30,Mumbai,no2,3.65
2026-03-30T00:00:00+05:30,Mumbai,no2,4.11
2026-04-01T00:00:00+05:30,Mumbai,no2,3.91
2026-04-02T00:00:00+05:30,Mumbai,no2,3.94
2026-04-03T00:00:00+05:30,Mumbai,no2,4.36
2026-04-04T00:00:00+05:30,Mumbai,no2,3.92
2026-04-05T00:00:00+05:30,Mumbai,no2,3.99
2026-04-06T00:00:00+05:30,Mumbai,no2,4.17
2026-04-07T00:00:00+05:30,Mumbai,no2,4.06
2026-04-08T00:00:00+05:30,Mumbai,no2,4.31
2026-04-09T00:00:00+05:30,Mumbai,no2,4.43
2026-04-10T00:00:00+05:30,Mumbai,no2,4.93
2026-04-11T00:00:00+05:30,Mumbai,no2,5.23
2026-04-12T00:00:00+05:30,Mumbai,no2,5.24
2026-04-13T00:00:00+05:30,Mumbai,no2,4.88
2026-04-14T00:00:00+05:30,Mumbai,no2,4.75
2026-04-16T00:00:00+05:30,Mumbai,no2,4.13
2026-04-17T00:00:00+05:30,Mumbai,no2,4.29
2026-04-18T00:00:00+05:30,Mumbai,no2,4.17
2026-04-19T00:00:00+05:30,Mumbai,no2,4.31
2026-04-20T00:00:00+05:30,Mumbai,no2,4.56
2026-04-21T00:00:00+05:30,Mumbai,no2,6.14
2026-04-22T00:00:00+05:30,Mumbai,no2,5.95
2026-04-23T00:00:00+05:30,Mumbai,no2,5.13
2026-04-24T00:00:00+05:30,Mumbai,no2,5.09
2026-04-25T00:00:00+05:30,Mumbai,no2,5.28
2026-04-26T00:00:00+05:30,Mumbai,no2,4.9
2026-04-27T00:00:00+05:30,Mumbai,no2,4.58
2026-04-28T00:00:00+05:30,Mumbai,no2,4.59
2026-04-29T00:00:00+05:30,Mumbai,no2,4.54
2026-04-30T00:00:00+05:30,Mumbai,no2,4.63
2026-05-01T00:00:00+05:30,Mumbai,no2,4.5
2026-05-02T00:00:00+05:30,Mumbai,no2,4.53
2026-05-03T00:00:00+05:30,Mumbai,no2,4.7
2026-05-04T00:00:00+05:30,Mumbai,no2,4.67
2026-05-05T00:00:00+05:30,Mumbai,no2,4.7
2026-05-06T00:00:00+05:30,Mumbai,no2,4.62
2026-05-07T00:00:00+05:30,Mumbai,no2,4.72
2026-05-08T00:00:00+05:30,Mumbai,no2,4.71
2026-05-11T00:00:00+05:30,Mumbai,no2,4.9
2026-05-12T00:00:00+05:30,Mumbai,no2,5.01
2026-05-13T00:00:00+05:30,Mumbai,no2,4.91
2026-05-14T00:00:00+05:30,Mumbai,no2,4.81
2026-05-15T00:00:00+05:30,Mumbai,no2,4.8
2026-05-16T00:00:00+05:30,Mumbai,no2,4.72
2026-05-17T00:00:00+05:30,Mumbai,no2,4.93
2026-05-18T00:00:00+05:30,Mumbai,no2,5.03
2026-05-19T00:00:00+05:30,Mumbai,no2,5.0
2026-05-20T00:00:00+05:30,Mumbai,no2,4.91
2026-05-21T00:00:00+05:30,Mumbai,no2,4.89
2026-05-22T00:00:00+05:30,Mumbai,no2,4.9
2026-05-23T00:00:00+05:30,Mumbai,no2,4.94
2026-05-24T00:00:00+05:30,Mumbai,no2,4.86
2026-05-25T00:00:00+05:30,Mumbai,no2,4.78
2026-05-26T00:00:00+05:30,Mumbai,no2,4.89
2026-05-27T00:00:00+05:30,Mumbai,no2,4.83
2026-05-28T00:00:00+05:30,Mumbai,no2,4.76
2026-05-29T00:00:00+05:30,Mumbai,no2,4.89
2026-05-30T00:00:00+05:30,Mumbai,no2,4.86
2026-06-01T00:00:00+05:30,Mumbai,no2,4.95
2026-06-02T00:00:00+05:30,Mumbai,no2,4.87
2026-06-03T00:00:00+05:30,Mumbai,no2,5.13
2026-06-04T00:00:00+05:30,Mumbai,no2,5.04
2026-06-09T00:00:00+05:30,Mumbai,no2,4.69
2026-06-10T00:00:00+05:30,Mumbai,no2,4.68
2026-06-11T00:00:00+05:30,Mumbai,no2,4.81
2026-06-12T00:00:00+05:30,Mumbai,no2,4.74
2026-06-13T00:00:00+05:30,Mumbai,no2,4.65
2026-06-14T00:00:00+05:30,Mumbai,no2,4.74
2026-06-15T00:00:00+05:30,Mumbai,no2,4.68
2026-06-16T00:00:00+05:30,Mumbai,no2,4.72
2026-06-17T00:00:00+05:30,Mumbai,no2,4.79
2026-06-18T00:00:00+05:30,Mumbai,no2,4.8
2026-06-19T00:00:00+05:30,Mumbai,no2,4.87
2026-06-20T00:00:00+05:30,Mumbai,no2,4.76
2026-06-21T00:00:00+05:30,Mumbai,no2,4.89
2026-06-22T00:00:00+05:30,Mumbai,no2,5.06
2026-06-23T00:00:00+05:30,Mumbai,no2,5.23
2026-06-25T00:00:00+05:30,Mumbai,no2,5.4
2026-06-26T00:00:00+05:30,Mumbai,no2,5.22
2026-06-27T00:00:00+05:30,Mumbai,no2,5.26
2026-06-28T00:00:00+05:30,Mumbai,no2,5.05
2026-06-29T00:00:00+05:30,Mumbai,no2,5.1
2026-06-30T00:00:00+05:30,Mumbai,no2,5.32
2026-07-01T00:00:00+05:30,Mumbai,no2,5.26
2026-07-02T00:00:00+05:30,Mumbai,no2,5.47
2026-07-03T00:00:00+05:30,Mumbai,no2,5.37
2026-07-04T00:00:00+05:30,Mumbai,no2,5.37
2026-07-05T00:00:00+05:30,Mumbai,no2,4.94
2026-07-06T00:00:00+05:30,Mumbai,no2,4.89
2026-07-07T00:00:00+05:30,Mumbai,no2,4.91
2026-07-08T00:00:00+05:30,Mumbai,no2,4.94
2026-07-09T00:00:00+05:30,Mumbai,no2,5.49
2026-07-10T00:00:00+05:30,Mumbai,no2,5.19
2026-07-11T00:00:00+05:30,Mumbai,no2,5.21
2026-07-12T00:00:00+05:30,Mumbai,no2,5.15
2026-07-13T00:00:00+05:30,Mumbai,no2,5.19
2026-07-14T00:00:00+05:30,Mumbai,no2,5.14
2026-07-15T00:00:00+05:30,Mumbai,no2,5.47
2026-07-16T00:00:00+05:30,Mumbai,no2,7.08
2026-07-17T00:00:00+05:30,Mumbai,no2,7.08
2026-07-18T00:00:00+05:30,Mumbai,no2,7.09
2026-07-19T00:00:00+05:30,Mumbai,no2,7.08
2026-07-20T00:00:00+05:30,Mumbai,no2,7.09
2026-07-21T00:00:00+05:30,Mumbai,no2,7.1
2026-07-22T00:00:00+05:30,Mumbai,no2,7.1
2026-07-23T00:00:00+05:30,Mumbai,no2,7.1
2026-07-24T00:00:00+05:30,Mumbai,no2,7.1
2026-07-25T00:00:00+05:30,Mumbai,no2,7.1
2026-07-26T00:00:00+05:30,Mumbai,no2,7.1
2026-07-27T00:00:00+05:30,Mumbai,no2,7.1
2026-07-28T00:00:00+05:30,Mumbai,no2,7.1
2026-07-29T00:00:00+05:30,Mumbai,no2,7.1
2026-08-04T00:00:00+05:30,Mumbai,no2,7.08
2026-08-05T00:00:00+05:30,Mumbai,no2,7.1
2026-08-06T00:00:00+05:30,Mumbai,no2,7.1
2026-08-07T00:00:00+05:30,Mumbai,no2,7.1
2026-08-08T00:00:00+05:30,Mumbai,no2,7.1
2026-08-09T00:00:00+05:30,Mumbai,no2,7.09
2026-08-10T00:00:00+05:30,Mumbai,no2,7.09
2026-08-11T00:00:00+05:30,Mumbai,no2,7.1
2026-08-12T00:00:00+05:30,Mumbai,no2,7.1
2026-08-13T00:00:00+05:30,Mumbai,no2,7.07
2026-08-14T00:00:00+05:30,Mumbai,no2,7.08
2026-08-15T00:00:00+05:30,Mumbai,no2,7.07
2026-08-16T00:00:00+05:30,Mumbai,no2,7.08
2026-08-17T00:00:00+05:30,Mumbai,no2,7.07
2026-08-18T00:00:00+05:30,Mumbai,no2,7.07
2026-08-19T00:00:00+05:30,Mumbai,no2,7.07
2026-08-20T00:00:00+05:30,Mumbai,no2,7.07
2026-08-21T00:00:00+05:30,Mumbai,no2,7.07
2026-08-22T00:00:00+05:30,Mumbai,no2,7.08
2026-08-23T00:00:00+05:30,Mumbai,no2,7.09
2026-08-24T00:00:00+05:30,Mumbai,no2,7.09
2026-08-25T00:00:00+05:30,Mumbai,no2,7.07
2026-08-26T00:00:00+05:30,Mumbai,no2,7.07
2026-08-27T00:00:00+05:30,Mumbai,no2,7.07
2026-08-28T00:00:00+05:30,Mumbai,no2,7.08
2026-08-29T00:00:00+05:30,Mumbai,no2,7.07
2026-08-30T00:00:00+05:30,Mumbai,no2,7.07
2026-08-31T00:00:00+05:30,Mumbai,no2,7.07
2026-09-01T00:00:00+05:30,Mumbai,no2,7.07
2026-09-02T00:00:00+05:30,Mumbai,no2,7.06
2026-09-03T00:00:00+05:30,Mumbai,no2,7.07
2026-09-04T00:00:00+05:30,Mumbai,no2,7.07
2026-09-05T00:00:00+05:30,Mumbai,no2,7.07
2026-09-06T00:00:00+05:30,Mumbai,no2,7.07
2026-09-07T00:00:00+05:30,Mumbai,no2,7.07
2025-02-24T00:00:00+05:30,Mumbai,so2,29.2
2025-02-25T00:00:00+05:30,Mumbai,so2,29.2
2025-02-26T00:00:00+05:30,Mumbai,so2,29.2
2025-02-27T00:00:00+05:30,Mumbai,so2,29.2
2025-02-28T00:00:00+05:30,Mumbai,so2,29.2
2025-03-01T00:00:00+05:30,Mumbai,so2,29.2
2025-03-02T00:00:00+05:30,Mumbai,so2,29.2
2025-03-03T00:00:00+05:30,Mumbai,so2,29.2
2025-03-04T00:00:00+05:30,Mumbai,so2,29.2
2025-03-05T00:00:00+05:30,Mumbai,so2,29.2
2025-03-06T00:00:00+05:30,Mumbai,so2,29.2
2025-03-07T00:00:00+05:30,Mumbai,so2,29.2
2025-03-08T00:00:00+05:30,Mumbai,so2,29.2
2025-03-09T00:00:00+05:30,Mumbai,so2,29.2
2025-03-10T00:00:00+05:30,Mumbai,so2,29.2
2025-03-11T00:00:00+05:30,Mumbai,so2,29.2
2025-03-12T00:00:00+05:30,Mumbai,so2,29.2
2025-03-13T00:00:00+05:30,Mumbai,so2,29.2
2025-03-14T00:00:00+05:30,Mumbai,so2,29.2
2025-03-15T00:00:00+05:30,Mumbai,so2,29.2
2025-03-16T00:00:00+05:30,Mumbai,so2,29.2
2025-03-17T00:00:00+05:30,Mumbai,so2,29.2
2025-03-18T00:00:00+05:30,Mumbai,so2,29.2
2025-03-19T00:00:00+05:30,Mumbai,so2,29.2
2025-03-20T00:00:00+05:30,Mumbai,so2,29.2
2025-03-21T00:00:00+05:30,Mumbai,so2,29.2
2025-03-22T00:00:00+05:30,Mumbai,so2,29.2
2025-03-23T00:00:00+05:30,Mumbai,so2,29.2
2025-03-24T00:00:00+05:30,Mumbai,so2,29.2
2025-03-25T00:00:00+05:30,Mumbai,so2,29.2
2025-03-26T00:00:00+05:30,Mumbai,so2,29.2
2025-03-27T00:00:00+05:30,Mumbai,so2,29.2
2025-03-28T00:00:00+05:30,Mumbai,so2,29.2
2025-03-29T00:00:00+05:30,Mumbai,so2,29.2
2025-03-30T00:00:00+05:30,Mumbai,so2,29.2
2025-04-01T00:00:00+05:30,Mumbai,so2,29.2
2025-04-02T00:00:00+05:30,Mumbai,so2,29.2
2025-04-03T00:00:00+05:30,Mumbai,so2,29.2
2025-04-04T00:00:00+05:30,Mumbai,so2,29.2
2025-04-06T00:00:00+05:30,Mumbai,so2,29.2
2025-04-07T00:00:00+05:30,Mumbai,so2,29.2
2025-04-08T00:00:00+05:30,Mumbai,so2,29.2
2025-04-11T00:00:00+05:30,Mumbai,so2,29.2
2025-04-12T00:00:00+05:30,Mumbai,so2,29.2
2025-04-13T00:00:00+05:30,Mumbai,so2,29.2
2025-04-15T00:00:00+05:30,Mumbai,so2,29.2
2025-04-16T00:00:00+05:30,Mumbai,so2,29.2
2025-04-17T00:00:00+05:30,Mumbai,so2,29.1
2025-04-18T00:00:00+05:30,Mumbai,so2,29.2
2025-04-19T00:00:00+05:30,Mumbai,so2,28.3
2025-05-16T00:00:00+05:30,Mumbai,so2,29.2
2025-05-17T00:00:00+05:30,Mumbai,so2,29.2
2025-05-18T00:00:00+05:30,Mumbai,so2,29.2
2025-05-19T00:00:00+05:30,Mumbai,so2,29.2
2025-05-20T00:00:00+05:30,Mumbai,so2,29.2
2025-05-21T00:00:00+05:30,Mumbai,so2,29.2
2025-05-22T00:00:00+05:30,Mumbai,so2,29.2
2025-05-23T00:00:00+05:30,Mumbai,so2,29.2
2025-05-24T00:00:00+05:30,Mumbai,so2,29.2
2025-05-25T00:00:00+05:30,Mumbai,so2,29.2
2025-05-26T00:00:00+05:30,Mumbai,so2,29.2
2025-05-27T00:00:00+05:30,Mumbai,so2,29.2
2025-05-28T00:00:00+05:30,Mumbai,so2,29.2
2025-05-29T00:00:00+05:30,Mumbai,so2,29.2
2025-05-30T00:00:00+05:30,Mumbai,so2,29.2
2025-06-01T00:00:00+05:30,Mumbai,so2,29.2
2025-06-02T00:00:00+05:30,Mumbai,so2,29.2
2025-06-03T00:00:00+05:30,Mumbai,so2,29.2
2025-06-04T00:00:00+05:30,Mumbai,so2,29.2
2025-06-05T00:00:00+05:30,Mumbai,so2,29.2
2025-06-06T00:00:00+05:30,Mumbai,so2,29.2
2025-06-07T00:00:00+05:30,Mumbai,so2,29.2
2025-06-09T00:00:00+05:30,Mumbai,so2,29.2
2025-06-10T00:00:00+05:30,Mumbai,so2,29.2
2025-06-11T00:00:00+05:30,Mumbai,so2,29.2
2025-06-12T00:00:00+05:30,Mumbai,so2,29.2
2025-06-13T00:00:00+05:30,Mumbai,so2,29.2
2025-06-14T00:00:00+05:30,Mumbai,so2,29.2
2025-06-15T00:00:00+05:30,Mumbai,so2,29.2
2025-06-16T00:00:00+05:30,Mumbai,so2,29.2
2025-06-17T00:00:00+05:30,Mumbai,so2,29.2
2025-06-18T00:00:00+05:30,Mumbai,so2,29.2
2025-06-19T00:00:00+05:30,Mumbai,so2,29.2
2025-06-20T00:00:00+05:30,Mumbai,so2,29.2
2025-06-21T00:00:00+05:30,Mumbai,so2,29.2
2025-06-22T00:00:00+05:30,Mumbai,so2,29.2
2025-06-23T00:00:00+05:30,Mumbai,so2,29.2
2025-06-24T00:00:00+05:30,Mumbai,so2,29.2
2025-06-25T00:00:00+05:30,Mumbai,so2,29.2
2025-06-26T00:00:00+05:30,Mumbai,so2,29.2
2025-06-27T00:00:00+05:30,Mumbai,so2,29.2
2025-06-28T00:00:00+05:30,Mumbai,so2,29.2
2025-06-29T00:00:00+05:30,Mumbai,so2,29.2
2025-06-30T00:00:00+05:30,Mumbai,so2,29.2
2025-07-01T00:00:00+05:30,Mumbai,so2,29.2
2025-07-02T00:00:00+05:30,Mumbai,so2,29.2
2025-07-03T00:00:00+05:30,Mumbai,so2,29.2
2025-07-04T00:00:00+05:30,Mumbai,so2,29.2
2025-07-05T00:00:00+05:30,Mumbai,so2,29.2
2025-07-06T00:00:00+05:30,Mumbai,so2,29.2
2025-07-07T00:00:00+05:30,Mumbai,so2,29.2
2025-07-08T00:00:00+05:30,Mumbai,so2,29.2
2025-07-09T00:00:00+05:30,Mumbai,so2,29.2
2025-07-10T00:00:00+05:30,Mumbai,so2,29.2
2025-07-11T00:00:00+05:30,Mumbai,so2,29.2
2025-07-12T00:00:00+05:30,Mumbai,so2,29.2
2025-07-13T00:00:00+05:30,Mumbai,so2,29.2
2025-07-14T00:00:00+05:30,Mumbai,so2,29.2
2025-07-15T00:00:00+05:30,Mumbai,so2,29.2
2025-07-16T00:00:00+05:30,Mumbai,so2,29.2
2025-07-17T00:00:00+05:30,Mumbai,so2,29.2
2025-07-18T00:00:00+05:30,Mumbai,so2,29.2
2025-07-19T00:00:00+05:30,Mumbai,so2,29.2
2025-07-20T00:00:00+05:30,Mumbai,so2,29.2
2025-07-21T00:00:00+05:30,Mumbai,so2,29.2
2025-07-22T00:00:00+05:30,Mumbai,so2,29.2
2025-07-23T00:00:00+05:30,Mumbai,so2,29.2
2025-07-24T00:00:00+05:30,Mumbai,so2,29.2
2025-07-25T00:00:00+05:30,Mumbai,so2,29.2
2025-07-26T00:00:00+05:30,Mumbai,so2,29.2
2025-07-27T00:00:00+05:30,Mumbai,so2,29.2
2025-07-28T00:00:00+05:30,Mumbai,so2,29.2
2025-07-29T00:00:00+05:30,Mumbai,so2,29.2
2025-07-30T00:00:00+05:30,Mumbai,so2,29.2
2025-08-01T00:00:00+05:30,Mumbai,so2,29.2
2025-08-02T00:00:00+05:30,Mumbai,so2,29.2
2025-08-03T00:00:00+05:30,Mumbai,so2,29.2
2025-08-04T00:00:00+05:30,Mumbai,so2,29.2
2025-08-05T00:00:00+05:30,Mumbai,so2,29.2
2025-08-06T00:00:00+05:30,Mumbai,so2,29.2
2025-08-07T00:00:00+05:30,Mumbai,so2,29.2
2025-08-08T00:00:00+05:30,Mumbai,so2,29.2
2025-08-09T00:00:00+05:30,Mumbai,so2,29.2
2025-08-10T00:00:00+05:30,Mumbai,so2,29.2
2025-08-11T00:00:00+05:30,Mumbai,so2,29.2
2025-08-12T00:00:00+05:30,Mumbai,so2,29.2
2025-08-13T00:00:00+05:30,Mumbai,so2,29.2
2025-08-14T00:00:00+05:30,Mumbai,so2,29.2
2025-08-15T00:00:00+05:30,Mumbai,so2,29.2
2025-08-16T00:00:00+05:30,Mumbai,so2,29.2
2025-08-17T00:00:00+05:30,Mumbai,so2,29.2
2025-08-18T00:00:00+05:30,Mumbai,so2,29.2
2025-08-19T00:00:00+05:30,Mumbai,so2,29.2
2025-08-20T00:00:00+05:30,Mumbai,so2,29.2
2025-08-21T00:00:00+05:30,Mumbai,so2,29.2
2025-08-22T00:00:00+05:30,Mumbai,so2,29.2
2025-08-23T00:00:00+05:30,Mumbai,so2,29.2
2025-08-24T00:00:00+05:30,Mumbai,so2,29.2
2025-08-25T00:00:00+05:30,Mumbai,so2,29.2
2025-08-26T00:00:00+05:30,Mumbai,so2,29.2
2025-08-27T00:00:00+05:30,Mumbai,so2,29.2
2025-08-28T00:00:00+05:30,Mumbai,so2,29.2
2025-08-29T00:00:00+05:30,Mumbai,so2,29.2
2025-08-30T00:00:00+05:30,Mumbai,so2,29.2
2025-08-31T00:00:00+05:30,Mumbai,so2,29.2
2025-09-01T00:00:00+05:30,Mumbai,so2,29.2
2025-09-02T00:00:00+05:30,Mumbai,so2,29.2
2025-09-03T00:00:00+05:30,Mumbai,so2,29.2
2025-09-04T00:00:00+05:30,Mumbai,so2,29.2
2025-09-05T00:00:00+05:30,Mumbai,so2,29.2
2025-09-06T00:00:00+05:30,Mumbai,so2,29.2
2025-09-07T00:00:00+05:30,Mumbai,so2,29.2
2025-09-08T00:00:00+05:30,Mumbai,so2,29.2
2025-09-09T00:00:00+05:30,Mumbai,so2,29.2
2025-09-10T00:00:00+05:30,Mumbai,so2,29.2
2025-09-11T00:00:00+05:30,Mumbai,so2,29.2
2025-09-12T00:00:00+05:30,Mumbai,so2,29.2
2025-09-13T00:00:00+05:30,Mumbai,so2,29.2
2025-09-14T00:00:00+05:30,Mumbai,so2,29.2
2025-09-15T00:00:00+05:30,Mumbai,so2,29.2
2025-09-16T00:00:00+05:30,Mumbai,so2,29.2
2025-09-17T00:00:00+05:30,Mumbai,so2,29.2
2025-09-18T00:00:00+05:30,Mumbai,so2,29.2
2025-09-19T00:00:00+05:30,Mumbai,so2,29.2
2025-09-22T00:00:00+05:30,Mumbai,so2,29.2
2025-09-23T00:00:00+05:30,Mumbai,so2,29.2
2025-09-24T00:00:00+05:30,Mumbai,so2,29.2
2025-09-25T00:00:00+05:30,Mumbai,so2,29.2
2025-09-26T00:00:00+05:30,Mumbai,so2,29.2
2025-09-27T00:00:00+05:30,Mumbai,so2,29.2
2025-09-28T00:00:00+05:30,Mumbai,so2,29.2
2025-09-29T00:00:00+05:30,Mumbai,so2,29.2
2025-10-01T00:00:00+05:30,Mumbai,so2,29.2
2025-10-02T00:00:00+05:30,Mumbai,so2,29.2
2025-10-03T00:00:00+05:30,Mumbai,so2,29.2
2025-10-04T00:00:00+05:30,Mumbai,so2,29.2
2025-10-05T00:00:00+05:30,Mumbai,so2,29.2
2025-10-06T00:00:00+05:30,Mumbai,so2,29.2
2025-10-07T00:00:00+05:30,Mumbai,so2,29.2
2025-10-08T00:00:00+05:30,Mumbai,so2,29.2
2025-10-09T00:00:00+05:30,Mumbai,so2,29.2
2025-10-10T00:00:00+05:30,Mumbai,so2,29.2
2025-10-11T00:00:00+05:30,Mumbai,so2,29.2
2025-10-13T00:00:00+05:30,Mumbai,so2,29.2
2025-10-15T00:00:00+05:30,Mumbai,so2,29.2
2025-10-16T00:00:00+05:30,Mumbai,so2,29.2
2025-10-17T00:00:00+05:30,Mumbai,so2,29.2
2025-10-18T00:00:00+05:30,Mumbai,so2,29.2
2025-10-19T00:00:00+05:30,Mumbai,so2,29.2
2025-10-20T00:00:00+05:30,Mumbai,so2,29.2
2025-10-21T00:00:00+05:30,Mumbai,so2,29.2
2025-10-22T00:00:00+05:30,Mumbai,so2,29.2
2025-10-23T00:00:00+05:30,Mumbai,so2,29.2
2025-10-24T00:00:00+05:30,Mumbai,so2,29.2
2025-10-25T00:00:00+05:30,Mumbai,so2,29.2
2025-10-26T00:00:00+05:30,Mumbai,so2,29.2
2025-10-27T00:00:00+05:30,Mumbai,so2,29.2
2025-10-28T00:00:00+05:30,Mumbai,so2,29.2
2025-10-29T00:00:00+05:30,Mumbai,so2,29.2
2025-10-30T00:00:00+05:30,Mumbai,so2,29.2
2025-10-31T00:00:00+05:30,Mumbai,so2,29.2
2025-11-01T00:00:00+05:30,Mumbai,so2,29.2
2025-11-02T00:00:00+05:30,Mumbai,so2,29.2
2025-11-03T00:00:00+05:30,Mumbai,so2,29.2
2025-11-04T00:00:00+05:30,Mumbai,so2,29.2
2025-11-05T00:00:00+05:30,Mumbai,so2,29.2
2025-11-06T00:00:00+05:30,Mumbai,so2,29.2
2025-11-07T00:00:00+05:30,Mumbai,so2,29.1
2025-11-08T00:00:00+05:30,Mumbai,so2,29.1
2025-11-09T00:00:00+05:30,Mumbai,so2,28.9
2025-11-10T00:00:00+05:30,Mumbai,so2,29.2
2025-11-11T00:00:00+05:30,Mumbai,so2,29.2
2025-11-12T00:00:00+05:30,Mumbai,so2,29.1
2025-11-13T00:00:00+05:30,Mumbai,so2,29.1
2025-11-14T00:00:00+05:30,Mumbai,so2,29.2
2025-11-15T00:00:00+05:30,Mumbai,so2,29.2
2025-11-16T00:00:00+05:30,Mumbai,so2,29.2
2025-11-17T00:00:00+05:30,Mumbai,so2,29.2
2025-11-18T00:00:00+05:30,Mumbai,so2,29.2
2025-11-19T00:00:00+05:30,Mumbai,so2,29.2
2025-11-20T00:00:00+05:30,Mumbai,so2,29.2
2025-11-21T00:00:00+05:30,Mumbai,so2,29.2
2025-11-22T00:00:00+05:30,Mumbai,so2,29.2
2025-11-23T00:00:00+05:30,Mumbai,so2,29.2
2025-11-24T00:00:00+05:30,Mumbai,so2,29.2
2025-11-25T00:00:00+05:30,Mumbai,so2,29.2
2025-11-26T00:00:00+05:30,Mumbai,so2,29.2
2025-11-27T00:00:00+05:30,Mumbai,so2,29.2
2025-11-28T00:00:00+05:30,Mumbai,so2,29.2
2025-11-29T00:00:00+05:30,Mumbai,so2,29.2
2025-12-01T00:00:00+05:30,Mumbai,so2,29.2
2025-12-02T00:00:00+05:30,Mumbai,so2,29.2
2025-12-03T00:00:00+05:30,Mumbai,so2,29.2
2025-12-04T00:00:00+05:30,Mumbai,so2,29.2
2025-12-05T00:00:00+05:30,Mumbai,so2,29.2
2025-12-06T00:00:00+05:30,Mumbai,so2,29.2
2025-12-07T00:00:00+05:30,Mumbai,so2,29.2
2025-12-08T00:00:00+05:30,Mumbai,so2,29.2
2025-12-09T00:00:00+05:30,Mumbai,so2,29.2
2025-12-10T00:00:00+05:30,Mumbai,so2,29.2
2025-12-11T00:00:00+05:30,Mumbai,so2,29.2
2025-12-12T00:00:00+05:30,Mumbai,so2,29.2
2025-12-13T00:00:00+05:30,Mumbai,so2,29.2
2025-12-14T00:00:00+05:30,Mumbai,so2,29.2
2025-12-15T00:00:00+05:30,Mumbai,so2,29.2
2025-12-16T00:00:00+05:30,Mumbai,so2,29.2
2025-12-17T00:00:00+05:30,Mumbai,so2,29.2
2025-12-18T00:00:00+05:30,Mumbai,so2,29.2
2025-12-19T00:00:00+05:30,Mumbai,so2,29.2
2025-12-24T00:00:00+05:30,Mumbai,so2,29.2
2025-12-25T00:00:00+05:30,Mumbai,so2,29.2
2025-12-26T00:00:00+05:30,Mumbai,so2,29.2
2025-12-27T00:00:00+05:30,Mumbai,so2,29.2
2025-12-28T00:00:00+05:30,Mumbai,so2,29.3
2025-12-29T00:00:00+05:30,Mumbai,so2,29.2
2025-12-30T00:00:00+05:30,Mumbai,so2,29.2
2025-12-31T00:00:00+05:30,Mumbai,so2,29.2
2026-01-01T00:00:00+05:30,Mumbai,so2,29.2
2026-01-02T00:00:00+05:30,Mumbai,so2,29.2
2026-01-03T00:00:00+05:30,Mumbai,so2,29.2
2026-01-04T00:00:00+05:30,Mumbai,so2,29.2
2026-01-05T00:00:00+05:30,Mumbai,so2,29.2
2026-01-06T00:00:00+05:30,Mumbai,so2,29.2
2026-01-07T00:00:00+05:30,Mumbai,so2,29.2
2026-01-08T00:00:00+05:30,Mumbai,so2,29.2
2026-01-09T00:00:00+05:30,Mumbai,so2,29.2
2026-01-10T00:00:00+05:30,Mumbai,so2,29.2
2026-01-20T00:00:00+05:30,Mumbai,so2,29.2
2026-01-21T00:00:00+05:30,Mumbai,so2,29.2
2026-01-22T00:00:00+05:30,Mumbai,so2,29.2
2026-01-23T00:00:00+05:30,Mumbai,so2,29.2
2026-01-24T00:00:00+05:30,Mumbai,so2,29.2
2026-01-25T00:00:00+05:30,Mumbai,so2,29.2
2026-01-26T00:00:00+05:30,Mumbai,so2,29.2
2026-01-27T00:00:00+05:30,Mumbai,so2,29.2
2026-01-28T00:00:00+05:30,Mumbai,so2,29.2
2026-01-29T00:00:00+05:30,Mumbai,so2,29.2
2026-01-30T00:00:00+05:30,Mumbai,so2,29.2
2026-02-02T00:00:00+05:30,Mumbai,so2,29.2
2026-02-03T00:00:00+05:30,Mumbai,so2,29.2
2026-02-04T00:00:00+05:30,Mumbai,so2,29.2
2026-02-05T00:00:00+05:30,Mumbai,so2,29.2
2026-02-06T00:00:00+05:30,Mumbai,so2,29.2
2026-02-07T00:00:00+05:30,Mumbai,so2,29.2
2026-02-08T00:00:00+05:30,Mumbai,so2,29.2
2026-02-09T00:00:00+05:30,Mumbai,so2,29.2
2026-02-10T00:00:00+05:30,Mumbai,so2,29.2
2026-02-11T00:00:00+05:30,Mumbai,so2,29.2
2026-02-12T00:00:00+05:30,Mumbai,so2,29.2
2026-02-13T00:00:00+05:30,Mumbai,so2,29.2
2026-02-14T00:00:00+05:30,Mumbai,so2,29.2
2026-02-15T00:00:00+05:30,Mumbai,so2,29.2
2026-02-16T00:00:00+05:30,Mumbai,so2,29.3
2026-02-17T00:00:00+05:30,Mumbai,so2,29.2
2026-02-18T00:00:00+05:30,Mumbai,so2,29.2
2026-02-19T00:00:00+05:30,Mumbai,so2,29.2
2026-02-20T00:00:00+05:30,Mumbai,so2,29.2
2026-02-21T00:00:00+05:30,Mumbai,so2,29.2
2026-02-24T00:00:00+05:30,Mumbai,so2,29.2
2026-02-25T00:00:00+05:30,Mumbai,so2,29.2
2026-02-26T00:00:00+05:30,Mumbai,so2,29.2
2026-02-27T00:00:00+05:30,Mumbai,so2,29.2
2026-02-28T00:00:00+05:30,Mumbai,so2,29.2
2026-03-02T00:00:00+05:30,Mumbai,so2,29.2
2026-03-03T00:00:00+05:30,Mumbai,so2,29.2
2026-03-04T00:00:00+05:30,Mumbai,so2,29.2
2026-03-05T00:00:00+05:30,Mumbai,so2,29.2
2026-03-06T00:00:00+05:30,Mumbai,so2,29.2
2026-03-08T00:00:00+05:30,Mumbai,so2,29.3
2026-03-10T00:00:00+05:30,Mumbai,so2,29.2
2026-03-11T00:00:00+05:30,Mumbai,so2,29.2
2026-03-12T00:00:00+05:30,Mumbai,so2,29.2
2026-03-13T00:00:00+05:30,Mumbai,so2,25.1
2026-03-14T00:00:00+05:30,Mumbai,so2,23.4
2026-03-15T00:00:00+05:30,Mumbai,so2,23.4
2026-03-16T00:00:00+05:30,Mumbai,so2,23.4
2026-03-17T00:00:00+05:30,Mumbai,so2,23.3
2026-03-18T00:00:00+05:30,Mumbai,so2,23.4
2026-03-19T00:00:00+05:30,Mumbai,so2,23.4
2026-03-20T00:00:00+05:30,Mumbai,so2,23.4
2026-03-21T00:00:00+05:30,Mumbai,so2,23.4
2026-03-22T00:00:00+05:30,Mumbai,so2,23.4
2026-03-23T00:00:00+05:30,Mumbai,so2,23.4
2026-03-24T00:00:00+05:30,Mumbai,so2,23.4
2026-03-25T00:00:00+05:30,Mumbai,so2,23.4
2026-03-26T00:00:00+05:30,Mumbai,so2,23.4
2026-03-27T00:00:00+05:30,Mumbai,so2,23.4
2026-03-28T00:00:00+05:30,Mumbai,so2,23.4
2026-03-29T00:00:00+05:30,Mumbai,so2,23.4
2026-03-30T00:00:00+05:30,Mumbai,so2,23.4
2026-04-01T00:00:00+05:30,Mumbai,so2,23.4
2026-04-02T00:00:00+05:30,Mumbai,so2,23.4
2026-04-03T00:00:00+05:30,Mumbai,so2,23.4
2026-04-04T00:00:00+05:30,Mumbai,so2,23.4
2026-04-05T00:00:00+05:30,Mumbai,so2,23.4
2026-04-06T00:00:00+05:30,Mumbai,so2,23.4
2026-04-07T00:00:00+05:30,Mumbai,so2,23.4
2026-04-08T00:00:00+05:30,Mumbai,so2,23.4
2026-04-09T00:00:00+05:30,Mumbai,so2,23.4
2026-04-10T00:00:00+05:30,Mumbai,so2,23.4
2026-04-11T00:00:00+05:30,Mumbai,so2,23.4
2026-04-12T00:00:00+05:30,Mumbai,so2,23.4
2026-04-13T00:00:00+05:30,Mumbai,so2,23.4
2026-04-14T00:00:00+05:30,Mumbai,so2,23.4
2026-04-16T00:00:00+05:30,Mumbai,so2,23.4
2026-04-17T00:00:00+05:30,Mumbai,so2,23.3
2026-04-18T00:00:00+05:30,Mumbai,so2,23.4
2026-04-19T00:00:00+05:30,Mumbai,so2,23.4
2026-04-20T00:00:00+05:30,Mumbai,so2,23.4
2026-04-21T00:00:00+05:30,Mumbai,so2,23.4
2026-04-22T00:00:00+05:30,Mumbai,so2,23.4
2026-04-23T00:00:00+05:30,Mumbai,so2,23.4
2026-04-24T00:00:00+05:30,Mumbai,so2,23.4
2026-04-25T00:00:00+05:30,Mumbai,so2,23.4
2026-04-26T00:00:00+05:30,Mumbai,so2,23.4
2026-04-27T00:00:00+05:30,Mumbai,so2,23.4
2026-04-28T00:00:00+05:30,Mumbai,so2,23.4
2026-04-29T00:00:00+05:30,Mumbai,so2,23.4
2026-04-30T00:00:00+05:30,Mumbai,so2,23.4
2026-05-01T00:00:00+05:30,Mumbai,so2,23.4
2026-05-02T00:00:00+05:30,Mumbai,so2,23.4
2026-05-03T00:00:00+05:30,Mumbai,so2,23.4
2026-05-04T00:00:00+05:30,Mumbai,so2,23.4
2026-05-05T00:00:00+05:30,Mumbai,so2,23.4
2026-05-06T00:00:00+05:30,Mumbai,so2,23.4
2026-05-07T00:00:00+05:30,Mumbai,so2,23.4
2026-05-08T00:00:00+05:30,Mumbai,so2,23.4
2026-05-11T00:00:00+05:30,Mumbai,so2,23.4
2026-05-12T00:00:00+05:30,Mumbai,so2,23.4
2026-05-13T00:00:00+05:30,Mumbai,so2,23.4
2026-05-14T00:00:00+05:30,Mumbai,so2,23.4
2026-05-15T00:00:00+05:30,Mumbai,so2,23.4
2026-05-16T00:00:00+05:30,Mumbai,so2,23.4
2026-05-17T00:00:00+05:30,Mumbai,so2,23.4
2026-05-18T00:00:00+05:30,Mumbai,so2,23.3
2026-05-19T00:00:00+05:30,Mumbai,so2,23.4
2026-05-20T00:00:00+05:30,Mumbai,so2,23.4
2026-05-21T00:00:00+05:30,Mumbai,so2,23.4
2026-05-22T00:00:00+05:30,Mumbai,so2,23.4
2026-05-23T00:00:00+05:30,Mumbai,so2,23.4
2026-05-24T00:00:00+05:30,Mumbai,so2,23.4
2026-05-25T00:00:00+05:30,Mumbai,so2,23.4
2026-05-26T00:00:00+05:30,Mumbai,so2,23.4
2026-05-27T00:00:00+05:30,Mumbai,so2,23.4
2026-05-28T00:00:00+05:30,Mumbai,so2,23.4
2026-05-29T00:00:00+05:30,Mumbai,so2,23.4
2026-05-30T00:00:00+05:30,Mumbai,so2,23.4
2026-06-01T00:00:00+05:30,Mumbai,so2,23.4
2026-06-02T00:00:00+05:30,Mumbai,so2,23.4
2026-06-03T00:00:00+05:30,Mumbai,so2,23.4
2026-06-04T00:00:00+05:30,Mumbai,so2,23.4
2026-06-09T00:00:00+05:30,Mumbai,so2,23.4
2026-06-10T00:00:00+05:30,Mumbai,so2,23.4
2026-06-11T00:00:00+05:30,Mumbai,so2,23.4
2026-06-12T00:00:00+05:30,Mumbai,so2,23.4
2026-06-13T00:00:00+05:30,Mumbai,so2,23.4
2026-06-14T00:00:00+05:30,Mumbai,so2,23.4
2026-06-15T00:00:00+05:30,Mumbai,so2,23.4
2026-06-16T00:00:00+05:30,Mumbai,so2,23.4
2026-06-17T00:00:00+05:30,Mumbai,so2,23.4
2026-06-18T00:00:00+05:30,Mumbai,so2,23.4
2026-06-19T00:00:00+05:30,Mumbai,so2,23.4
2026-06-20T00:00:00+05:30,Mumbai,so2,23.4
2026-06-21T00:00:00+05:30,Mumbai,so2,23.4
2026-06-22T00:00:00+05:30,Mumbai,so2,23.4
2026-06-23T00:00:00+05:30,Mumbai,so2,23.4
2026-06-25T00:00:00+05:30,Mumbai,so2,23.3
2026-06-26T00:00:00+05:30,Mumbai,so2,23.4
2026-06-27T00:00:00+05:30,Mumbai,so2,23.4
2026-06-28T00:00:00+05:30,Mumbai,so2,23.4
2026-06-29T00:00:00+05:30,Mumbai,so2,23.4
2026-06-30T00:00:00+05:30,Mumbai,so2,23.4
2026-07-01T00:00:00+05:30,Mumbai,so2,23.4
2026-07-02T00:00:00+05:30,Mumbai,so2,23.4
2026-07-03T00:00:00+05:30,Mumbai,so2,23.4
2026-07-04T00:00:00+05:30,Mumbai,so2,23.4
2026-07-05T00:00:00+05:30,Mumbai,so2,23.4
2026-07-06T00:00:00+05:30,Mumbai,so2,23.4
2026-07-07T00:00:00+05:30,Mumbai,so2,23.4
2026-07-08T00:00:00+05:30,Mumbai,so2,23.4
2026-07-09T00:00:00+05:30,Mumbai,so2,23.4
2026-07-10T00:00:00+05:30,Mumbai,so2,23.4
2026-07-11T00:00:00+05:30,Mumbai,so2,23.4
2026-07-12T00:00:00+05:30,Mumbai,so2,23.4
2026-07-13T00:00:00+05:30,Mumbai,so2,23.4
2026-07-14T00:00:00+05:30,Mumbai,so2,23.4
2026-07-15T00:00:00+05:30,Mumbai,so2,23.4
2026-07-16T00:00:00+05:30,Mumbai,so2,23.4
2026-07-17T00:00:00+05:30,Mumbai,so2,23.4
2026-07-18T00:00:00+05:30,Mumbai,so2,23.4
2026-07-19T00:00:00+05:30,Mumbai,so2,23.4
2026-07-20T00:00:00+05:30,Mumbai,so2,23.4
2026-07-21T00:00:00+05:30,Mumbai,so2,23.4
2026-07-22T00:00:00+05:30,Mumbai,so2,23.4
2026-07-23T00:00:00+05:30,Mumbai,so2,23.4
2026-07-24T00:00:00+05:30,Mumbai,so2,23.4
2026-07-25T00:00:00+05:30,Mumbai,so2,23.4
2026-07-26T00:00:00+05:30,Mumbai,so2,23.4
2026-07-27T00:00:00+05:30,Mumbai,so2,23.4
2026-07-28T00:00:00+05:30,Mumbai,so2,23.4
2026-07-29T00:00:00+05:30,Mumbai,so2,23.4
2026-08-04T00:00:00+05:30,Mumbai,so2,23.4
2026-08-05T00:00:00+05:30,Mumbai,so2,23.4
2026-08-06T00:00:00+05:30,Mumbai,so2,23.4
2026-08-07T00:00:00+05:30,Mumbai,so2,23.4
2026-08-08T00:00:00+05:30,Mumbai,so2,23.4
2026-08-09T00:00:00+05:30,Mumbai,so2,23.4
2026-08-10T00:00:00+05:30,Mumbai,so2,23.4
2026-08-11T00:00:00+05:30,Mumbai,so2,23.4
2026-08-12T00:00:00+05:30,Mumbai,so2,23.4
2026-08-13T00:00:00+05:30,Mumbai,so2,23.4
2026-08-14T00:00:00+05:30,Mumbai,so2,23.4
2026-08-15T00:00:00+05:30,Mumbai,so2,23.4
2026-08-16T00:00:00+05:30,Mumbai,so2,23.4
2026-08-17T00:00:00+05:30,Mumbai,so2,23.4
2026-08-18T00:00:00+05:30,Mumbai,so2,23.4
2026-08-19T00:00:00+05:30,Mumbai,so2,23.4
2026-08-20T00:00:00+05:30,Mumbai,so2,23.4
2026-08-21T00:00:00+05:30,Mumbai,so2,23.4
2026-08-22T00:00:00+05:30,Mumbai,so2,23.4
2026-08-23T00:00:00+05:30,Mumbai,so2,23.4
2026-08-24T00:00:00+05:30,Mumbai,so2,23.4
2026-08-25T00:00:00+05:30,Mumbai,so2,23.4
2026-08-26T00:00:00+05:30,Mumbai,so2,23.4
2026-08-27T00:00:00+05:30,Mumbai,so2,23.4
2026-08-28T00:00:00+05:30,Mumbai,so2,23.4
2026-08-29T00:00:00+05:30,Mumbai,so2,23.4
2026-08-30T00:00:00+05:30,Mumbai,so2,23.4
2026-08-31T00:00:00+05:30,Mumbai,so2,23.4
2026-09-01T00:00:00+05:30,Mumbai,so2,23.4
2026-09-02T00:00:00+05:30,Mumbai,so2,23.4
2026-09-03T00:00:00+05:30,Mumbai,so2,23.4
2026-09-04T00:00:00+05:30,Mumbai,so2,23.4
2026-09-05T00:00:00+05:30,Mumbai,so2,23.4
2026-09-06T00:00:00+05:30,Mumbai,so2,23.4
2026-09-07T00:00:00+05:30,Mumbai,so2,23.4
2025-02-19T00:00:00+05:30,Mumbai,co,0.267
2025-02-20T00:00:00+05:30,Mumbai,co,0.194
2025-02-21T00:00:00+05:30,Mumbai,co,0.199
2025-02-22T00:00:00+05:30,Mumbai,co,0.202
2025-02-24T00:00:00+05:30,Mumbai,co,0.185
2025-02-25T00:00:00+05:30,Mumbai,co,0.264
2025-02-26T00:00:00+05:30,Mumbai,co,0.296
2025-02-27T00:00:00+05:30,Mumbai,co,0.341
2025-02-28T00:00:00+05:30,Mumbai,co,0.302
2025-03-01T00:00:00+05:30,Mumbai,co,0.193
2025-03-02T00:00:00+05:30,Mumbai,co,0.176
2025-03-03T00:00:00+05:30,Mumbai,co,0.168
2025-03-04T00:00:00+05:30,Mumbai,co,0.163
2025-03-05T00:00:00+05:30,Mumbai,co,0.155
2025-03-06T00:00:00+05:30,Mumbai,co,0.203
2025-03-07T00:00:00+05:30,Mumbai,co,0.357
2025-03-08T00:00:00+05:30,Mumbai,co,0.355
2025-03-09T00:00:00+05:30,Mumbai,co,0.209
2025-03-10T00:00:00+05:30,Mumbai,co,0.337
2025-03-11T00:00:00+05:30,Mumbai,co,0.47
2025-03-12T00:00:00+05:30,Mumbai,co,0.383
2025-03-13T00:00:00+05:30,Mumbai,co,0.227
2025-03-14T00:00:00+05:30,Mumbai,co,0.234
2025-03-15T00:00:00+05:30,Mumbai,co,0.141
2025-03-16T00:00:00+05:30,Mumbai,co,0.14
2025-03-17T00:00:00+05:30,Mumbai,co,0.141
2025-03-18T00:00:00+05:30,Mumbai,co,0.102
2025-03-19T00:00:00+05:30,Mumbai,co,0.108
2025-03-20T00:00:00+05:30,Mumbai,co,0.226
2025-03-21T00:00:00+05:30,Mumbai,co,0.0904
2025-03-22T00:00:00+05:30,Mumbai,co,0.0967
2025-03-23T00:00:00+05:30,Mumbai,co,0.148
2025-03-24T00:00:00+05:30,Mumbai,co,0.159
2025-03-25T00:00:00+05:30,Mumbai,co,0.195
2025-03-26T00:00:00+05:30,Mumbai,co,0.0915
2025-03-27T00:00:00+05:30,Mumbai,co,0.0657
2025-03-28T00:00:00+05:30,Mumbai,co,0.0961
2025-03-29T00:00:00+05:30,Mumbai,co,0.213
2025-03-30T00:00:00+05:30,Mumbai,co,0.221
2025-04-01T00:00:00+05:30,Mumbai,co,0.178
2025-04-02T00:00:00+05:30,Mumbai,co,0.227
2025-04-03T00:00:00+05:30,Mumbai,co,0.138
2025-04-04T00:00:00+05:30,Mumbai,co,0.118
2025-04-05T00:00:00+05:30,Mumbai,co,0.207
2025-04-06T00:00:00+05:30,Mumbai,co,0.186
2025-04-07T00:00:00+05:30,Mumbai,co,0.188
2025-04-08T00:00:00+05:30,Mumbai,co,0.184
2025-04-11T00:00:00+05:30,Mumbai,co,0.113
2025-04-12T00:00:00+05:30,Mumbai,co,0.0906
2025-04-13T00:00:00+05:30,Mumbai,co,0.0918
2025-04-15T00:00:00+05:30,Mumbai,co,0.0991
2025-04-16T00:00:00+05:30,Mumbai,co,0.0654
2025-04-17T00:00:00+05:30,Mumbai,co,0.0657
2025-04-18T00:00:00+05:30,Mumbai,co,0.0655
2025-04-19T00:00:00+05:30,Mumbai,co,0.0678
2025-04-20T00:00:00+05:30,Mumbai,co,0.0713
2025-04-21T00:00:00+05:30,Mumbai,co,0.0721
2025-04-22T00:00:00+05:30,Mumbai,co,0.102
2025-04-23T00:00:00+05:30,Mumbai,co,0.0918
2025-04-24T00:00:00+05:30,Mumbai,co,0.0817
2025-04-25T00:00:00+05:30,Mumbai,co,0.0667
2025-04-26T00:00:00+05:30,Mumbai,co,0.0848
2025-04-27T00:00:00+05:30,Mumbai,co,0.0815
2025-04-28T00:00:00+05:30,Mumbai,co,0.0879
2025-04-29T00:00:00+05:30,Mumbai,co,0.102
2025-04-30T00:00:00+05:30,Mumbai,co,0.0962
2025-05-01T00:00:00+05:30,Mumbai,co,0.0663
2025-05-05T00:00:00+05:30,Mumbai,co,0.0715
2025-05-06T00:00:00+05:30,Mumbai,co,0.0595
2025-05-07T00:00:00+05:30,Mumbai,co,0.0949
2025-05-08T00:00:00+05:30,Mumbai,co,0.0916
2025-05-09T00:00:00+05:30,Mumbai,co,0.0874
2025-05-10T00:00:00+05:30,Mumbai,co,0.0778
2025-05-11T00:00:00+05:30,Mumbai,co,0.0645
2025-05-12T00:00:00+05:30,Mumbai,co,0.0583
2025-05-13T00:00:00+05:30,Mumbai,co,0.0731
2025-05-14T00:00:00+05:30,Mumbai,co,0.146
2025-05-15T00:00:00+05:30,Mumbai,co,0.165
2025-05-16T00:00:00+05:30,Mumbai,co,0.0607
2025-05-17T00:00:00+05:30,Mumbai,co,0.0482
2025-05-18T00:00:00+05:30,Mumbai,co,0.041
2025-05-19T00:00:00+05:30,Mumbai,co,0.0413
2025-05-20T00:00:00+05:30,Mumbai,co,0.0763
2025-05-21T00:00:00+05:30,Mumbai,co,0.103
2025-05-22T00:00:00+05:30,Mumbai,co,0.0819
2025-05-23T00:00:00+05:30,Mumbai,co,0.17
2025-05-24T00:00:00+05:30,Mumbai,co,0.161
2025-05-25T00:00:00+05:30,Mumbai,co,0.128
2025-05-26T00:00:00+05:30,Mumbai,co,0.214
2025-05-27T00:00:00+05:30,Mumbai,co,0.105
2025-05-28T00:00:00+05:30,Mumbai,co,0.111
2025-05-29T00:00:00+05:30,Mumbai,co,0.0989
2025-05-30T00:00:00+05:30,Mumbai,co,0.0894
2025-06-01T00:00:00+05:30,Mumbai,co,0.0993
2025-06-02T00:00:00+05:30,Mumbai,co,0.0742
2025-06-03T00:00:00+05:30,Mumbai,co,0.0861
2025-06-04T00:00:00+05:30,Mumbai,co,0.106
2025-06-05T00:00:00+05:30,Mumbai,co,0.182
2025-06-06T00:00:00+05:30,Mumbai,co,0.194
2025-06-07T00:00:00+05:30,Mumbai,co,0.128
2025-06-09T00:00:00+05:30,Mumbai,co,0.112
2025-06-10T00:00:00+05:30,Mumbai,co,0.0571
2025-06-11T00:00:00+05:30,Mumbai,co,0.0659
2025-06-12T00:00:00+05:30,Mumbai,co,0.0618
2025-06-13T00:00:00+05:30,Mumbai,co,0.108
2025-06-14T00:00:00+05:30,Mumbai,co,0.108
2025-06-15T00:00:00+05:30,Mumbai,co,0.175
2025-06-16T00:00:00+05:30,Mumbai,co,0.127
2025-06-17T00:00:00+05:30,Mumbai,co,0.0694
2025-06-18T00:00:00+05:30,Mumbai,co,0.0951
2025-06-19T00:00:00+05:30,Mumbai,co,0.0866
2025-06-20T00:00:00+05:30,Mumbai,co,0.103
2025-06-21T00:00:00+05:30,Mumbai,co,0.0932
2025-06-22T00:00:00+05:30,Mumbai,co,0.0964
2025-06-23T00:00:00+05:30,Mumbai,co,0.0831
2025-06-24T00:00:00+05:30,Mumbai,co,0.083
2025-06-25T00:00:00+05:30,Mumbai,co,0.0831
2025-06-26T00:00:00+05:30,Mumbai,co,0.104
2025-06-27T00:00:00+05:30,Mumbai,co,0.0572
2025-06-28T00:00:00+05:30,Mumbai,co,0.0813
2025-06-29T00:00:00+05:30,Mumbai,co,0.0732
2025-06-30T00:00:00+05:30,Mumbai,co,0.0827
2025-07-01T00:00:00+05:30,Mumbai,co,0.0869
2025-07-02T00:00:00+05:30,Mumbai,co,0.0699
2025-07-03T00:00:00+05:30,Mumbai,co,0.112
2025-07-04T00:00:00+05:30,Mumbai,co,0.0994
2025-07-05T00:00:00+05:30,Mumbai,co,0.0882
2025-07-06T00:00:00+05:30,Mumbai,co,0.0767
2025-07-07T00:00:00+05:30,Mumbai,co,0.078
2025-07-08T00:00:00+05:30,Mumbai,co,0.0927
2025-07-09T00:00:00+05:30,Mumbai,co,0.0905
2025-07-10T00:00:00+05:30,Mumbai,co,0.0814
2025-07-11T00:00:00+05:30,Mumbai,co,0.0818
2025-07-12T00:00:00+05:30,Mumbai,co,0.0722
2025-07-13T00:00:00+05:30,Mumbai,co,0.08
2025-07-14T00:00:00+05:30,Mumbai,co,0.0775
2025-07-15T00:00:00+05:30,Mumbai,co,0.102
2025-07-16T00:00:00+05:30,Mumbai,co,0.0855
2025-07-17T00:00:00+05:30,Mumbai,co,0.0741
2025-07-18T00:00:00+05:30,Mumbai,co,0.076
2025-07-19T00:00:00+05:30,Mumbai,co,0.0824
2025-07-20T00:00:00+05:30,Mumbai,co,0.0998
2025-07-21T00:00:00+05:30,Mumbai,co,0.164
2025-07-22T00:00:00+05:30,Mumbai,co,0.132
2025-07-23T00:00:00+05:30,Mumbai,co,0.133
2025-07-24T00:00:00+05:30,Mumbai,co,0.0908
2025-07-25T00:00:00+05:30,Mumbai,co,0.0744
2025-07-26T00:00:00+05:30,Mumbai,co,0.0522
2025-07-27T00:00:00+05:30,Mumbai,co,0.0414
2025-07-28T00:00:00+05:30,Mumbai,co,0.331
2025-07-29T00:00:00+05:30,Mumbai,co,0.0812
2025-07-30T00:00:00+05:30,Mumbai,co,0.0638
2025-08-01T00:00:00+05:30,Mumbai,co,0.0606
2025-08-02T00:00:00+05:30,Mumbai,co,0.0651
2025-08-03T00:00:00+05:30,Mumbai,co,0.0687
2025-08-04T00:00:00+05:30,Mumbai,co,0.0533
2025-08-05T00:00:00+05:30,Mumbai,co,0.0505
2025-08-06T00:00:00+05:30,Mumbai,co,0.0733
2025-08-07T00:00:00+05:30,Mumbai,co,0.0765
2025-08-08T00:00:00+05:30,Mumbai,co,0.123
2025-08-09T00:00:00+05:30,Mumbai,co,0.102
2025-08-10T00:00:00+05:30,Mumbai,co,0.0865
2025-08-11T00:00:00+05:30,Mumbai,co,0.0994
2025-08-12T00:00:00+05:30,Mumbai,co,0.0792
2025-08-13T00:00:00+05:30,Mumbai,co,0.0864
2025-08-14T00:00:00+05:30,Mumbai,co,0.115
2025-08-15T00:00:00+05:30,Mumbai,co,0.103
2025-08-16T00:00:00+05:30,Mumbai,co,0.0909
2025-08-17T00:00:00+05:30,Mumbai,co,0.121
2025-08-18T00:00:00+05:30,Mumbai,co,0.0923
2025-08-19T00:00:00+05:30,Mumbai,co,0.0681
2025-08-20T00:00:00+05:30,Mumbai,co,0.104
2025-08-21T00:00:00+05:30,Mumbai,co,0.0829
2025-08-22T00:00:00+05:30,Mumbai,co,0.0867
2025-08-23T00:00:00+05:30,Mumbai,co,0.0732
2025-08-24T00:00:00+05:30,Mumbai,co,0.056
2025-08-25T00:00:00+05:30,Mumbai,co,0.0707
2025-08-26T00:00:00+05:30,Mumbai,co,0.0861
2025-08-27T00:00:00+05:30,Mumbai,co,0.0576
2025-08-28T00:00:00+05:30,Mumbai,co,0.0624
2025-08-29T00:00:00+05:30,Mumbai,co,0.128
2025-08-30T00:00:00+05:30,Mumbai,co,0.0799
2025-08-31T00:00:00+05:30,Mumbai,co,0.0703
2025-09-01T00:00:00+05:30,Mumbai,co,0.054
2025-09-02T00:00:00+05:30,Mumbai,co,0.0463
2025-09-03T00:00:00+05:30,Mumbai,co,0.045
2025-09-04T00:00:00+05:30,Mumbai,co,0.0999
2025-09-05T00:00:00+05:30,Mumbai,co,0.0682
2025-09-06T00:00:00+05:30,Mumbai,co,0.103
2025-09-07T00:00:00+05:30,Mumbai,co,0.0987
2025-09-08T00:00:00+05:30,Mumbai,co,0.133
2025-09-09T00:00:00+05:30,Mumbai,co,0.112
2025-09-10T00:00:00+05:30,Mumbai,co,0.109
2025-09-11T00:00:00+05:30,Mumbai,co,0.115
2025-09-12T00:00:00+05:30,Mumbai,co,0.124
2025-09-13T00:00:00+05:30,Mumbai,co,0.219
2025-09-14T00:00:00+05:30,Mumbai,co,0.134
2025-09-15T00:00:00+05:30,Mumbai,co,0.154
2025-09-16T00:00:00+05:30,Mumbai,co,0.196
2025-09-17T00:00:00+05:30,Mumbai,co,0.125
2025-09-18T00:00:00+05:30,Mumbai,co,0.131
2025-09-19T00:00:00+05:30,Mumbai,co,0.133
2025-09-22T00:00:00+05:30,Mumbai,co,0.143
2025-09-23T00:00:00+05:30,Mumbai,co,0.141
2025-09-24T00:00:00+05:30,Mumbai,co,0.163
2025-09-25T00:00:00+05:30,Mumbai,co,0.202
2025-09-26T00:00:00+05:30,Mumbai,co,0.209
2025-09-27T00:00:00+05:30,Mumbai,co,0.217
2025-09-28T00:00:00+05:30,Mumbai,co,0.105
2025-09-29T00:00:00+05:30,Mumbai,co,0.118
2025-10-01T00:00:00+05:30,Mumbai,co,0.144
2025-10-02T00:00:00+05:30,Mumbai,co,0.139
2025-10-03T00:00:00+05:30,Mumbai,co,0.155
2025-10-04T00:00:00+05:30,Mumbai,co,0.136
2025-10-05T00:00:00+05:30,Mumbai,co,0.17
2025-10-06T00:00:00+05:30,Mumbai,co,0.193
2025-10-07T00:00:00+05:30,Mumbai,co,0.17
2025-10-08T00:00:00+05:30,Mumbai,co,0.163
2025-10-09T00:00:00+05:30,Mumbai,co,0.224
2025-10-10T00:00:00+05:30,Mumbai,co,0.321
2025-10-11T00:00:00+05:30,Mumbai,co,0.244
2025-10-13T00:00:00+05:30,Mumbai,co,0.225
2025-10-15T00:00:00+05:30,Mumbai,co,0.404
2025-10-16T00:00:00+05:30,Mumbai,co,0.566
2025-10-17T00:00:00+05:30,Mumbai,co,0.437
2025-10-18T00:00:00+05:30,Mumbai,co,0.255
2025-10-19T00:00:00+05:30,Mumbai,co,0.198
2025-10-20T00:00:00+05:30,Mumbai,co,0.247
2025-10-21T00:00:00+05:30,Mumbai,co,0.164
2025-10-22T00:00:00+05:30,Mumbai,co,0.147
2025-10-23T00:00:00+05:30,Mumbai,co,0.129
2025-10-24T00:00:00+05:30,Mumbai,co,0.107
2025-10-25T00:00:00+05:30,Mumbai,co,0.103
2025-10-26T00:00:00+05:30,Mumbai,co,0.153
2025-10-27T00:00:00+05:30,Mumbai,co,0.11
2025-10-28T00:00:00+05:30,Mumbai,co,0.0956
2025-10-29T00:00:00+05:30,Mumbai,co,0.1
2025-10-30T00:00:00+05:30,Mumbai,co,0.113
2025-10-31T00:00:00+05:30,Mumbai,co,0.183
2025-11-01T00:00:00+05:30,Mumbai,co,0.162
2025-11-02T00:00:00+05:30,Mumbai,co,0.149
2025-11-03T00:00:00+05:30,Mumbai,co,0.18
2025-11-04T00:00:00+05:30,Mumbai,co,0.151
2025-11-05T00:00:00+05:30,Mumbai,co,0.123
2025-11-06T00:00:00+05:30,Mumbai,co,0.185
2025-11-07T00:00:00+05:30,Mumbai,co,0.21
2025-11-08T00:00:00+05:30,Mumbai,co,0.208
2025-11-09T00:00:00+05:30,Mumbai,co,0.23
2025-11-10T00:00:00+05:30,Mumbai,co,0.286
2025-11-11T00:00:00+05:30,Mumbai,co,0.299
2025-11-12T00:00:00+05:30,Mumbai,co,0.292
2025-11-13T00:00:00+05:30,Mumbai,co,0.318
2025-11-14T00:00:00+05:30,Mumbai,co,0.303
2025-11-15T00:00:00+05:30,Mumbai,co,0.337
2025-11-16T00:00:00+05:30,Mumbai,co,0.325
2025-11-17T00:00:00+05:30,Mumbai,co,0.284
2025-11-18T00:00:00+05:30,Mumbai,co,0.273
2025-11-19T00:00:00+05:30,Mumbai,co,0.314
2025-11-20T00:00:00+05:30,Mumbai,co,0.332
2025-11-21T00:00:00+05:30,Mumbai,co,0.346
2025-11-22T00:00:00+05:30,Mumbai,co,0.406
2025-11-23T00:00:00+05:30,Mumbai,co,0.443
2025-11-24T00:00:00+05:30,Mumbai,co,0.419
2025-11-25T00:00:00+05:30,Mumbai,co,0.494
2025-11-26T00:00:00+05:30,Mumbai,co,0.426
2025-11-27T00:00:00+05:30,Mumbai,co,0.458
2025-11-28T00:00:00+05:30,Mumbai,co,0.493
2025-11-29T00:00:00+05:30,Mumbai,co,0.417
2025-12-01T00:00:00+05:30,Mumbai,co,0.408
2025-12-02T00:00:00+05:30,Mumbai,co,0.466
2025-12-03T00:00:00+05:30,Mumbai,co,0.524
2025-12-04T00:00:00+05:30,Mumbai,co,0.435
2025-12-05T00:00:00+05:30,Mumbai,co,0.418
2025-12-06T00:00:00+05:30,Mumbai,co,0.358
2025-12-07T00:00:00+05:30,Mumbai,co,0.372
2025-12-08T00:00:00+05:30,Mumbai,co,0.4
2025-12-09T00:00:00+05:30,Mumbai,co,0.387
2025-12-10T00:00:00+05:30,Mumbai,co,0.322
2025-12-11T00:00:00+05:30,Mumbai,co,0.324
2025-12-12T00:00:00+05:30,Mumbai,co,0.287
2025-12-13T00:00:00+05:30,Mumbai,co,0.359
2025-12-14T00:00:00+05:30,Mumbai,co,0.342
2025-12-15T00:00:00+05:30,Mumbai,co,0.328
2025-12-16T00:00:00+05:30,Mumbai,co,0.264
2025-12-17T00:00:00+05:30,Mumbai,co,0.28
2025-12-18T00:00:00+05:30,Mumbai,co,0.358
2025-12-19T00:00:00+05:30,Mumbai,co,0.358
2025-12-24T00:00:00+05:30,Mumbai,co,0.325
2025-12-25T00:00:00+05:30,Mumbai,co,0.344
2025-12-26T00:00:00+05:30,Mumbai,co,0.367
2025-12-27T00:00:00+05:30,Mumbai,co,0.375
2025-12-28T00:00:00+05:30,Mumbai,co,0.359
2025-12-29T00:00:00+05:30,Mumbai,co,0.412
2025-12-30T00:00:00+05:30,Mumbai,co,0.331
2025-12-31T00:00:00+05:30,Mumbai,co,0.352
2026-01-01T00:00:00+05:30,Mumbai,co,0.28
2026-01-02T00:00:00+05:30,Mumbai,co,0.335
2026-01-03T00:00:00+05:30,Mumbai,co,0.363
2026-01-04T00:00:00+05:30,Mumbai,co,0.453
2026-01-05T00:00:00+05:30,Mumbai,co,0.373
2026-01-06T00:00:00+05:30,Mumbai,co,0.406
2026-01-07T00:00:00+05:30,Mumbai,co,0.346
2026-01-08T00:00:00+05:30,Mumbai,co,0.349
2026-01-09T00:00:00+05:30,Mumbai,co,0.353
2026-01-10T00:00:00+05:30,Mumbai,co,0.314
2026-01-20T00:00:00+05:30,Mumbai,co,0.434
2026-01-21T00:00:00+05:30,Mumbai,co,0.421
2026-01-22T00:00:00+05:30,Mumbai,co,0.399
2026-01-23T00:00:00+05:30,Mumbai,co,0.256
2026-01-24T00:00:00+05:30,Mumbai,co,0.27
2026-01-25T00:00:00+05:30,Mumbai,co,0.318
2026-01-26T00:00:00+05:30,Mumbai,co,0.383
2026-01-27T00:00:00+05:30,Mumbai,co,0.229
2026-01-28T00:00:00+05:30,Mumbai,co,0.198
2026-01-29T00:00:00+05:30,Mumbai,co,0.329
2026-01-30T00:00:00+05:30,Mumbai,co,0.393
2026-02-02T00:00:00+05:30,Mumbai,co,0.358
2026-02-03T00:00:00+05:30,Mumbai,co,0.483
2026-02-04T00:00:00+05:30,Mumbai,co,0.325
2026-02-05T00:00:00+05:30,Mumbai,co,0.362
2026-02-06T00:00:00+05:30,Mumbai,co,0.329
2026-02-07T00:00:00+05:30,Mumbai,co,0.354
2026-02-08T00:00:00+05:30,Mumbai,co,0.368
2026-02-09T00:00:00+05:30,Mumbai,co,0.385
2026-02-10T00:00:00+05:30,Mumbai,co,0.294
2026-02-11T00:00:00+05:30,Mumbai,co,0.378
2026-02-12T00:00:00+05:30,Mumbai,co,0.403
2026-02-13T00:00:00+05:30,Mumbai,co,0.35
2026-02-14T00:00:00+05:30,Mumbai,co,0.428
2026-02-15T00:00:00+05:30,Mumbai,co,0.549
2026-02-16T00:00:00+05:30,Mumbai,co,0.551
2026-02-17T00:00:00+05:30,Mumbai,co,0.289
2026-02-18T00:00:00+05:30,Mumbai,co,0.232
2026-02-19T00:00:00+05:30,Mumbai,co,0.309
2026-02-20T00:00:00+05:30,Mumbai,co,0.51
2026-02-21T00:00:00+05:30,Mumbai,co,0.496
2026-02-24T00:00:00+05:30,Mumbai,co,0.467
2026-02-25T00:00:00+05:30,Mumbai,co,0.384
2026-02-26T00:00:00+05:30,Mumbai,co,0.293
2026-02-27T00:00:00+05:30,Mumbai,co,0.215
2026-02-28T00:00:00+05:30,Mumbai,co,0.257
2026-03-02T00:00:00+05:30,Mumbai,co,0.295
2026-03-03T00:00:00+05:30,Mumbai,co,0.459
2026-03-04T00:00:00+05:30,Mumbai,co,0.545
2026-03-05T00:00:00+05:30,Mumbai,co,0.417
2026-03-06T00:00:00+05:30,Mumbai,co,0.365
2026-03-08T00:00:00+05:30,Mumbai,co,0.385
2026-03-10T00:00:00+05:30,Mumbai,co,0.352
2026-03-11T00:00:00+05:30,Mumbai,co,0.35
2026-03-12T00:00:00+05:30,Mumbai,co,0.322
2026-03-13T00:00:00+05:30,Mumbai,co,0.301
2026-03-14T00:00:00+05:30,Mumbai,co,0.271
2026-03-15T00:00:00+05:30,Mumbai,co,0.182
2026-03-16T00:00:00+05:30,Mumbai,co,0.167
2026-03-17T00:00:00+05:30,Mumbai,co,0.223
2026-03-18T00:00:00+05:30,Mumbai,co,0.2
2026-03-19T00:00:00+05:30,Mumbai,co,0.186
2026-03-20T00:00:00+05:30,Mumbai,co,0.2
2026-03-21T00:00:00+05:30,Mumbai,co,0.254
2026-03-22T00:00:00+05:30,Mumbai,co,0.303
2026-03-23T00:00:00+05:30,Mumbai,co,0.424
2026-03-24T00:00:00+05:30,Mumbai,co,0.285
2026-03-25T00:00:00+05:30,Mumbai,co,0.227
2026-03-26T00:00:00+05:30,Mumbai,co,0.25
2026-03-27T00:00:00+05:30,Mumbai,co,0.302
2026-03-28T00:00:00+05:30,Mumbai,co,0.182
2026-03-29T00:00:00+05:30,Mumbai,co,0.155
2026-03-30T00:00:00+05:30,Mumbai,co,0.202
2026-04-01T00:00:00+05:30,Mumbai,co,0.182
2026-04-02T00:00:00+05:30,Mumbai,co,0.185
2026-04-03T00:00:00+05:30,Mumbai,co,0.227
2026-04-04T00:00:00+05:30,Mumbai,co,0.18
2026-04-05T00:00:00+05:30,Mumbai,co,0.19
2026-04-06T00:00:00+05:30,Mumbai,co,0.206
2026-04-07T00:00:00+05:30,Mumbai,co,0.196
2026-04-08T00:00:00+05:30,Mumbai,co,0.22
2026-04-09T00:00:00+05:30,Mumbai,co,0.234
2026-04-10T00:00:00+05:30,Mumbai,co,0.284
2026-04-11T00:00:00+05:30,Mumbai,co,0.312
2026-04-12T00:00:00+05:30,Mumbai,co,0.312
2026-04-13T00:00:00+05:30,Mumbai,co,0.276
2026-04-14T00:00:00+05:30,Mumbai,co,0.269
2026-04-16T00:00:00+05:30,Mumbai,co,0.199
2026-04-17T00:00:00+05:30,Mumbai,co,0.221
2026-04-18T00:00:00+05:30,Mumbai,co,0.21
2026-04-19T00:00:00+05:30,Mumbai,co,0.226
2026-04-20T00:00:00+05:30,Mumbai,co,0.251
2026-04-21T00:00:00+05:30,Mumbai,co,0.408
2026-04-22T00:00:00+05:30,Mumbai,co,0.375
2026-04-23T00:00:00+05:30,Mumbai,co,0.311
2026-04-24T00:00:00+05:30,Mumbai,co,0.303
2026-04-25T00:00:00+05:30,Mumbai,co,0.318
2026-04-26T00:00:00+05:30,Mumbai,co,0.281
2026-04-27T00:00:00+05:30,Mumbai,co,0.248
2026-04-28T00:00:00+05:30,Mumbai,co,0.25
2026-04-29T00:00:00+05:30,Mumbai,co,0.245
2026-04-30T00:00:00+05:30,Mumbai,co,0.256
2026-05-01T00:00:00+05:30,Mumbai,co,0.24
2026-05-02T00:00:00+05:30,Mumbai,co,0.244
2026-05-03T00:00:00+05:30,Mumbai,co,0.259
2026-05-04T00:00:00+05:30,Mumbai,co,0.258
2026-05-05T00:00:00+05:30,Mumbai,co,0.259
2026-05-06T00:00:00+05:30,Mumbai,co,0.252
2026-05-07T00:00:00+05:30,Mumbai,co,0.262
2026-05-08T00:00:00+05:30,Mumbai,co,0.256
2026-05-11T00:00:00+05:30,Mumbai,co,0.279
2026-05-12T00:00:00+05:30,Mumbai,co,0.292
2026-05-13T00:00:00+05:30,Mumbai,co,0.282
2026-05-14T00:00:00+05:30,Mumbai,co,0.273
2026-05-15T00:00:00+05:30,Mumbai,co,0.27
2026-05-16T00:00:00+05:30,Mumbai,co,0.261
2026-05-17T00:00:00+05:30,Mumbai,co,0.284
2026-05-18T00:00:00+05:30,Mumbai,co,0.293
2026-05-19T00:00:00+05:30,Mumbai,co,0.291
2026-05-20T00:00:00+05:30,Mumbai,co,0.281
2026-05-21T00:00:00+05:30,Mumbai,co,0.281
2026-05-22T00:00:00+05:30,Mumbai,co,0.279
2026-05-23T00:00:00+05:30,Mumbai,co,0.283
2026-05-24T00:00:00+05:30,Mumbai,co,0.277
2026-05-25T00:00:00+05:30,Mumbai,co,0.269
2026-05-26T00:00:00+05:30,Mumbai,co,0.283
2026-05-27T00:00:00+05:30,Mumbai,co,0.273
2026-05-28T00:00:00+05:30,Mumbai,co,0.269
2026-05-29T00:00:00+05:30,Mumbai,co,0.279
2026-05-30T00:00:00+05:30,Mumbai,co,0.276
2026-06-01T00:00:00+05:30,Mumbai,co,0.289
2026-06-02T00:00:00+05:30,Mumbai,co,0.278
2026-06-03T00:00:00+05:30,Mumbai,co,0.305
2026-06-04T00:00:00+05:30,Mumbai,co,0.293
2026-06-09T00:00:00+05:30,Mumbai,co,0.259
2026-06-10T00:00:00+05:30,Mumbai,co,0.259
2026-06-11T00:00:00+05:30,Mumbai,co,0.272
2026-06-12T00:00:00+05:30,Mumbai,co,0.266
2026-06-13T00:00:00+05:30,Mumbai,co,0.254
2026-06-14T00:00:00+05:30,Mumbai,co,0.266
2026-06-15T00:00:00+05:30,Mumbai,co,0.257
2026-06-16T00:00:00+05:30,Mumbai,co,0.263
2026-06-17T00:00:00+05:30,Mumbai,co,0.269
2026-06-18T00:00:00+05:30,Mumbai,co,0.269
2026-06-19T00:00:00+05:30,Mumbai,co,0.277
2026-06-20T00:00:00+05:30,Mumbai,co,0.266
2026-06-21T00:00:00+05:30,Mumbai,co,0.278
2026-06-22T00:00:00+05:30,Mumbai,co,0.298
2026-06-23T00:00:00+05:30,Mumbai,co,0.313
2026-06-25T00:00:00+05:30,Mumbai,co,0.328
2026-06-26T00:00:00+05:30,Mumbai,co,0.314
2026-06-27T00:00:00+05:30,Mumbai,co,0.316
2026-06-28T00:00:00+05:30,Mumbai,co,0.294
2026-06-29T00:00:00+05:30,Mumbai,co,0.3
2026-06-30T00:00:00+05:30,Mumbai,co,0.321
2026-07-01T00:00:00+05:30,Mumbai,co,0.317
2026-07-02T00:00:00+05:30,Mumbai,co,0.338
2026-07-03T00:00:00+05:30,Mumbai,co,0.329
2026-07-04T00:00:00+05:30,Mumbai,co,0.328
2026-07-05T00:00:00+05:30,Mumbai,co,0.284
2026-07-06T00:00:00+05:30,Mumbai,co,0.28
2026-07-07T00:00:00+05:30,Mumbai,co,0.282
2026-07-08T00:00:00+05:30,Mumbai,co,0.285
2026-07-09T00:00:00+05:30,Mumbai,co,0.343
2026-07-10T00:00:00+05:30,Mumbai,co,0.308
2026-07-11T00:00:00+05:30,Mumbai,co,0.311
2026-07-12T00:00:00+05:30,Mumbai,co,0.305
2026-07-13T00:00:00+05:30,Mumbai,co,0.31
2026-07-14T00:00:00+05:30,Mumbai,co,0.305
2026-07-15T00:00:00+05:30,Mumbai,co,0.334
2026-07-16T00:00:00+05:30,Mumbai,co,0.5
2026-07-17T00:00:00+05:30,Mumbai,co,0.5
2026-07-18T00:00:00+05:30,Mumbai,co,0.5
2026-07-19T00:00:00+05:30,Mumbai,co,0.5
2026-07-20T00:00:00+05:30,Mumbai,co,0.5
2026-07-21T00:00:00+05:30,Mumbai,co,0.5
2026-07-22T00:00:00+05:30,Mumbai,co,0.5
2026-07-23T00:00:00+05:30,Mumbai,co,0.5
2026-07-24T00:00:00+05:30,Mumbai,co,0.5
2026-07-25T00:00:00+05:30,Mumbai,co,0.5
2026-07-26T00:00:00+05:30,Mumbai,co,0.5
2026-07-27T00:00:00+05:30,Mumbai,co,0.5
2026-07-28T00:00:00+05:30,Mumbai,co,0.5
2026-07-29T00:00:00+05:30,Mumbai,co,0.5
2026-08-04T00:00:00+05:30,Mumbai,co,0.5
2026-08-05T00:00:00+05:30,Mumbai,co,0.5
2026-08-06T00:00:00+05:30,Mumbai,co,0.5
2026-08-07T00:00:00+05:30,Mumbai,co,0.5
2026-08-08T00:00:00+05:30,Mumbai,co,0.5
2026-08-09T00:00:00+05:30,Mumbai,co,0.5
2026-08-10T00:00:00+05:30,Mumbai,co,0.5
2026-08-11T00:00:00+05:30,Mumbai,co,0.5
2026-08-12T00:00:00+05:30,Mumbai,co,0.5
2026-08-13T00:00:00+05:30,Mumbai,co,0.5
2026-08-14T00:00:00+05:30,Mumbai,co,0.5
2026-08-15T00:00:00+05:30,Mumbai,co,0.5
2026-08-16T00:00:00+05:30,Mumbai,co,0.5
2026-08-17T00:00:00+05:30,Mumbai,co,0.5
2026-08-18T00:00:00+05:30,Mumbai,co,0.5
2026-08-19T00:00:00+05:30,Mumbai,co,0.5
2026-08-20T00:00:00+05:30,Mumbai,co,0.5
2026-08-21T00:00:00+05:30,Mumbai,co,0.5
2026-08-22T00:00:00+05:30,Mumbai,co,0.5
2026-08-23T00:00:00+05:30,Mumbai,co,0.5
2026-08-24T00:00:00+05:30,Mumbai,co,0.5
2026-08-25T00:00:00+05:30,Mumbai,co,0.5
2026-08-26T00:00:00+05:30,Mumbai,co,0.5
2026-08-27T00:00:00+05:30,Mumbai,co,0.5
2026-08-28T00:00:00+05:30,Mumbai,co,0.5
2026-08-29T00:00:00+05:30,Mumbai,co,0.5
2026-08-30T00:00:00+05:30,Mumbai,co,0.5
2026-08-31T00:00:00+05:30,Mumbai,co,0.5
2026-09-01T00:00:00+05:30,Mumbai,co,0.5
2026-09-02T00:00:00+05:30,Mumbai,co,0.5
2026-09-03T00:00:00+05:30,Mumbai,co,0.5
2026-09-04T00:00:00+05:30,Mumbai,co,0.5
2026-09-05T00:00:00+05:30,Mumbai,co,0.5
2026-09-06T00:00:00+05:30,Mumbai,co,0.5
2026-09-07T00:00:00+05:30,Mumbai,co,0.5
2025-02-19T00:00:00+05:30,Mumbai,o3,28.5
2025-02-20T00:00:00+05:30,Mumbai,o3,28.5
2025-02-21T00:00:00+05:30,Mumbai,o3,28.5
2025-02-22T00:00:00+05:30,Mumbai,o3,28.5
2025-02-24T00:00:00+05:30,Mumbai,o3,28.5
2025-02-25T00:00:00+05:30,Mumbai,o3,28.5
2025-02-26T00:00:00+05:30,Mumbai,o3,28.5
2025-02-27T00:00:00+05:30,Mumbai,o3,28.5
2025-02-28T00:00:00+05:30,Mumbai,o3,28.4
2025-03-01T00:00:00+05:30,Mumbai,o3,28.5
2025-03-02T00:00:00+05:30,Mumbai,o3,28.5
2025-03-03T00:00:00+05:30,Mumbai,o3,28.4
2025-03-04T00:00:00+05:30,Mumbai,o3,28.4
2025-03-05T00:00:00+05:30,Mumbai,o3,28.4
2025-03-06T00:00:00+05:30,Mumbai,o3,28.4
2025-03-07T00:00:00+05:30,Mumbai,o3,28.5
2025-03-08T00:00:00+05:30,Mumbai,o3,28.4
2025-03-09T00:00:00+05:30,Mumbai,o3,28.4
2025-03-10T00:00:00+05:30,Mumbai,o3,28.4
2025-03-11T00:00:00+05:30,Mumbai,o3,28.5
2025-03-12T00:00:00+05:30,Mumbai,o3,28.5
2025-03-13T00:00:00+05:30,Mumbai,o3,28.3
2025-03-14T00:00:00+05:30,Mumbai,o3,28.4
2025-03-15T00:00:00+05:30,Mumbai,o3,28.5
2025-03-16T00:00:00+05:30,Mumbai,o3,28.4
2025-03-17T00:00:00+05:30,Mumbai,o3,28.4
2025-03-18T00:00:00+05:30,Mumbai,o3,28.4
2025-03-19T00:00:00+05:30,Mumbai,o3,28.5
2025-03-20T00:00:00+05:30,Mumbai,o3,28.2
2025-03-21T00:00:00+05:30,Mumbai,o3,28.4
2025-03-22T00:00:00+05:30,Mumbai,o3,28.4
2025-03-23T00:00:00+05:30,Mumbai,o3,28.5
2025-03-24T00:00:00+05:30,Mumbai,o3,28.5
2025-03-25T00:00:00+05:30,Mumbai,o3,28.5
2025-03-26T00:00:00+05:30,Mumbai,o3,28.4
2025-03-27T00:00:00+05:30,Mumbai,o3,28.4
2025-03-28T00:00:00+05:30,Mumbai,o3,28.4
2025-03-29T00:00:00+05:30,Mumbai,o3,28.5
2025-03-30T00:00:00+05:30,Mumbai,o3,28.4
2025-04-01T00:00:00+05:30,Mumbai,o3,28.4
2025-04-02T00:00:00+05:30,Mumbai,o3,28.4
2025-04-03T00:00:00+05:30,Mumbai,o3,28.4
2025-04-04T00:00:00+05:30,Mumbai,o3,28.5
2025-04-05T00:00:00+05:30,Mumbai,o3,28.4
2025-04-06T00:00:00+05:30,Mumbai,o3,28.3
2025-04-07T00:00:00+05:30,Mumbai,o3,28.4
2025-04-08T00:00:00+05:30,Mumbai,o3,28.4
2025-04-11T00:00:00+05:30,Mumbai,o3,28.5
2025-04-12T00:00:00+05:30,Mumbai,o3,28.4
2025-04-13T00:00:00+05:30,Mumbai,o3,28.4
2025-04-15T00:00:00+05:30,Mumbai,o3,28.4
2025-04-16T00:00:00+05:30,Mumbai,o3,28.4
2025-04-17T00:00:00+05:30,Mumbai,o3,28.4
2025-04-18T00:00:00+05:30,Mumbai,o3,28.5
2025-04-19T00:00:00+05:30,Mumbai,o3,28.5
2025-04-20T00:00:00+05:30,Mumbai,o3,28.4
2025-04-21T00:00:00+05:30,Mumbai,o3,28.4
2025-04-22T00:00:00+05:30,Mumbai,o3,28.5
2025-04-23T00:00:00+05:30,Mumbai,o3,28.4
2025-04-24T00:00:00+05:30,Mumbai,o3,28.4
2025-04-25T00:00:00+05:30,Mumbai,o3,28.3
2025-04-26T00:00:00+05:30,Mumbai,o3,28.4
2025-04-27T00:00:00+05:30,Mumbai,o3,28.4
2025-04-28T00:00:00+05:30,Mumbai,o3,28.3
2025-04-29T00:00:00+05:30,Mumbai,o3,28.3
2025-04-30T00:00:00+05:30,Mumbai,o3,28.4
2025-05-01T00:00:00+05:30,Mumbai,o3,29.0
2025-05-05T00:00:00+05:30,Mumbai,o3,28.4
2025-05-06T00:00:00+05:30,Mumbai,o3,28.4
2025-05-07T00:00:00+05:30,Mumbai,o3,28.4
2025-05-08T00:00:00+05:30,Mumbai,o3,28.4
2025-05-09T00:00:00+05:30,Mumbai,o3,28.4
2025-05-10T00:00:00+05:30,Mumbai,o3,28.4
2025-05-11T00:00:00+05:30,Mumbai,o3,28.4
2025-05-12T00:00:00+05:30,Mumbai,o3,28.5
2025-05-13T00:00:00+05:30,Mumbai,o3,28.4
2025-05-14T00:00:00+05:30,Mumbai,o3,28.4
2025-05-15T00:00:00+05:30,Mumbai,o3,28.5
2025-05-16T00:00:00+05:30,Mumbai,o3,28.4
2025-05-17T00:00:00+05:30,Mumbai,o3,28.4
2025-05-18T00:00:00+05:30,Mumbai,o3,28.4
2025-05-19T00:00:00+05:30,Mumbai,o3,28.4
2025-05-20T00:00:00+05:30,Mumbai,o3,28.4
2025-05-21T00:00:00+05:30,Mumbai,o3,28.5
2025-05-22T00:00:00+05:30,Mumbai,o3,28.4
2025-05-23T00:00:00+05:30,Mumbai,o3,28.4
2025-05-24T00:00:00+05:30,Mumbai,o3,28.5
2025-05-25T00:00:00+05:30,Mumbai,o3,28.4
2025-05-26T00:00:00+05:30,Mumbai,o3,28.4
2025-05-27T00:00:00+05:30,Mumbai,o3,28.4
2025-05-28T00:00:00+05:30,Mumbai,o3,28.4
2025-05-29T00:00:00+05:30,Mumbai,o3,28.4
2025-05-30T00:00:00+05:30,Mumbai,o3,28.3
2025-06-01T00:00:00+05:30,Mumbai,o3,28.4
2025-06-02T00:00:00+05:30,Mumbai,o3,28.3
2025-06-03T00:00:00+05:30,Mumbai,o3,28.3
2025-06-04T00:00:00+05:30,Mumbai,o3,28.4
2025-06-05T00:00:00+05:30,Mumbai,o3,28.4
2025-06-06T00:00:00+05:30,Mumbai,o3,28.4
2025-06-07T00:00:00+05:30,Mumbai,o3,28.4
2025-06-09T00:00:00+05:30,Mumbai,o3,28.3
2025-06-10T00:00:00+05:30,Mumbai,o3,28.5
2025-06-11T00:00:00+05:30,Mumbai,o3,28.4
2025-06-12T00:00:00+05:30,Mumbai,o3,28.4
2025-06-13T00:00:00+05:30,Mumbai,o3,28.3
2025-06-14T00:00:00+05:30,Mumbai,o3,28.3
2025-06-15T00:00:00+05:30,Mumbai,o3,28.3
2025-06-16T00:00:00+05:30,Mumbai,o3,28.4
2025-06-17T00:00:00+05:30,Mumbai,o3,28.3
2025-06-18T00:00:00+05:30,Mumbai,o3,28.4
2025-06-19T00:00:00+05:30,Mumbai,o3,28.4
2025-06-20T00:00:00+05:30,Mumbai,o3,28.3
2025-06-21T00:00:00+05:30,Mumbai,o3,28.4
2025-06-22T00:00:00+05:30,Mumbai,o3,28.4
2025-06-23T00:00:00+05:30,Mumbai,o3,28.4
2025-06-24T00:00:00+05:30,Mumbai,o3,28.4
2025-06-25T00:00:00+05:30,Mumbai,o3,28.4
2025-06-26T00:00:00+05:30,Mumbai,o3,28.4
2025-06-27T00:00:00+05:30,Mumbai,o3,28.4
2025-06-28T00:00:00+05:30,Mumbai,o3,28.4
2025-06-29T00:00:00+05:30,Mumbai,o3,28.3
2025-06-30T00:00:00+05:30,Mumbai,o3,28.4
2025-07-01T00:00:00+05:30,Mumbai,o3,28.4
2025-07-02T00:00:00+05:30,Mumbai,o3,28.3
2025-07-03T00:00:00+05:30,Mumbai,o3,28.4
2025-07-04T00:00:00+05:30,Mumbai,o3,28.4
2025-07-05T00:00:00+05:30,Mumbai,o3,28.3
2025-07-06T00:00:00+05:30,Mumbai,o3,28.4
2025-07-07T00:00:00+05:30,Mumbai,o3,28.4
2025-07-08T00:00:00+05:30,Mumbai,o3,28.4
2025-07-09T00:00:00+05:30,Mumbai,o3,28.3
2025-07-10T00:00:00+05:30,Mumbai,o3,28.4
2025-07-11T00:00:00+05:30,Mumbai,o3,28.4
2025-07-12T00:00:00+05:30,Mumbai,o3,28.4
2025-07-13T00:00:00+05:30,Mumbai,o3,28.4
2025-07-14T00:00:00+05:30,Mumbai,o3,28.3
2025-07-15T00:00:00+05:30,Mumbai,o3,28.3
2025-07-16T00:00:00+05:30,Mumbai,o3,28.4
2025-07-17T00:00:00+05:30,Mumbai,o3,28.3
2025-07-18T00:00:00+05:30,Mumbai,o3,28.3
2025-07-19T00:00:00+05:30,Mumbai,o3,28.4
2025-07-20T00:00:00+05:30,Mumbai,o3,28.4
2025-07-21T00:00:00+05:30,Mumbai,o3,28.3
2025-07-22T00:00:00+05:30,Mumbai,o3,28.4
2025-07-23T00:00:00+05:30,Mumbai,o3,28.4
2025-07-24T00:00:00+05:30,Mumbai,o3,28.4
2025-07-25T00:00:00+05:30,Mumbai,o3,28.3
2025-07-26T00:00:00+05:30,Mumbai,o3,28.4
2025-07-27T00:00:00+05:30,Mumbai,o3,28.2
2025-07-28T00:00:00+05:30,Mumbai,o3,28.4
2025-07-29T00:00:00+05:30,Mumbai,o3,28.4
2025-07-30T00:00:00+05:30,Mumbai,o3,28.4
2025-08-01T00:00:00+05:30,Mumbai,o3,28.4
2025-08-02T00:00:00+05:30,Mumbai,o3,28.4
2025-08-03T00:00:00+05:30,Mumbai,o3,28.4
2025-08-04T00:00:00+05:30,Mumbai,o3,28.4
2025-08-05T00:00:00+05:30,Mumbai,o3,28.4
2025-08-06T00:00:00+05:30,Mumbai,o3,28.4
2025-08-07T00:00:00+05:30,Mumbai,o3,28.4
2025-08-08T00:00:00+05:30,Mumbai,o3,28.4
2025-08-09T00:00:00+05:30,Mumbai,o3,28.3
2025-08-10T00:00:00+05:30,Mumbai,o3,28.3
2025-08-11T00:00:00+05:30,Mumbai,o3,28.6
2025-08-12T00:00:00+05:30,Mumbai,o3,28.4
2025-08-13T00:00:00+05:30,Mumbai,o3,28.4
2025-08-14T00:00:00+05:30,Mumbai,o3,28.4
2025-08-15T00:00:00+05:30,Mumbai,o3,28.3
2025-08-16T00:00:00+05:30,Mumbai,o3,29.2
2025-08-17T00:00:00+05:30,Mumbai,o3,28.5
2025-08-18T00:00:00+05:30,Mumbai,o3,28.2
2025-08-19T00:00:00+05:30,Mumbai,o3,28.3
2025-08-20T00:00:00+05:30,Mumbai,o3,28.4
2025-08-21T00:00:00+05:30,Mumbai,o3,28.3
2025-08-22T00:00:00+05:30,Mumbai,o3,28.3
2025-08-23T00:00:00+05:30,Mumbai,o3,28.4
2025-08-24T00:00:00+05:30,Mumbai,o3,28.4
2025-08-25T00:00:00+05:30,Mumbai,o3,28.4
2025-08-26T00:00:00+05:30,Mumbai,o3,28.1
2025-08-27T00:00:00+05:30,Mumbai,o3,28.3
2025-08-28T00:00:00+05:30,Mumbai,o3,28.2
2025-08-29T00:00:00+05:30,Mumbai,o3,28.4
2025-08-30T00:00:00+05:30,Mumbai,o3,28.6
2025-08-31T00:00:00+05:30,Mumbai,o3,28.4
2025-09-01T00:00:00+05:30,Mumbai,o3,28.4
2025-09-02T00:00:00+05:30,Mumbai,o3,28.5
2025-09-03T00:00:00+05:30,Mumbai,o3,28.5
2025-09-04T00:00:00+05:30,Mumbai,o3,28.3
2025-09-05T00:00:00+05:30,Mumbai,o3,28.2
2025-09-06T00:00:00+05:30,Mumbai,o3,27.8
2025-09-07T00:00:00+05:30,Mumbai,o3,28.3
2025-09-08T00:00:00+05:30,Mumbai,o3,28.7
2025-09-09T00:00:00+05:30,Mumbai,o3,28.4
2025-09-10T00:00:00+05:30,Mumbai,o3,28.4
2025-09-11T00:00:00+05:30,Mumbai,o3,28.2
2025-09-12T00:00:00+05:30,Mumbai,o3,28.1
2025-09-13T00:00:00+05:30,Mumbai,o3,28.3
2025-09-14T00:00:00+05:30,Mumbai,o3,28.3
2025-09-15T00:00:00+05:30,Mumbai,o3,28.1
2025-09-16T00:00:00+05:30,Mumbai,o3,28.3
2025-09-17T00:00:00+05:30,Mumbai,o3,28.4
2025-09-18T00:00:00+05:30,Mumbai,o3,28.4
2025-09-19T00:00:00+05:30,Mumbai,o3,28.5
2025-09-22T00:00:00+05:30,Mumbai,o3,28.4
2025-09-23T00:00:00+05:30,Mumbai,o3,28.4
2025-09-24T00:00:00+05:30,Mumbai,o3,28.3
2025-09-25T00:00:00+05:30,Mumbai,o3,28.5
2025-09-26T00:00:00+05:30,Mumbai,o3,28.4
2025-09-27T00:00:00+05:30,Mumbai,o3,28.7
2025-09-28T00:00:00+05:30,Mumbai,o3,28.3
2025-09-29T00:00:00+05:30,Mumbai,o3,28.3
2025-10-01T00:00:00+05:30,Mumbai,o3,28.5
2025-10-02T00:00:00+05:30,Mumbai,o3,28.5
2025-10-03T00:00:00+05:30,Mumbai,o3,29.3
2025-10-04T00:00:00+05:30,Mumbai,o3,28.4
2025-10-05T00:00:00+05:30,Mumbai,o3,28.4
2025-10-06T00:00:00+05:30,Mumbai,o3,28.4
2025-10-07T00:00:00+05:30,Mumbai,o3,28.2
2025-10-08T00:00:00+05:30,Mumbai,o3,28.2
2025-10-09T00:00:00+05:30,Mumbai,o3,28.3
2025-10-10T00:00:00+05:30,Mumbai,o3,28.4
2025-10-11T00:00:00+05:30,Mumbai,o3,28.4
2025-10-13T00:00:00+05:30,Mumbai,o3,28.4
2025-10-15T00:00:00+05:30,Mumbai,o3,28.3
2025-10-16T00:00:00+05:30,Mumbai,o3,28.3
2025-10-17T00:00:00+05:30,Mumbai,o3,28.4
2025-10-18T00:00:00+05:30,Mumbai,o3,28.2
2025-10-19T00:00:00+05:30,Mumbai,o3,28.2
2025-10-20T00:00:00+05:30,Mumbai,o3,28.4
2025-10-21T00:00:00+05:30,Mumbai,o3,28.4
2025-10-22T00:00:00+05:30,Mumbai,o3,28.4
2025-10-23T00:00:00+05:30,Mumbai,o3,28.3
2025-10-24T00:00:00+05:30,Mumbai,o3,28.4
2025-10-25T00:00:00+05:30,Mumbai,o3,28.4
2025-10-26T00:00:00+05:30,Mumbai,o3,28.5
2025-10-27T00:00:00+05:30,Mumbai,o3,28.5
2025-10-28T00:00:00+05:30,Mumbai,o3,28.5
2025-10-29T00:00:00+05:30,Mumbai,o3,28.5
2025-10-30T00:00:00+05:30,Mumbai,o3,28.4
2025-10-31T00:00:00+05:30,Mumbai,o3,28.7
2025-11-01T00:00:00+05:30,Mumbai,o3,28.3
2025-11-02T00:00:00+05:30,Mumbai,o3,28.4
2025-11-03T00:00:00+05:30,Mumbai,o3,28.4
2025-11-04T00:00:00+05:30,Mumbai,o3,28.4
2025-11-05T00:00:00+05:30,Mumbai,o3,28.5
2025-11-06T00:00:00+05:30,Mumbai,o3,28.6
2025-11-07T00:00:00+05:30,Mumbai,o3,28.5
2025-11-08T00:00:00+05:30,Mumbai,o3,28.4
2025-11-09T00:00:00+05:30,Mumbai,o3,28.4
2025-11-10T00:00:00+05:30,Mumbai,o3,28.5
2025-11-11T00:00:00+05:30,Mumbai,o3,28.4
2025-11-12T00:00:00+05:30,Mumbai,o3,28.4
2025-11-13T00:00:00+05:30,Mumbai,o3,28.4
2025-11-14T00:00:00+05:30,Mumbai,o3,28.5
2025-11-15T00:00:00+05:30,Mumbai,o3,28.4
2025-11-16T00:00:00+05:30,Mumbai,o3,28.5
2025-11-17T00:00:00+05:30,Mumbai,o3,28.4
2025-11-18T00:00:00+05:30,Mumbai,o3,28.4
2025-11-19T00:00:00+05:30,Mumbai,o3,28.4
2025-11-20T00:00:00+05:30,Mumbai,o3,28.4
2025-11-21T00:00:00+05:30,Mumbai,o3,28.4
2025-11-22T00:00:00+05:30,Mumbai,o3,28.3
2025-11-23T00:00:00+05:30,Mumbai,o3,28.5
2025-11-24T00:00:00+05:30,Mumbai,o3,28.3
2025-11-25T00:00:00+05:30,Mumbai,o3,28.3
2025-11-26T00:00:00+05:30,Mumbai,o3,28.9
2025-11-27T00:00:00+05:30,Mumbai,o3,28.6
2025-11-28T00:00:00+05:30,Mumbai,o3,28.6
2025-11-29T00:00:00+05:30,Mumbai,o3,28.7
2025-12-01T00:00:00+05:30,Mumbai,o3,28.5
2025-12-02T00:00:00+05:30,Mumbai,o3,28.3
2025-12-03T00:00:00+05:30,Mumbai,o3,28.4
2025-12-04T00:00:00+05:30,Mumbai,o3,28.4
2025-12-05T00:00:00+05:30,Mumbai,o3,28.4
2025-12-06T00:00:00+05:30,Mumbai,o3,28.4
2025-12-07T00:00:00+05:30,Mumbai,o3,28.4
2025-12-08T00:00:00+05:30,Mumbai,o3,28.4
2025-12-09T00:00:00+05:30,Mumbai,o3,28.4
2025-12-10T00:00:00+05:30,Mumbai,o3,28.4
2025-12-11T00:00:00+05:30,Mumbai,o3,28.4
2025-12-12T00:00:00+05:30,Mumbai,o3,28.4
2025-12-13T00:00:00+05:30,Mumbai,o3,28.4
2025-12-14T00:00:00+05:30,Mumbai,o3,28.4
2025-12-15T00:00:00+05:30,Mumbai,o3,28.4
2025-12-16T00:00:00+05:30,Mumbai,o3,28.4
2025-12-17T00:00:00+05:30,Mumbai,o3,28.4
2025-12-18T00:00:00+05:30,Mumbai,o3,28.3
2025-12-19T00:00:00+05:30,Mumbai,o3,28.4
2025-12-24T00:00:00+05:30,Mumbai,o3,28.4
2025-12-25T00:00:00+05:30,Mumbai,o3,28.4
2025-12-26T00:00:00+05:30,Mumbai,o3,28.4
2025-12-27T00:00:00+05:30,Mumbai,o3,28.4
2025-12-28T00:00:00+05:30,Mumbai,o3,28.3
2025-12-29T00:00:00+05:30,Mumbai,o3,28.4
2025-12-30T00:00:00+05:30,Mumbai,o3,28.3
2025-12-31T00:00:00+05:30,Mumbai,o3,28.4
2026-01-01T00:00:00+05:30,Mumbai,o3,28.4
2026-01-02T00:00:00+05:30,Mumbai,o3,28.4
2026-01-03T00:00:00+05:30,Mumbai,o3,28.5
2026-01-04T00:00:00+05:30,Mumbai,o3,28.4
2026-01-05T00:00:00+05:30,Mumbai,o3,28.4
2026-01-06T00:00:00+05:30,Mumbai,o3,28.4
2026-01-07T00:00:00+05:30,Mumbai,o3,28.5
2026-01-08T00:00:00+05:30,Mumbai,o3,28.5
2026-01-09T00:00:00+05:30,Mumbai,o3,28.3
2026-01-10T00:00:00+05:30,Mumbai,o3,28.4
2026-01-20T00:00:00+05:30,Mumbai,o3,28.4
2026-01-21T00:00:00+05:30,Mumbai,o3,28.4
2026-01-22T00:00:00+05:30,Mumbai,o3,28.4
2026-01-23T00:00:00+05:30,Mumbai,o3,28.4
2026-01-24T00:00:00+05:30,Mumbai,o3,28.4
2026-01-25T00:00:00+05:30,Mumbai,o3,28.5
2026-01-26T00:00:00+05:30,Mumbai,o3,28.4
2026-01-27T00:00:00+05:30,Mumbai,o3,28.4
2026-01-28T00:00:00+05:30,Mumbai,o3,28.4
2026-01-29T00:00:00+05:30,Mumbai,o3,28.4
2026-01-30T00:00:00+05:30,Mumbai,o3,28.5
2026-02-02T00:00:00+05:30,Mumbai,o3,28.5
2026-02-03T00:00:00+05:30,Mumbai,o3,28.4
2026-02-04T00:00:00+05:30,Mumbai,o3,28.3
2026-02-05T00:00:00+05:30,Mumbai,o3,28.3
2026-02-06T00:00:00+05:30,Mumbai,o3,28.5
2026-02-07T00:00:00+05:30,Mumbai,o3,28.4
2026-02-08T00:00:00+05:30,Mumbai,o3,28.5
2026-02-09T00:00:00+05:30,Mumbai,o3,28.4
2026-02-10T00:00:00+05:30,Mumbai,o3,28.5
2026-02-11T00:00:00+05:30,Mumbai,o3,28.4
2026-02-12T00:00:00+05:30,Mumbai,o3,28.4
2026-02-13T00:00:00+05:30,Mumbai,o3,28.4
2026-02-14T00:00:00+05:30,Mumbai,o3,28.4
2026-02-15T00:00:00+05:30,Mumbai,o3,28.4
2026-02-16T00:00:00+05:30,Mumbai,o3,28.5
2026-02-17T00:00:00+05:30,Mumbai,o3,28.4
2026-02-18T00:00:00+05:30,Mumbai,o3,28.5
2026-02-19T00:00:00+05:30,Mumbai,o3,28.4
2026-02-20T00:00:00+05:30,Mumbai,o3,28.4
2026-02-21T00:00:00+05:30,Mumbai,o3,28.4
2026-02-24T00:00:00+05:30,Mumbai,o3,28.3
2026-02-25T00:00:00+05:30,Mumbai,o3,28.4
2026-02-26T00:00:00+05:30,Mumbai,o3,28.3
2026-02-27T00:00:00+05:30,Mumbai,o3,28.4
2026-02-28T00:00:00+05:30,Mumbai,o3,28.4
2026-03-02T00:00:00+05:30,Mumbai,o3,28.4
2026-03-03T00:00:00+05:30,Mumbai,o3,28.4
2026-03-04T00:00:00+05:30,Mumbai,o3,28.4
2026-03-05T00:00:00+05:30,Mumbai,o3,28.5
2026-03-06T00:00:00+05:30,Mumbai,o3,28.4
2026-03-08T00:00:00+05:30,Mumbai,o3,28.3
2026-03-10T00:00:00+05:30,Mumbai,o3,28.4
2026-03-11T00:00:00+05:30,Mumbai,o3,28.4
2026-03-12T00:00:00+05:30,Mumbai,o3,28.4
2026-03-13T00:00:00+05:30,Mumbai,o3,28.4
2026-03-14T00:00:00+05:30,Mumbai,o3,28.5
2026-03-15T00:00:00+05:30,Mumbai,o3,28.4
2026-03-16T00:00:00+05:30,Mumbai,o3,28.6
2026-03-17T00:00:00+05:30,Mumbai,o3,28.6
2026-03-18T00:00:00+05:30,Mumbai,o3,28.4
2026-03-19T00:00:00+05:30,Mumbai,o3,28.5
2026-03-20T00:00:00+05:30,Mumbai,o3,28.5
2026-03-21T00:00:00+05:30,Mumbai,o3,28.4
2026-03-22T00:00:00+05:30,Mumbai,o3,28.3
2026-03-23T00:00:00+05:30,Mumbai,o3,28.5
2026-03-24T00:00:00+05:30,Mumbai,o3,28.4
2026-03-25T00:00:00+05:30,Mumbai,o3,28.4
2026-03-26T00:00:00+05:30,Mumbai,o3,28.4
2026-03-27T00:00:00+05:30,Mumbai,o3,28.4
2026-03-28T00:00:00+05:30,Mumbai,o3,28.5
2026-03-29T00:00:00+05:30,Mumbai,o3,28.6
2026-03-30T00:00:00+05:30,Mumbai,o3,28.4
2026-04-01T00:00:00+05:30,Mumbai,o3,28.4
2026-04-02T00:00:00+05:30,Mumbai,o3,28.5
2026-04-03T00:00:00+05:30,Mumbai,o3,28.4
2026-04-04T00:00:00+05:30,Mumbai,o3,28.5
2026-04-05T00:00:00+05:30,Mumbai,o3,28.4
2026-04-06T00:00:00+05:30,Mumbai,o3,28.4
2026-04-07T00:00:00+05:30,Mumbai,o3,28.5
2026-04-08T00:00:00+05:30,Mumbai,o3,28.4
2026-04-09T00:00:00+05:30,Mumbai,o3,28.4
2026-04-10T00:00:00+05:30,Mumbai,o3,28.3
2026-04-11T00:00:00+05:30,Mumbai,o3,28.4
2026-04-12T00:00:00+05:30,Mumbai,o3,28.3
2026-04-13T00:00:00+05:30,Mumbai,o3,28.4
2026-04-14T00:00:00+05:30,Mumbai,o3,28.4
2026-04-16T00:00:00+05:30,Mumbai,o3,28.5
2026-04-17T00:00:00+05:30,Mumbai,o3,28.4
2026-04-18T00:00:00+05:30,Mumbai,o3,28.3
2026-04-19T00:00:00+05:30,Mumbai,o3,28.3
2026-04-20T00:00:00+05:30,Mumbai,o3,28.5
2026-04-21T00:00:00+05:30,Mumbai,o3,28.2
2026-04-22T00:00:00+05:30,Mumbai,o3,28.3
2026-04-23T00:00:00+05:30,Mumbai,o3,28.4
2026-04-24T00:00:00+05:30,Mumbai,o3,28.4
2026-04-25T00:00:00+05:30,Mumbai,o3,28.4
2026-04-26T00:00:00+05:30,Mumbai,o3,28.5
2026-04-27T00:00:00+05:30,Mumbai,o3,28.4
2026-04-28T00:00:00+05:30,Mumbai,o3,28.4
2026-04-29T00:00:00+05:30,Mumbai,o3,28.5
2026-04-30T00:00:00+05:30,Mumbai,o3,28.4
2026-05-01T00:00:00+05:30,Mumbai,o3,28.4
2026-05-02T00:00:00+05:30,Mumbai,o3,28.5
2026-05-03T00:00:00+05:30,Mumbai,o3,28.5
2026-05-04T00:00:00+05:30,Mumbai,o3,28.5
2026-05-05T00:00:00+05:30,Mumbai,o3,28.5
2026-05-06T00:00:00+05:30,Mumbai,o3,28.5
2026-05-07T00:00:00+05:30,Mumbai,o3,28.5
2026-05-08T00:00:00+05:30,Mumbai,o3,28.4
2026-05-11T00:00:00+05:30,Mumbai,o3,28.4
2026-05-12T00:00:00+05:30,Mumbai,o3,28.4
2026-05-13T00:00:00+05:30,Mumbai,o3,28.5
2026-05-14T00:00:00+05:30,Mumbai,o3,28.4
2026-05-15T00:00:00+05:30,Mumbai,o3,28.4
2026-05-16T00:00:00+05:30,Mumbai,o3,28.5
2026-05-17T00:00:00+05:30,Mumbai,o3,28.5
2026-05-18T00:00:00+05:30,Mumbai,o3,28.4
2026-05-19T00:00:00+05:30,Mumbai,o3,28.4
2026-05-20T00:00:00+05:30,Mumbai,o3,28.4
2026-05-21T00:00:00+05:30,Mumbai,o3,28.4
2026-05-22T00:00:00+05:30,Mumbai,o3,28.4
2026-05-23T00:00:00+05:30,Mumbai,o3,28.4
2026-05-24T00:00:00+05:30,Mumbai,o3,28.5
2026-05-25T00:00:00+05:30,Mumbai,o3,28.4
2026-05-26T00:00:00+05:30,Mumbai,o3,28.4
2026-05-27T00:00:00+05:30,Mumbai,o3,28.5
2026-05-28T00:00:00+05:30,Mumbai,o3,28.4
2026-05-29T00:00:00+05:30,Mumbai,o3,28.4
2026-05-30T00:00:00+05:30,Mumbai,o3,28.4
2026-06-01T00:00:00+05:30,Mumbai,o3,28.4
2026-06-02T00:00:00+05:30,Mumbai,o3,28.4
2026-06-03T00:00:00+05:30,Mumbai,o3,28.4
2026-06-04T00:00:00+05:30,Mumbai,o3,28.4
2026-06-09T00:00:00+05:30,Mumbai,o3,28.4
2026-06-10T00:00:00+05:30,Mumbai,o3,28.4
2026-06-11T00:00:00+05:30,Mumbai,o3,28.4
2026-06-12T00:00:00+05:30,Mumbai,o3,28.4
2026-06-13T00:00:00+05:30,Mumbai,o3,28.4
2026-06-14T00:00:00+05:30,Mumbai,o3,28.4
2026-06-15T00:00:00+05:30,Mumbai,o3,28.5
2026-06-16T00:00:00+05:30,Mumbai,o3,28.4
2026-06-17T00:00:00+05:30,Mumbai,o3,28.4
2026-06-18T00:00:00+05:30,Mumbai,o3,28.4
2026-06-19T00:00:00+05:30,Mumbai,o3,28.4
2026-06-20T00:00:00+05:30,Mumbai,o3,28.4
2026-06-21T00:00:00+05:30,Mumbai,o3,28.4
2026-06-22T00:00:00+05:30,Mumbai,o3,28.4
2026-06-23T00:00:00+05:30,Mumbai,o3,28.5
2026-06-25T00:00:00+05:30,Mumbai,o3,28.4
2026-06-26T00:00:00+05:30,Mumbai,o3,28.5
2026-06-27T00:00:00+05:30,Mumbai,o3,28.4
2026-06-28T00:00:00+05:30,Mumbai,o3,28.4
2026-06-29T00:00:00+05:30,Mumbai,o3,28.5
2026-06-30T00:00:00+05:30,Mumbai,o3,28.4
2026-07-01T00:00:00+05:30,Mumbai,o3,28.4
2026-07-02T00:00:00+05:30,Mumbai,o3,28.4
2026-07-03T00:00:00+05:30,Mumbai,o3,28.4
2026-07-04T00:00:00+05:30,Mumbai,o3,28.4
2026-07-05T00:00:00+05:30,Mumbai,o3,28.4
2026-07-06T00:00:00+05:30,Mumbai,o3,28.4
2026-07-07T00:00:00+05:30,Mumbai,o3,28.4
2026-07-08T00:00:00+05:30,Mumbai,o3,28.3
2026-07-09T00:00:00+05:30,Mumbai,o3,28.4
2026-07-10T00:00:00+05:30,Mumbai,o3,28.4
2026-07-11T00:00:00+05:30,Mumbai,o3,28.4
2026-07-12T00:00:00+05:30,Mumbai,o3,28.4
2026-07-13T00:00:00+05:30,Mumbai,o3,28.4
2026-07-14T00:00:00+05:30,Mumbai,o3,28.4
2026-07-15T00:00:00+05:30,Mumbai,o3,28.4
2026-07-16T00:00:00+05:30,Mumbai,o3,28.4
2026-07-17T00:00:00+05:30,Mumbai,o3,28.4
2026-07-18T00:00:00+05:30,Mumbai,o3,28.4
2026-07-19T00:00:00+05:30,Mumbai,o3,28.4
2026-07-20T00:00:00+05:30,Mumbai,o3,28.4
2026-07-21T00:00:00+05:30,Mumbai,o3,28.4
2026-07-22T00:00:00+05:30,Mumbai,o3,28.4
2026-07-23T00:00:00+05:30,Mumbai,o3,28.4
2026-07-24T00:00:00+05:30,Mumbai,o3,28.4
2026-07-25T00:00:00+05:30,Mumbai,o3,28.4
2026-07-26T00:00:00+05:30,Mumbai,o3,28.4
2026-07-27T00:00:00+05:30,Mumbai,o3,28.4
2026-07-28T00:00:00+05:30,Mumbai,o3,28.4
2026-07-29T00:00:00+05:30,Mumbai,o3,28.4
2026-08-04T00:00:00+05:30,Mumbai,o3,28.4
2026-08-05T00:00:00+05:30,Mumbai,o3,28.4
2026-08-06T00:00:00+05:30,Mumbai,o3,28.4
2026-08-07T00:00:00+05:30,Mumbai,o3,28.4
2026-08-08T00:00:00+05:30,Mumbai,o3,28.4
2026-08-09T00:00:00+05:30,Mumbai,o3,28.4
2026-08-10T00:00:00+05:30,Mumbai,o3,28.3
2026-08-11T00:00:00+05:30,Mumbai,o3,28.4
2026-08-12T00:00:00+05:30,Mumbai,o3,28.4
2026-08-13T00:00:00+05:30,Mumbai,o3,28.4
2026-08-14T00:00:00+05:30,Mumbai,o3,28.4
2026-08-15T00:00:00+05:30,Mumbai,o3,28.4
2026-08-16T00:00:00+05:30,Mumbai,o3,28.4
2026-08-17T00:00:00+05:30,Mumbai,o3,28.4
2026-08-18T00:00:00+05:30,Mumbai,o3,28.4
2026-08-19T00:00:00+05:30,Mumbai,o3,28.4
2026-08-20T00:00:00+05:30,Mumbai,o3,28.3
2026-08-21T00:00:00+05:30,Mumbai,o3,28.4
2026-08-22T00:00:00+05:30,Mumbai,o3,28.4
2026-08-23T00:00:00+05:30,Mumbai,o3,28.4
2026-08-24T00:00:00+05:30,Mumbai,o3,28.3
2026-08-25T00:00:00+05:30,Mumbai,o3,28.4
2026-08-26T00:00:00+05:30,Mumbai,o3,28.4
2026-08-27T00:00:00+05:30,Mumbai,o3,28.4
2026-08-28T00:00:00+05:30,Mumbai,o3,28.9
2026-08-29T00:00:00+05:30,Mumbai,o3,28.4
2026-08-30T00:00:00+05:30,Mumbai,o3,28.3
2026-08-31T00:00:00+05:30,Mumbai,o3,28.4
2026-09-01T00:00:00+05:30,Mumbai,o3,28.4
2026-09-02T00:00:00+05:30,Mumbai,o3,28.4
2026-09-03T00:00:00+05:30,Mumbai,o3,28.4
2026-09-04T00:00:00+05:30,Mumbai,o3,28.4
2026-09-05T00:00:00+05:30,Mumbai,o3,28.4
2026-09-06T00:00:00+05:30,Mumbai,o3,28.4
2026-09-07T00:00:00+05:30,Mumbai,o3,28.4
